﻿<xml><article id="30079520" name="Portaria da Comissao Licitacao 0" idOficio="9348531" pubName="DO2" artType="Portaria" pubDate="13/01/2023" artClass="00048:00298:00000:00000:00000:00000:00000:00000:00000:00000:00017:00000" artCategory="Entidades de Fiscalização do Exercício das Profissões Liberais/CONSELHO REGIONAL DE FARMÁCIA DO ESTADO DA BAHIA" artSize="12" artNotes="" numberPage="56" pdfPage="http://pesquisa.in.gov.br/imprensa/jsp/visualiza/index.jsp?data=13/01/2023&amp;jornal=529&amp;pagina=56" editionNumber="10" highlightType="" highlightPriority="" highlight="" highlightimage="" highlightimagename="" idMateria="20252418">
  <body>
    <Identifica><![CDATA[ PORTARIA Nº 1, de 2 DE JANEIRO DE 2023]]></Identifica>
    <Data><![CDATA[]]></Data>
    <Ementa />
    <Titulo />
    <SubTitulo />
    <Texto><![CDATA[<p class="identifica">PORTARIA Nº 1, de 2 DE JANEIRO DE 2023</p><p>O Presidente do Conselho Regional de Farmácia do Estado da Bahia, no uso das atribuições que lhe são conferidas pela Lei 3.820/60, de 11 de novembro de 1960; Considerando o disposto na Lei 8.666/93., resolve:</p><p>Artigo 1º - Nomear os membros da Comissão Permanente de Licitação do CRF/BA, para o exercício de 2023, assim composta:</p><p>Maria de Fátima Pereira dos Santos - Presidente</p><p>Tâmara Vieira Cavalcante</p><p>Rose Cintia Soares Teixeira</p><p>Débora Mônica Cardoso Monteiro - Suplente</p><p>Artigo 2º - A presente Portaria entra em vigor na data de sua publicação, com vigência até 31/12/2023, ficando revogada a Portaria nº 003/2022 e demais disposições em contrário.</p><p class="assina">Mário Martinelli Júnior</p>]]></Texto>
  </body>
  <Midias />
</article></xml>