﻿<xml><article id="30079805" name="2. Port 13 - Dispensa MARIANA AL" idOficio="9348636" pubName="DO2" artType="Portaria" pubDate="13/01/2023" artClass="00018:00001:00000:00000:00000:00000:00000:00000:00000:00000:00017:00001" artCategory="Ministério da Educação/Gabinete do Ministro" artSize="12" artNotes="" numberPage="19" pdfPage="http://pesquisa.in.gov.br/imprensa/jsp/visualiza/index.jsp?data=13/01/2023&amp;jornal=529&amp;pagina=19" editionNumber="10" highlightType="" highlightPriority="" highlight="" highlightimage="" highlightimagename="" idMateria="20252592">
  <body>
    <Identifica><![CDATA[ PORTARIA Nº 13, DE 11 DE JANEIRO DE 2023]]></Identifica>
    <Data><![CDATA[]]></Data>
    <Ementa />
    <Titulo />
    <SubTitulo />
    <Texto><![CDATA[<p class="identifica">PORTARIA Nº 13, DE 11 DE JANEIRO DE 2023</p><p>O MINISTRO DE ESTADO DA EDUCAÇÃO, no uso da atribuição que lhe confere o art. 87, parágrafo único, inciso IV, da Constituição, e em observância ao disposto no art. 38 da Lei nº 8.112, de 11 de dezembro de 1990, bem como no Decreto nº 10.195, de 30 de dezembro de 2019, resolve:</p><p>DISPENSAR MARIANA ALMEIDA DE FARIA, matrícula Siape nº 1515019, do encargo de substituto eventual do cargo de Coordenador-Geral, código DAS 101.4, da Coordenação-Geral de Articulação de Redes Educacionais da Diretoria de Políticas de Alfabetização da Secretaria de Alfabetização deste Ministério, a contar de 28 de dezembro de 2022.</p><p class="assina">CAMILO SOBREIRA DE SANTANA</p>]]></Texto>
  </body>
  <Midias />
</article></xml>