﻿<xml><article id="30082247" name="ME remove Ibrahim 12 01 23" idOficio="9348840" pubName="DO2" artType="Portaria" pubDate="13/01/2023" artClass="00025:00001:00000:00000:00000:00000:00000:00000:00000:00000:00017:00004" artCategory="Ministério das Relações Exteriores/Gabinete do Ministro" artSize="12" artNotes="" numberPage="41" pdfPage="http://pesquisa.in.gov.br/imprensa/jsp/visualiza/index.jsp?data=13/01/2023&amp;jornal=529&amp;pagina=41" editionNumber="10" highlightType="" highlightPriority="" highlight="" highlightimage="" highlightimagename="" idMateria="20252799">
  <body>
    <Identifica><![CDATA[ PORTARIA Nº 16, DE 11 DE JANEIRO DE 2023]]></Identifica>
    <Data><![CDATA[]]></Data>
    <Ementa />
    <Titulo />
    <SubTitulo />
    <Texto><![CDATA[<p class="identifica">PORTARIA Nº 16, DE 11 DE JANEIRO DE 2023</p><p>O MINISTRO DE ESTADO DAS RELAÇÕES EXTERIORES, de acordo com os artigos 75, inciso II, e 78 do Anexo I ao Decreto nº 11.024, de 31 de março de 2022, e nos termos da Lei nº 11.440, de 29 de dezembro de 2006, resolve:</p><p>Remover, ex officio, IBRAHIM ABDUL-HAK NETO, ministro de segunda classe da carreira de diplomata do Ministério das Relações Exteriores, da embaixada do Brasil em Beirute para a Secretaria de Estado.</p><p class="assina">MAURO VIEIRA</p>]]></Texto>
  </body>
  <Midias />
</article></xml>