﻿<xml><article id="30083349" name="12.01 - Portaria 118 e 119 - Sub" idOficio="9349100" pubName="DO2" artType="Portaria" pubDate="13/01/2023" artClass="00018:00055:00001:00000:00000:00000:00000:00000:00000:00000:00017:00000" artCategory="Ministério da Educação/Instituto Federal de Educação, Ciência e Tecnologia Goiano/Reitoria" artSize="12" artNotes="" numberPage="21" pdfPage="http://pesquisa.in.gov.br/imprensa/jsp/visualiza/index.jsp?data=13/01/2023&amp;jornal=529&amp;pagina=21" editionNumber="10" highlightType="" highlightPriority="" highlight="" highlightimage="" highlightimagename="" idMateria="20253083">
  <body>
    <Identifica><![CDATA[ PORTARIA Nº 118/REI/IFGOIANO, DE 12 DE JANEIRO DE 2023]]></Identifica>
    <Data><![CDATA[]]></Data>
    <Ementa />
    <Titulo />
    <SubTitulo />
    <Texto><![CDATA[<p class="identifica">PORTARIA Nº 118/REI/IFGOIANO, DE 12 DE JANEIRO DE 2023</p><p>O Reitor Substituto do Instituto Federal de Educação, Ciência e Tecnologia Goiano, no uso de suas atribuições legais, conferidas pela Portaria Nº 544/2020, de 18 de março de 2020, publicada no DOU de 19 de março de 2020, Seção 02, página 26, considerando a Lei nº 11.892, de 29 de dezembro de 2008, publicada no DOU de 30 de dezembro de 2008 e o que consta no Processo nº 23216.001726/2021-72, resolve:</p><p>Art. 1º Exonerar a servidora Érika Lemes de Andrade, ocupante do cargo de Administradora, Matrícula SIAPE 1652780, do cargo em comissão de Diretora Substituta da Agência IF Goiano de Inovação Tecnológica - CD-03, do Instituto Federal Goiano.</p><p>Art. 2º Esta Portaria entra em vigor a partir de sua publicação.</p><p class="assina">Gilson Dourado da Silva</p><p></p><p class="identifica">PORTARIA Nº 119/REI/IFGOIANO, DE 12 DE JANEIRO DE 2023</p><p>O Reitor Substituto do Instituto Federal de Educação, Ciência e Tecnologia Goiano, no uso de suas atribuições legais, conferidas pela Portaria Nº 544/2020, de 18 de março de 2020, publicada no DOU de 19 de março de 2020, Seção 02, página 26, considerando a Lei nº 11.892, de 29 de dezembro de 2008, publicada no DOU de 30 de dezembro de 2008 e o que consta no Processo nº 23216.001726/2021-72, resolve:</p><p>Art. 1º Nomear a servidora Luiza Luanna Amorim Purcena, ocupante do cargo de Professora do Ensino Básico, Técnico e Tecnológico, Matrícula SIAPE 2190031, para o cargo em comissão de Diretora Substituta da Agência IF Goiano de Inovação Tecnológica - CD-03, do Instituto Federal Goiano.</p><p>Art. 2º Esta Portaria entra em vigor a partir de sua publicação.</p><p class="assina">Gilson Dourado da Silva</p><p></p>]]></Texto>
  </body>
  <Midias />
</article></xml>