﻿<xml><article id="30079703" name="2022-12-26 - ATO PORTARIA SEGAP " idOficio="9317997" pubName="DO2" artType="Portaria" pubDate="13/01/2023" artClass="00026:00002:00009:00030:00011:00000:00000:00000:00000:00000:00017:00000" artCategory="Ministério da Saúde/Secretaria Executiva/Departamento de Gestão Interfederativa e Participativa/Superintendência Estadual do Ministério da Saúde no Paraná/Serviço de Gestão Administrativa e de Pessoas" artSize="12" artNotes="" numberPage="41" pdfPage="http://pesquisa.in.gov.br/imprensa/jsp/visualiza/index.jsp?data=13/01/2023&amp;jornal=529&amp;pagina=41" editionNumber="10" highlightType="" highlightPriority="" highlight="" highlightimage="" highlightimagename="" idMateria="20209784">
  <body>
    <Identifica><![CDATA[ PORTARIA SEGAD/PR Nº 243, de 26 DE DEZEMBRO DE 2022]]></Identifica>
    <Data><![CDATA[]]></Data>
    <Ementa />
    <Titulo />
    <SubTitulo />
    <Texto><![CDATA[<p class="identifica">PORTARIA SEGAD/PR Nº 243, de 26 DE DEZEMBRO DE 2022</p><p>A Chefe do Serviço de Gestão Administrativa e de Pessoas da Superintendência Estadual do Ministério da Saúde no Paraná, no uso de suas competências conferidas pelo Decreto n° 11.0985, de 20/06/2022, publicado no Diário Oficial da União de 21/06/2022, resolve:</p><p>Art. 1º - Conceder Aposentadoria Voluntária ao Tempo de Contribuição ao servidor CLÓVIS ALBERTO MACIOSZEK, matrícula SIAPE 0569060, ocupante do cargo Agente Administrativo, nível intermediário, classe S, padrão III, do quadro do Ministério da Saúde no Paraná, com base no Art. 4º, incisos I, II, III, IV e V, § 1º, § 2º, § 3º, § 6º inciso II, § 7º inciso II, com proventos calculados com base no Art. 26, § 2º, inciso I, § 7º, da Emenda Constitucional nº 103, de 12/11/2019. (Processo nº 25023.000915/2022-00)</p><p class="assina">ANA CLAUDIA CORREA DE SOUZA</p>]]></Texto>
  </body>
  <Midias />
</article></xml>