﻿<xml><article id="30086495" name="presatta1301a" idOficio="9349655" pubName="DO2" artType="Ato" pubDate="13/01/2023" artClass="00047:00009:00000:00000:00000:00000:00000:00000:00000:00000:00001:00000" artCategory="Poder Judiciário/Tribunal Regional Federal da 3ª Região" artSize="12" artNotes="" numberPage="51" pdfPage="http://pesquisa.in.gov.br/imprensa/jsp/visualiza/index.jsp?data=13/01/2023&amp;jornal=529&amp;pagina=51" editionNumber="10" highlightType="" highlightPriority="" highlight="" highlightimage="" highlightimagename="" idMateria="20253797">
  <body>
    <Identifica><![CDATA[ ATO Nº 4.412, DE 10 DE JANEIRO DE 2023]]></Identifica>
    <Data><![CDATA[]]></Data>
    <Ementa />
    <Titulo />
    <SubTitulo />
    <Texto><![CDATA[<p class="identifica">ATO Nº 4.412, DE 10 DE JANEIRO DE 2023</p><p>A PRESIDENTE DO TRIBUNAL REGIONAL FEDERAL DA 3.ª REGIÃO, no uso das atribuições que lhe confere o art. 96, inciso I, alínea "b", da Constituição da República, e tendo em vista o que consta do Processo Administrativo n.º 0047162-56.2022.4.03.8000-SEI, resolve:</p><p>Conceder APOSENTADORIA VOLUNTÁRIA POR TEMPO DE CONTRIBUIÇÃO, com proventos integrais, nos termos do art. 6.º da EC n.º 41/2003, observado o art. 2.º da EC n.º 47/2005 e assegurado pelo art. 3.º da EC n.º 103/2019, à servidora MARIA DO CARMO DIAS DE ALMEIDA ARTUSO, RF n.º 1284, ocupante do cargo de Técnico Judiciário, Área Administrativa, Classe "C", Padrão 13, do Quadro Permanente de Pessoal do Tribunal Regional Federal da 3.ª Região, com a vantagem pessoal nominalmente identificada prevista no art. 62-A da Lei n.º 8.112/1990, com redação da Medida Provisória n.º 2.225-45/2001, incorporada nos critérios da redação original do art. 62, § 2.º da Lei n.º 8.112/1990, combinado com o art. 3.º da Lei n.º 8.911/1994, e nos termos dos arts. 3.º e 5.º da Lei n.º 9.624/1998; com o adicional por tempo de serviço, previsto no art. 67 da Lei n.º 8.112/1990 e alterações posteriores; e com o adicional de qualificação (graduação), previsto nos arts. 14, § 6.º, e 15, inciso VI, § 1.º, da Lei n.º 11.416/2006, com redação da Lei n.º 13.317/2016, observado o decidido pelo STF no RE 638.115 em relação à incorporação de quintos por via administrativa.</p><p class="assina">MARISA FERREIRA DOS SANTOS</p>]]></Texto>
  </body>
  <Midias />
</article></xml>