﻿<xml><article id="30083292" name="260" idOficio="9349061" pubName="DO2" artType="Portaria" pubDate="13/01/2023" artClass="00018:00111:00017:00000:00000:00000:00000:00000:00000:00000:00017:00001" artCategory="Ministério da Educação/Universidade Federal do Rio de Janeiro/Pró-Reitoria de Pessoal" artSize="12" artNotes="" numberPage="31" pdfPage="http://pesquisa.in.gov.br/imprensa/jsp/visualiza/index.jsp?data=13/01/2023&amp;jornal=529&amp;pagina=31" editionNumber="10" highlightType="" highlightPriority="" highlight="" highlightimage="" highlightimagename="" idMateria="20253032">
  <body>
    <Identifica><![CDATA[ PORTARIA Nº 260, de 10 DE JANEIRO DE 2023]]></Identifica>
    <Data><![CDATA[]]></Data>
    <Ementa />
    <Titulo />
    <SubTitulo />
    <Texto><![CDATA[<p class="identifica">PORTARIA Nº 260, de 10 DE JANEIRO DE 2023</p><p>O Pró-Reitor de Pessoal da Universidade Federal do Rio de Janeiro, no uso da competência delegada pela Portaria nº 10.120, de 16 de dezembro de 2021, publicada no Diário Oficial da União nº 237 de 17 de dezembro de 2021 e considerando o disposto no Processo n° 23079.234859/2022-26, resolve:</p><p>Conceder pensão temporária a Catia Ferreira Balieiro, filho(a) inválido(a) do(a) ex-servidor(a) Maria Jorge Ferreira Balieiro, matrícula SIAPE nº 0363036, cargo Assistente em Administração, Nível de Classificação D, Nível de Capacitação 1, Padrão de Vencimento 09, com fundamento no art. 23 da Emenda Constitucional 103/2019; na Emenda Constitucional nº 41/2003, c/c o art. 2º, inciso I, da Lei nº 10.887/2004, art. 217, inciso IV, alínea b e art. 222, III, da Lei nº 8.112/1990, conforme redação conferida pela Lei nº 13.135/2015 e pela Portaria ME Nº 424, de 29 de dezembro de 2020, observado também o art. 3º, §1º da EC 103/2019, a partir de 02/08/2022, data do óbito do Instituidor, com fundamento no art. 219, inciso I, da Lei 8112/1990.</p><p class="assina">Alexandre Brasil Carvalho da Fonseca</p>]]></Texto>
  </body>
  <Midias />
</article></xml>