﻿<xml><article id="30083153" name="PORTARIA DE PESSOAL NA 3" idOficio="9349047" pubName="DO2" artType="Portaria" pubDate="13/01/2023" artClass="00007:00001:00000:00000:00000:00000:00000:00000:00000:00000:00017:00000" artCategory="Ministério da Agricultura, Pecuária e Abastecimento/Gabinete do Ministro" artSize="12" artNotes="" numberPage="4" pdfPage="http://pesquisa.in.gov.br/imprensa/jsp/visualiza/index.jsp?data=13/01/2023&amp;jornal=529&amp;pagina=4" editionNumber="10" highlightType="" highlightPriority="" highlight="" highlightimage="" highlightimagename="" idMateria="20252978">
  <body>
    <Identifica><![CDATA[ PORTARIA DE PESSOAL Nº 3, DE 12 DE JANEIRO DE 2023]]></Identifica>
    <Data><![CDATA[]]></Data>
    <Ementa />
    <Titulo />
    <SubTitulo />
    <Texto><![CDATA[<p class="identifica">PORTARIA DE PESSOAL Nº 3, DE 12 DE JANEIRO DE 2023</p><p>O MINISTRO DE ESTADO DA AGRICULTURA, PECUÁRIA E ABASTECIMENTO, no uso da competência prevista no art. 38 da Lei nº 8.112, de 11 de dezembro de 1990, e considerando as disposições da Lei nº 14.204, de 16 de setembro de 2021, do Decreto nº 10.829, de 5 de outubro de 2021, do Decreto nº 11.231, de 10 de outubro de 2022, e o que consta no Processo SEI nº 21000.121717/2022-88, resolve:</p><p>DISPENSAR, a pedido, ADRIANA CAVALCANTI DE SOUZA, matrícula SIAPE nº 1634104, do encargo de substituta do Secretário-Adjunto, código FCE 1.16, da Secretaria de Defesa Agropecuária.</p><p class="assina">CARLOS FÁVARO</p>]]></Texto>
  </body>
  <Midias />
</article></xml>