﻿<xml><article id="30083565" name="PT GABAER 38 GC1 2023" idOficio="9349116" pubName="DO2" artType="Portaria" pubDate="13/01/2023" artClass="00013:00010:00001:00006:00000:00000:00000:00000:00000:00000:00017:00001" artCategory="Ministério da Defesa/Comando da Aeronáutica/Gabinete do Comandante/Assessoria de Recursos Humanos" artSize="12" artNotes="" numberPage="6" pdfPage="http://pesquisa.in.gov.br/imprensa/jsp/visualiza/index.jsp?data=13/01/2023&amp;jornal=529&amp;pagina=6" editionNumber="10" highlightType="" highlightPriority="" highlight="" highlightimage="" highlightimagename="" idMateria="20253147">
  <body>
    <Identifica><![CDATA[ PORTARIA GABAER Nº 38/GC1, DE 11 DE JANEIRO DE 2023]]></Identifica>
    <Data><![CDATA[]]></Data>
    <Ementa />
    <Titulo />
    <SubTitulo />
    <Texto><![CDATA[<p class="identifica">PORTARIA GABAER Nº 38/GC1, DE 11 DE JANEIRO DE 2023</p><p>O CHEFE DO GABINETE DO COMANDANTE DA AERONÁUTICA, de acordo com a delegação de competência do art. 1º da Portaria GABAER nº 157/GC1, de 5 de outubro de 2021, e o que consta do Processo nº 67000.000315/2023-22, resolve:</p><p>DISPENSAR, por necessidade do serviço, ex officio, Cabo SGS MARCOS FELIPE DA SILVA FLORENCIO (Nr Ord 6721753) de ficar à disposição do Gabinete de Segurança Institucional da Presidência da República e de prestar serviço naquele órgão.</p><p class="assina">Maj Brig Ar ARY SOARES MESQUITA</p>]]></Texto>
  </body>
  <Midias />
</article></xml>