﻿<xml><article id="30092445" name="PORTARIA EMCFA-MD NA 142" idOficio="9350698" pubName="DO2" artType="Portaria" pubDate="13/01/2023" artClass="00013:00034:00000:00000:00000:00000:00000:00000:00000:00000:00017:00009" artCategory="Ministério da Defesa/Estado-Maior Conjunto das Forças Armadas" artSize="12" artNotes="" numberPage="10" pdfPage="http://pesquisa.in.gov.br/imprensa/jsp/visualiza/index.jsp?data=13/01/2023&amp;jornal=529&amp;pagina=10" editionNumber="10" highlightType="" highlightPriority="" highlight="" highlightimage="" highlightimagename="" idMateria="20255297">
  <body>
    <Identifica><![CDATA[ PORTARIA EMCFA-MD  Nº  142, DE 9 DE JANEIRO DE 2023]]></Identifica>
    <Data><![CDATA[]]></Data>
    <Ementa />
    <Titulo />
    <SubTitulo />
    <Texto><![CDATA[<p class="identifica">PORTARIA EMCFA-MD Nº 142, DE 9 DE JANEIRO DE 2023</p><p>CHEFE DO ESTADO-MAIOR CONJUNTO DAS FORÇAS ARMADAS, no uso da competência subdelegada pelo Ministro da Defesa, de acordo com o inciso I do art. 2º e o art. 3º da Portaria nº 3.320/GM-MD, de 6 de outubro de 2020, e conforme o disposto no inciso II do art. 15 da Lei Complementar nº 97, de 9 de junho de 1999, alterada pela Lei Complementar nº 136, de 25 de agosto de 2010, no parágrafo único do art. 1º do Decreto nº 8.798, de 4 de julho de 2016, alterado pelo Decreto nº 9.548, de 31 de outubro de 2018, e nos Processos Administrativos nº 09243.000659/2022-00 e nº 09243.000831/2022-17, resolve:</p><p>DESIGNAR, o Capitão (EB) JONATHAS SOUZA SILVEIRA, do Comando do Exército, para exercer função individual de natureza militar na Missão das Nações Unidas no Sudão do Sul (UNMISS), como "United Nations Military Observer", no período de 3 de março de 2023 a 2 de março de 2024, com ônus a cargo do Comando do Exército e da Organização das Nações Unidas.</p><p>A missão acima é considerada do tipo transitória, de natureza militar, com mudança de sede e sem dependentes, estando enquadrada na alínea "b" do inciso I e na alínea "b" do inciso II do art. 3º, combinados com o inciso IV e a alínea "a" do § 1º do art. 5º, todos da Lei nº 5.809, de 10 de outubro de 1972, regulamentada pelo Decreto nº 71.733, de 18 de janeiro de 1973, e suas alterações.</p><p class="assina">RENATO RODRIGUES DE AGUIAR FREIRE-Almirante de Esquadra</p>]]></Texto>
  </body>
  <Midias />
</article></xml>