﻿<xml><article id="30085714" name="PP2023-0016" idOficio="9349504" pubName="DO2" artType="Portaria" pubDate="13/01/2023" artClass="00019:00034:00000:00000:00000:00000:00000:00000:00000:00000:00013:00003" artCategory="Ministério da Infraestrutura/Agência Nacional de Aviação Civil" artSize="12" artNotes="" numberPage="38" pdfPage="http://pesquisa.in.gov.br/imprensa/jsp/visualiza/index.jsp?data=13/01/2023&amp;jornal=529&amp;pagina=38" editionNumber="10" highlightType="" highlightPriority="" highlight="" highlightimage="" highlightimagename="" idMateria="20253593">
  <body>
    <Identifica><![CDATA[ PORTARIA DE PESSOAL Nº 16, DE 5 DE JANEIRO DE 2023]]></Identifica>
    <Data><![CDATA[]]></Data>
    <Ementa />
    <Titulo />
    <SubTitulo />
    <Texto><![CDATA[<p class="identifica">PORTARIA DE PESSOAL Nº 16, DE 5 DE JANEIRO DE 2023</p><p>O DIRETOR-PRESIDENTE SUBSTITUTO DA AGÊNCIA NACIONAL DE AVIAÇÃO CIVIL - ANAC, no uso das atribuições que lhe conferem os arts. 16 da Lei nº 11.182, de 27 de setembro de 2005, e 35, inciso II, do Anexo I do Decreto nº 5.731, de 20 de março de 2006, tendo em vista o Regimento Interno aprovado pela Resolução nº 381, de 14 de junho de 2016, considerando o que consta do processo nº 00058.059301/2022-06, resolve:</p><p>EXONERAR ZILDINEUSA SANTOS MONTENEGRO, matrícula SIAPE nº 1962346, do Cargo em Comissão de Assistente, código CAS I, da Gerência Técnica de Assessoramento, da Superintendência de Infraestrutura Aeroportuária, desta Agência - Representação Regional do Rio de Janeiro (RJ), a contar de 06 de outubro de 2022.</p><p class="assina">TIAGO SOUSA PEREIRA</p>]]></Texto>
  </body>
  <Midias />
</article></xml>