﻿<xml><article id="30093339" name="PORTARIA NA 673" idOficio="9350835" pubName="DO2" artType="Portaria" pubDate="13/01/2023" artClass="00015:00041:00034:00008:00009:00000:00000:00000:00000:00000:00017:00041" artCategory="Ministério da Economia/Secretaria Especial de Desburocratização, Gestão e Governo Digital/Secretaria de Gestão e Desempenho de Pessoal/Departamento de Centralização de Serviços de Inativos, Pensionistas e Órgãos Extintos/Divisão de Pessoal no Ex-Território Federal de Rondônia" artSize="12" artNotes="" numberPage="17" pdfPage="http://pesquisa.in.gov.br/imprensa/jsp/visualiza/index.jsp?data=13/01/2023&amp;jornal=529&amp;pagina=17" editionNumber="10" highlightType="" highlightPriority="" highlight="" highlightimage="" highlightimagename="" idMateria="20255554">
  <body>
    <Identifica><![CDATA[ PORTARIA  Nº 673,  DE 11 DE JANEIRO DE 2023]]></Identifica>
    <Data><![CDATA[]]></Data>
    <Ementa />
    <Titulo />
    <SubTitulo />
    <Texto><![CDATA[<p class="identifica">PORTARIA Nº 673, DE 11 DE JANEIRO DE 2023</p><p>O CHEFE DA DIVISÃO DE PESSOAL NO EX-TERRITÓRIO FEDERAL DE RONDÔNIA DO DEPARTAMENTO DE CENTRALIZAÇÃO DE SERVIÇOS DE INATIVOS E PENSIONISTAS DO MINISTÉRIO DA ECONOMIA, no uso da competência que lhe foi delegada pela Portaria SGP Nº 2662, de 24 de março de 2022, publicada no DOU de 25 de março de 2022, resolve:</p><p>Art. 1º Enquadrar o servidor JOÃO RAMÃO CHAVES ZARATE, matricula SIAPE nº 2999425, na Carreira de Magistério do Ensino Básico, Técnico e Tecnológico, estruturada pela Lei 12.772, de 28 de dezembro de 2012, a contar de 25 de Outubro de 2022, com posicionamento na Classe D, Nível 404, fundamentada na Portaria nº 255, de 21 de Outubro de 2022, publicado na Seção 2, Pág. 17, do DOU de 25 de Outubro de 2022 - (Processo nº 14022.178129/2022-01).</p><p>Art. 2º Esta Portaria entra em vigor da data de sua publicação.</p><p class="assina">JOÃO BOSCO COSTA</p>]]></Texto>
  </body>
  <Midias />
</article></xml>