﻿<xml><article id="30090635" name="Port9-2023-GCM" idOficio="9350471" pubName="DO2" artType="Portaria" pubDate="13/01/2023" artClass="00013:00012:00001:00000:00000:00000:00000:00000:00000:00000:00017:00000" artCategory="Ministério da Defesa/Comando da Marinha/Gabinete do Comandante" artSize="12" artNotes="" numberPage="7" pdfPage="http://pesquisa.in.gov.br/imprensa/jsp/visualiza/index.jsp?data=13/01/2023&amp;jornal=529&amp;pagina=7" editionNumber="10" highlightType="" highlightPriority="" highlight="" highlightimage="" highlightimagename="" idMateria="20254949">
  <body>
    <Identifica><![CDATA[ PORTARIA Nº  9/GCM, DE 11 DE JANEIRO DE 2023]]></Identifica>
    <Data><![CDATA[]]></Data>
    <Ementa />
    <Titulo />
    <SubTitulo />
    <Texto><![CDATA[<p class="identifica">PORTARIA Nº 9/GCM, DE 11 DE JANEIRO DE 2023</p><p>O CHEFE DO GABINETE DO COMANDANTE DA MARINHA, no uso das atribuições que lhe são conferidas e tendo em vista a delegação de competência prevista no inciso II do § 1° do art. 2° do anexo I da Portaria n° 99/MB/MD, de 5 de abril de 2021, publicada no Diário Oficial da União n° 63, de 6 de abril de 2021, Seção 1, páginas 23 a 30, combinado com o inciso IV do art. 5° do Decreto n° 10.171, de 11 de dezembro de 2019, resolve:</p><p>Art. 1° Tornar insubsistente a Portaria n° 136/GCM, de 2 de setembro de 2022, publicada no Diário Oficial da União n° 170, de 6 de setembro de 2022, Seção 2, página 25.</p><p>Art. 2° Esta Portaria entra em vigor na presente data.</p><p class="assina">ANTÔNIO CAPISTRANO DE FREITAS FILHO</p><p></p>]]></Texto>
  </body>
  <Midias />
</article></xml>