﻿<xml><article id="30093645" name="portaria-R DOU 11.01.23 envio em" idOficio="9350925" pubName="DO2" artType="Portaria" pubDate="13/01/2023" artClass="00018:00109:00000:00000:00000:00000:00000:00000:00000:00000:00017:00001" artCategory="Ministério da Educação/Universidade Federal do Rio Grande do Norte" artSize="12" artNotes="" numberPage="30" pdfPage="http://pesquisa.in.gov.br/imprensa/jsp/visualiza/index.jsp?data=13/01/2023&amp;jornal=529&amp;pagina=30" editionNumber="10" highlightType="" highlightPriority="" highlight="" highlightimage="" highlightimagename="" idMateria="20255674">
  <body>
    <Identifica><![CDATA[ PORTARIA Nº 48, DE 11 DE JANEIRO DE 2023]]></Identifica>
    <Data><![CDATA[]]></Data>
    <Ementa />
    <Titulo />
    <SubTitulo />
    <Texto><![CDATA[<p class="identifica">PORTARIA Nº 48, DE 11 DE JANEIRO DE 2023</p><p>O REITOR EM EXERCÍCIO DA UNIVERSIDADE FEDERAL DO RIO GRANDE DO NORTE, usando da atribuição que lhe confere o artigo 23, do Estatuto da UFRN, e considerando o que consta do processo nº. 23077.129084/2022-98, resolve:</p><p>Exonerar, a pedido, a partir de 13 de janeiro de 2023, da função de Coordenador, FCC, do Curso de Graduação em Saúde Coletiva, do Centro Ciências da Saúde (CCS), o(a) servidor(a) FLAVIA CHRISTIANE DE AZEVEDO MACHADO, matrícula nº 2583642, Professor Adjunto, do Quadro de Pessoal da Universidade.</p><p class="assina">HENIO FERREIRA DE MIRANDA</p>]]></Texto>
  </body>
  <Midias />
</article></xml>