﻿<xml><article id="30090152" name="PORT 33 12.01.2023" idOficio="9350378" pubName="DO2" artType="Portaria" pubDate="13/01/2023" artClass="00018:00085:00041:00000:00000:00000:00000:00000:00000:00000:00017:00000" artCategory="Ministério da Educação/Universidade Federal da Bahia/Coordenação de Gestão de Pessoas" artSize="12" artNotes="" numberPage="26" pdfPage="http://pesquisa.in.gov.br/imprensa/jsp/visualiza/index.jsp?data=13/01/2023&amp;jornal=529&amp;pagina=26" editionNumber="10" highlightType="" highlightPriority="" highlight="" highlightimage="" highlightimagename="" idMateria="20254821">
  <body>
    <Identifica><![CDATA[ PORTARIA Nº 33, DE 11 DE JANEIRO DE 2023]]></Identifica>
    <Data><![CDATA[]]></Data>
    <Ementa />
    <Titulo />
    <SubTitulo />
    <Texto><![CDATA[<p></p><p class="identifica">PORTARIA Nº 33, DE 11 DE JANEIRO DE 2023</p><p>A Coordenadora de Gestão de Pessoas da Universidade Federal da Bahia, no uso da competência que lhe foi atribuída pela Portaria n. 10/2011 - PRODEP e tendo em vista o que consta do processo n. 23066.059695/2022-91, resolve:</p><p>Art. 1º. Conceder pensão a MÁRIO JOSÉ COSTA PINTO, na qualidade de filho inválido da ex-servidora aposentada JUDETH GOMES, ocupante do cargo de ASSISTENTE EM ADMINISTRACAO, matrícula SIAPE n. 281020, do quadro de pessoal desta Universidade Federal da Bahia, falecida em 07/10/2022, com fundamento no inciso VI, alínea "b" do Art. 3º da Portaria n. 4.645/2022 - SGP/SEDGG/ME, de 24 de maio de 2022, combinado com os Arts. 217 e 222 da Lei n. 8.112/1990, de 11 de dezembro de 1990; com a Portaria n. 424/2020 - ME, de 29 de dezembro de 2020, e com os Arts. 23 e 24 da Emenda Constitucional n. 103/2019, de 12 de novembro de 2019, observada a Lei n. 8.213/1991.</p><p>Art. 2º. Os efeitos desta Portaria entram em vigor em 07/10/2022, data do óbito.</p><p class="assina">MARINES MARTINS DE ANDRADE</p><p></p>]]></Texto>
  </body>
  <Midias />
</article></xml>