﻿<xml><article id="30093654" name="retificaAAo-R DOU envio em 12.01" idOficio="9350925" pubName="DO2" artType="Retificação" pubDate="13/01/2023" artClass="00018:00109:00000:00000:00000:00000:00000:00000:00000:00000:00017:00004" artCategory="Ministério da Educação/Universidade Federal do Rio Grande do Norte" artSize="12" artNotes="ok" numberPage="30" pdfPage="http://pesquisa.in.gov.br/imprensa/jsp/visualiza/index.jsp?data=13/01/2023&amp;jornal=529&amp;pagina=30" editionNumber="10" highlightType="" highlightPriority="" highlight="" highlightimage="" highlightimagename="" idMateria="20255676">
  <body>
    <Identifica><![CDATA[ RETIFICAÇÃO]]></Identifica>
    <Data><![CDATA[]]></Data>
    <Ementa />
    <Titulo />
    <SubTitulo />
    <Texto><![CDATA[<p class="identifica">RETIFICAÇÃO</p><p>Na Portaria nº 21/2023-REITORIA, de 05 de janeiro de 2023, publicada no DOU nº 6, de 09/01/2023, seçaõ 2, fls. 30, que trata da designação de função do(a) servidor(a) VINCENZO CICCARELLI, matrícula nº 1148800, excluir a expressão "a partir de 07 de janeiro de 2023 ".</p>]]></Texto>
  </body>
  <Midias />
</article></xml>