﻿<xml><article id="30092691" name="Portaria_SG_17" idOficio="9350722" pubName="DO2" artType="Portaria" pubDate="13/01/2023" artClass="00043:00009:00002:00012:00000:00000:00000:00000:00000:00000:00017:00000" artCategory="Ministério Público da União/Ministério Público do Distrito Federal e Territórios/Procuradoria-Geral de Justiça/Secretaria-Geral" artSize="12" artNotes="" numberPage="44" pdfPage="http://pesquisa.in.gov.br/imprensa/jsp/visualiza/index.jsp?data=13/01/2023&amp;jornal=529&amp;pagina=44" editionNumber="10" highlightType="" highlightPriority="" highlight="" highlightimage="" highlightimagename="" idMateria="20255402">
  <body>
    <Identifica><![CDATA[ PORTARIA Nº 17, DE 12 DE JANEIRO DE 2023]]></Identifica>
    <Data><![CDATA[]]></Data>
    <Ementa />
    <Titulo />
    <SubTitulo />
    <Texto><![CDATA[<p class="identifica">PORTARIA Nº 17, DE 12 DE JANEIRO DE 2023</p><p>O SECRETÁRIO-GERAL ADJUNTO DO MINISTÉRIO PÚBLICO DO DISTRITO FEDERAL E TERRITÓRIOS, no uso da competência que lhe foi conferida pelo Regimento Interno, considerando a delegação dada por meio da Portaria nº 1.426/PGJ, de 14/12/2018, e considerando o teor do processo nº 19.04.1981.00010042023-72, resolve:</p><p>Art. 1º Nomear o servidor WANDERSON DA SILVA SANTOS, matrícula 5502-6, Analista do MPU/Direito da carreira do Ministério Público da União, para exercer o cargo em comissão de Assessor Chefe de Gabinete de Promotoria I da 5ª Promotoria de Justiça de Execuções Penais da Coordenadoria das Promotorias de Justiça de Brasília I código CC-02 (66001137), exonerando, em consequência, o servidor THIAGO CAVALCANTE GOMES, matrícula 5384-8.</p><p>Art. 2º Designar o servidor THIAGO CAVALCANTE GOMES, matrícula 5384-8, Analista do MPU/Direito da carreira do Ministério Público da União, para substituir, nos impedimentos legais, eventuais e temporários, o cargo em comissão de Assessor Chefe de Gabinete de Promotoria I da da 5ª Promotoria de Justiça de Execuções Penais da Coordenadoria das Promotorias de Justiça de Brasília I código CC-02 (66001137), dispensando, em consequência, o servidor WANDERSON DA SILVA SANTOS, matrícula 5502-6.</p><p class="assina">RENATO LUQUEIZ SALLES</p>]]></Texto>
  </body>
  <Midias />
</article></xml>