﻿<xml><article id="30079595" name="PT - Falecimento -Silvia" idOficio="9348603" pubName="DO2" artType="Portaria" pubDate="13/01/2023" artClass="00013:00035:00110:00000:00000:00000:00000:00000:00000:00000:00017:00000" artCategory="Ministério da Defesa/Hospital das Forças Armadas/Comando de Logística" artSize="12" artNotes="" numberPage="10" pdfPage="http://pesquisa.in.gov.br/imprensa/jsp/visualiza/index.jsp?data=13/01/2023&amp;jornal=529&amp;pagina=10" editionNumber="10" highlightType="" highlightPriority="" highlight="" highlightimage="" highlightimagename="" idMateria="20252522">
  <body>
    <Identifica><![CDATA[      PORTARIA SEÇ CLAS RED CAR EMP HFA/SDPC/DRH/CMT LOG HFA/HFA/SEPESD/SG-MD Nº 102, DE 6 DE JANEIRO DE 2023]]></Identifica>
    <Data><![CDATA[]]></Data>
    <Ementa />
    <Titulo />
    <SubTitulo />
    <Texto><![CDATA[<p class="identifica">PORTARIA SEÇ CLAS RED CAR EMP HFA/SDPC/DRH/CMT LOG HFA/HFA/SEPESD/SG-MD Nº 102, DE 6 DE JANEIRO DE 2023</p><p>O COMANDANTE LOGÍSTICO DO HOSPITAL DAS FORÇAS ARMADAS, no uso de suas atribuições legais constantes do Regimento Interno do Hospital das Forças Armadas, aprovado pela Portaria GM-MD Nº 6.064, de 15 de dezembro de 2022, publicada no Diário Oficial da União do dia 20 de dezembro de 2022 e de acordo com a competência que lhe foi subdelegada pela alínea "a" do inciso IV do art. 4º da Portaria GM-MD Nº 3.939, de 19 de julho de 2022, publicada no Diário Oficial da União do dia 27 subsequente, e o que consta do Processo SEI 60550.000226/2023-19, resolve:</p><p>Declarar vago, a partir de 30 de dezembro de 2022, o cargo de Auxiliar de Enfermagem, Classe "S", Padrão V, matrícula SIAPE 1150402, do Quadro de Pessoal deste Hospital, em virtude do falecimento de sua ocupante, SILVIA DE JESUS RABELO, conforme Certidão de Óbito, matrícula 021253 01 55 2023 4 00323 202 0119390 61, datada de 01 de janeiro de 2023, expedida pelo 2º Ofício de Registro Civil e Casamentos, Títulos e Documentos e Pessoas Jurídicas de Brasília.</p><p class="assina">VICENTE GARCIA RAMOS-Contra-Almirante (Md)</p><p class="cargo">Respondendo pelo Comando</p>]]></Texto>
  </body>
  <Midias />
</article></xml>