﻿<xml><article id="30090302" name="PORTARIA NA 29" idOficio="9350427" pubName="DO2" artType="Portaria" pubDate="13/01/2023" artClass="00015:00065:00000:00000:00000:00000:00000:00000:00000:00000:00017:00029" artCategory="Ministério da Economia/Fundação Escola Nacional de Administração Pública" artSize="12" artNotes="" numberPage="19" pdfPage="http://pesquisa.in.gov.br/imprensa/jsp/visualiza/index.jsp?data=13/01/2023&amp;jornal=529&amp;pagina=19" editionNumber="10" highlightType="" highlightPriority="" highlight="" highlightimage="" highlightimagename="" idMateria="20254869">
  <body>
    <Identifica><![CDATA[ PORTARIA Nº 29, DE 12 DE JANEIRO DE 2023]]></Identifica>
    <Data><![CDATA[]]></Data>
    <Ementa />
    <Titulo />
    <SubTitulo />
    <Texto><![CDATA[<p class="identifica">PORTARIA Nº 29, DE 12 DE JANEIRO DE 2023</p><p>O PRESIDENTE SUBSTITUTO DA FUNDAÇÃO ESCOLA NACIONAL DE ADMINISTRAÇÃO PÚBLICA - ENAP, conforme Portaria nº 8, de 3 de janeiro de 2023, considerando o disposto no art. 93 da Lei nº 8.112, de 11 de dezembro de 1990, regulamentado pelo Decreto nº 10.835, de 14 de outubro de 2021, e demais informações que constam do processo nº 04600.002028/2010-53, resolve:</p><p>Art. 1º Ceder a servidora ANNA PAULA FEMINELLA, matrícula nº 1720204, Técnico em Assuntos Educacionais, pertencente ao Quadro de Pessoal desta Fundação Escola Nacional de Administração Pública, para exercer o cargo de Secretária Nacional dos Direitos da Pessoa com Deficiência, código CCE 1.17, do Ministério dos Direitos Humanos e da Cidadania.</p><p>Art. 2º O ônus pela remuneração é do órgão cedente.</p><p>Art. 3º A servidora deverá apresentar-se imediatamente ao órgão cedente ao término da cessão, observado o disposto no art. 8º do Decreto nº 10.835, de 14 de outubro de 2021.</p><p>Art. 4º Torna-se sem efeito o disposto nesta Portaria caso a servidora não se apresente ao órgão cessionário no prazo de trinta dias.</p><p>Art. 5º Esta Portaria entra em vigor na data de sua publicação.</p><p class="assina">PAULO MARQUES</p>]]></Texto>
  </body>
  <Midias />
</article></xml>