﻿<xml><article id="30079724" name="Rascunho DOU 2022_Port_595-2022" idOficio="9347343" pubName="DO2" artType="Portaria" pubDate="13/01/2023" artClass="00013:00012:00008:00044:00006:00000:00000:00000:00000:00000:00017:00017" artCategory="Ministério da Defesa/Comando da Marinha/Comando de Operações Navais/5º Distrito Naval/Centro de Intendência da Marinha em Rio Grande" artSize="12" artNotes="" numberPage="8" pdfPage="http://pesquisa.in.gov.br/imprensa/jsp/visualiza/index.jsp?data=13/01/2023&amp;jornal=529&amp;pagina=8" editionNumber="10" highlightType="" highlightPriority="" highlight="" highlightimage="" highlightimagename="" idMateria="20250749">
  <body>
    <Identifica><![CDATA[ PORTARIA Nº 595/Com5°DN, DE 20 DE DEZEMBRO DE 2022]]></Identifica>
    <Data><![CDATA[]]></Data>
    <Ementa />
    <Titulo />
    <SubTitulo />
    <Texto><![CDATA[<p></p><p class="identifica">PORTARIA Nº 595/Com5°DN, DE 20 DE DEZEMBRO DE 2022</p><p>O COMANDANTE DO 5° DISTRITO NAVAL, no uso da atribuição que lhe confere o art. 50, inciso I, alínea e do Anexo I do Decreto nº 4.780, de 15 de julho de 2003, e de acordo com o contido no art. 121, inciso II, § 3º, alínea b da Lei nº 6.880 de 9 de dezembro de 1980, resolve:</p><p>Art. 1º Licenciar do SAM, ex officio, por conveniência do serviço, e incluir na Reserva Não Remunerada a 1ºTen (RM2-T) 21.4010.21 LARISSA MARTINATTO DA COSTA, a partir de 14 de dezembro de 2022, por tomar posse em cargo público, em razão da aprovação em concurso público para o cargo de "Administrador, Nível de Classificação E, Nível de Capacitação I, Padrão de Vencimento I" na Universidade Federal de Santa Maria, não fazendo jus a compensação pecuniária por ter incindido no disposto no inciso 21.1.3 da SGM-302 (5ª Revisão).</p><p>Art. 2° Esta Portaria entra em vigor na presente data.</p><p class="assina">Vice-Almirante SÍLVIO LUÍS DOS SANTOS</p><p></p>]]></Texto>
  </body>
  <Midias />
</article></xml>