﻿<xml><article id="30085678" name="PORTARIA DE 06 2023 AFASTAMENTO " idOficio="9349460" pubName="DO2" artType="Portaria" pubDate="13/01/2023" artClass="00018:00021:00000:00000:00000:00000:00000:00000:00000:00000:00017:00000" artCategory="Ministério da Educação/Instituto Nacional de Educação de Surdos" artSize="12" artNotes="" numberPage="19" pdfPage="http://pesquisa.in.gov.br/imprensa/jsp/visualiza/index.jsp?data=13/01/2023&amp;jornal=529&amp;pagina=19" editionNumber="10" highlightType="" highlightPriority="" highlight="" highlightimage="" highlightimagename="" idMateria="20253603">
  <body>
    <Identifica><![CDATA[ PORTARIA Nº 6,  DE 12 DE JANEIRO DE 2023]]></Identifica>
    <Data><![CDATA[]]></Data>
    <Ementa />
    <Titulo />
    <SubTitulo />
    <Texto><![CDATA[<p></p><p class="identifica">PORTARIA Nº 6, DE 12 DE JANEIRO DE 2023</p><p>A Diretora-Geral Substituta do Instituto Nacional de Educação de Surdos - INES, no uso de suas atribuições legais e da competência que lhe foi delegada pela Portaria INES nº 62, de 08/02/2019, publicada no Diário Oficial da União de 11/02/2019, nos termos da Portaria Ministerial nº 1.578, de 22 de dezembro de 2017, publicada no Diário Oficial da União de 26 de dezembro de 2017, e nos termos da Portaria nº 928, de 05/12/2022, publicada no Diário Oficial da União de 06/12/2022, autoriza o afastamento do país da servidora Érica Esch Machado, Professora do Ensino Superior, de 05 a 09 de fevereiro de 2023, trânsito incluso, para apresentação do trabalho intitulado "Educação de surdos no Brasil: políticas públicas e movimentos sociais", no VII Congresso Luso-brasileiro de Política e Administração da Educação, a ser realizado no Instituto de Educação da Universidade de Lisboa, Portugal, com ônus, conforme documentação constante no processo nº 23121.001108/2022-62.</p><p class="assina">GILSILENE GONÇALVES DE MORAES</p><p></p>]]></Texto>
  </body>
  <Midias />
</article></xml>