﻿<xml><article id="30093480" name="PublicaAAo de 13 de janeiro de 2" idOficio="9350895" pubName="DO2" artType="Portaria" pubDate="13/01/2023" artClass="00018:00154:00026:00000:00000:00000:00000:00000:00000:00000:00017:00000" artCategory="Ministério da Educação/Universidade Federal de Uberlândia/Pró-Reitoria de Gestão de Pessoas" artSize="12" artNotes="" numberPage="37" pdfPage="http://pesquisa.in.gov.br/imprensa/jsp/visualiza/index.jsp?data=13/01/2023&amp;jornal=529&amp;pagina=37" editionNumber="10" highlightType="" highlightPriority="" highlight="" highlightimage="" highlightimagename="" idMateria="20255646">
  <body>
    <Identifica><![CDATA[ PORTARIAS DE PESSOAL UFU DE 12 DE JANEIRO DE 2023]]></Identifica>
    <Data><![CDATA[]]></Data>
    <Ementa />
    <Titulo />
    <SubTitulo />
    <Texto><![CDATA[<p class="identifica">PORTARIAS DE PESSOAL UFU DE 12 DE JANEIRO DE 2023</p><p>O VICE-REITOR NO EXERCÍCIO DO CARGO DE REITOR DA UNIVERSIDADE FEDERAL DE UBERLÂNDIA, no uso de suas atribuições legais e regimentais, resolve:</p><p>Nº 154 - Art. 1º Dispensar Vinícius Souza Morais, SIAPE 2904813, da Função Gratificada de Gerente da Comissão Permanente de Licitações do Gabinete do Reitor (FG-4), a partir de 13 de janeiro de 2023.</p><p>Art. 2º Revoga-se a Portaria de Pessoal UFU nº 4888/2022, publicada no Diário Oficial da União de 30 de setembro de 2022, Edição 187, Seção 2, página 48.</p><p>Nº 156 - Art. 1º Designar Anderson Luís Firmino, SIAPE 2394951, para exercer a Função Gratificada de Assessor do Reitor (FG-2), a partir de 13 de janeiro de 2023.</p><p>Nº 159 - Art. 1º Designar Vinícius Souza Morais, SIAPE 2904813, para exercer a Função Gratificada de Assessor do Reitor (FG-2), a partir de 13 de janeiro de 2023.</p><p class="assina">CARLOS HENRIQUE MARTINS DA SILVA</p>]]></Texto>
  </body>
  <Midias />
</article></xml>