﻿<xml><article id="30092673" name="2 GM - Despacho Ministerial - Af" idOficio="9350747" pubName="DO2" artType="Despacho" pubDate="13/01/2023" artClass="00011:00001:00000:00000:00000:00000:00000:00000:00000:00000:00013:00004" artCategory="Ministério da Ciência, Tecnologia e Inovações/Gabinete do Ministro" artSize="12" artNotes="ok" numberPage="6" pdfPage="http://pesquisa.in.gov.br/imprensa/jsp/visualiza/index.jsp?data=13/01/2023&amp;jornal=529&amp;pagina=6" editionNumber="10" highlightType="" highlightPriority="" highlight="" highlightimage="" highlightimagename="" idMateria="20255387">
  <body>
    <Identifica><![CDATA[ DESPACHO MINISTERIAL]]></Identifica>
    <Data><![CDATA[]]></Data>
    <Ementa />
    <Titulo />
    <SubTitulo />
    <Texto><![CDATA[<p class="identifica">DESPACHO MINISTERIAL</p><p>Afastamento do País autorizado na forma do Decreto nº 1.387, de 07 de fevereiro de 1995:</p><p>FÁBIO ANDRÉ MACHADO PORTO, Tecnologista Sênior do Laboratório Nacional de Computação Cientifica - LNCC, para realizar visita científica à profª. Julia Stoyanovich, da New York University, e participar da "1ª Climate Network Summit", em Nova York/EUA, de 15/01/2023 a 21/01/2023, trânsito incluído, com ônus para o CNPq (Chamada nº 4/2021: Bolsa de Produtividade em Pesquisa), conforme Processo nº 01209.000242/2022-43.</p><p class="assina">LUCIANA SANTOS</p>]]></Texto>
  </body>
  <Midias />
</article></xml>