﻿<xml><article id="30085132" name="1301_SEGER_POR_1607" idOficio="9349432" pubName="DO2" artType="Portaria" pubDate="13/01/2023" artClass="00015:00056:00680:00000:00000:00000:00000:00000:00000:00000:00017:00000" artCategory="Ministério da Economia/Caixa Econômica Federal/Secretaria Geral" artSize="12" artNotes="" numberPage="18" pdfPage="http://pesquisa.in.gov.br/imprensa/jsp/visualiza/index.jsp?data=13/01/2023&amp;jornal=529&amp;pagina=18" editionNumber="10" highlightType="" highlightPriority="" highlight="" highlightimage="" highlightimagename="" idMateria="20253486">
  <body>
    <Identifica><![CDATA[ PORTARIA Nº 126, DE 9 DE JANEIRO DE 2023]]></Identifica>
    <Data><![CDATA[]]></Data>
    <Ementa />
    <Titulo />
    <SubTitulo />
    <Texto><![CDATA[<p class="identifica">PORTARIA Nº 126, DE 9 DE JANEIRO DE 2023</p><p>A Presidente da Caixa Econômica Federal, em razão do que dispõe o Art. 40 da Lei n 12.527, de 18 de novembro de 2011, resolve:</p><p>Art. 1 Designar o senhor Rafael de Oliveira Morais, Vice-Presidente de Finanças e Controladoria, para o exercício das competências das atribuições estabelecidas nas disposições do Art. 40 da Lei n 12.527, de 18 de novembro de 2011. Art. 2 Revogar a Portaria n 1770/2022 - PRESI, de 06 de julho de 2022, publicada no Diário Oficial da União em 11 de julho de 2022, Seção 02, página 21. Art. 3 Esta Portaria entra em vigor nesta data.</p><p class="assina">Maria Rita Serrano</p><p></p>]]></Texto>
  </body>
  <Midias />
</article></xml>