﻿<xml><article id="30090215" name="Portaria_IFG_2023_74" idOficio="9350383" pubName="DO2" artType="Portaria" pubDate="13/01/2023" artClass="00018:00056:00001:00000:00000:00000:00000:00000:00000:00000:00017:00000" artCategory="Ministério da Educação/Instituto Federal de Educação, Ciência e Tecnologia de Goiás/Chefia de Gabinete da Reitoria" artSize="12" artNotes="" numberPage="21" pdfPage="http://pesquisa.in.gov.br/imprensa/jsp/visualiza/index.jsp?data=13/01/2023&amp;jornal=529&amp;pagina=21" editionNumber="10" highlightType="" highlightPriority="" highlight="" highlightimage="" highlightimagename="" idMateria="20254846">
  <body>
    <Identifica><![CDATA[ PORTARIA Nº 74 - REITORIA/IFG, DE 12 DE JANEIRO DE 2023]]></Identifica>
    <Data><![CDATA[]]></Data>
    <Ementa />
    <Titulo />
    <SubTitulo />
    <Texto><![CDATA[<p class="identifica">PORTARIA Nº 74 - REITORIA/IFG, DE 12 DE JANEIRO DE 2023</p><p>O Reitor Substituto do Instituto Federal de Educação, Ciência e Tecnologia de Goiás (IFG), nomeado pela Portaria 1696/2021 - REITORIA/IFG, de 8 de outubro de 2021, publicada no Diário Oficial da União de 13/10/2021, no uso de suas atribuições legais e regimentais, considerando o que consta no Processo nº 23376.001706/2022-40, resolve:</p><p>Art. 1º Exonerar o servidor FERNANDO DOS REIS DE CARVALHO, ocupante do cargo de Professor do Ensino Básico, Técnico e Tecnológico, SIAPE nº 1674003, SIAPECAD nº 01442032, do cargo de Chefe, CD - 04, do(a) Departamento de Áreas Acadêmicas do Câmpus Itumbiara, UORG-47, ficando seu exercício vinculado à UORG-47. Efeitos a partir de 06 de fevereiro de 2023.</p><p></p><p class="assina">Jose Carlos Barros Silva</p><p></p>]]></Texto>
  </body>
  <Midias />
</article></xml>