﻿<xml><article id="30079481" name="2023-01-13- Portaria 64 a 67 - S" idOficio="9348602" pubName="DO2" artType="Portaria" pubDate="13/01/2023" artClass="00018:00132:00009:00000:00000:00000:00000:00000:00000:00000:00017:00002" artCategory="Ministério da Educação/Fundação Universidade Federal do ABC/Superintendência de Gestão de Pessoas" artSize="12" artNotes="" numberPage="35" pdfPage="http://pesquisa.in.gov.br/imprensa/jsp/visualiza/index.jsp?data=13/01/2023&amp;jornal=529&amp;pagina=35" editionNumber="10" highlightType="" highlightPriority="" highlight="" highlightimage="" highlightimagename="" idMateria="20252501">
  <body>
    <Identifica><![CDATA[ PORTARIAS DE 11 DE JANEIRO DE 2023]]></Identifica>
    <Data><![CDATA[]]></Data>
    <Ementa />
    <Titulo />
    <SubTitulo />
    <Texto><![CDATA[<p class="identifica">PORTARIAS DE 11 DE JANEIRO DE 2023</p><p>O SUPERINTENDENTE DE GESTÃO DE PESSOAS DA FUNDAÇÃO UNIVERSIDADE FEDERAL DO ABC (UFABC), nomeado pela Portaria de Pessoal da Reitoria nº 897, de 18/07/2022, publicada no Diário Oficial da União (DOU) nº 135, de 19/07/2022, considerando as competências delegadas pela Portaria da Reitoria nº 874, de 17/08/2020, publicada no DOU nº 158 de 18/08/2020, no uso das atribuições a ele conferidas, resolve:</p><p>Nº 64 - Art. 1° Tornar sem efeito a Portaria nº 29, publicada no DOU nº 2, de 03/01/2023, Seção 2, página 16, que autorizou a contratação por tempo determinado, nos termos da Lei nº 8.745/93, de SYLVESTRE AURELIANO CARVALHO para provimento do cargo de PROFESSOR VISITANTE, devido ao não atendimento ao item 3.4 do Edital nº 51/2021, de 05/11/2021, DOU nº 209, de 08/11/2021, Seção 3, páginas 117 e 118.</p><p>Art. 2° Autorizar a contratação por tempo determinado, nos termos da Lei nº 8.745/93, de DANIEL SANTA CRUZ DAMINELI, 9º classificado na lista de ampla concorrência do processo seletivo simplificado objeto do Edital nº 051/2021, publicado no DOU nº 209, de 08/11/2021, Seção 3, páginas 117 e 118, homologado pelo Edital nº 040/2022, publicado no DOU nº 98, de 25/05/2022, Seção 3, página 107, para provimento do cargo de PROFESSOR VISITANTE, com salário correspondente à classe de Professor Adjunto A, nível 1, no regime de trabalho de 40 (quarenta) horas semanais com dedicação exclusiva, pelo período de 01 (um) ano. Área: Matemática Aplicada, subárea(s): Análise Numérica-Otimização, Biomatemática, Física Matemática, Sistemas Dinâmicos. Processo nº 23006.021067/2021-66.</p><p>Nº 65 - Autorizar a contratação por tempo determinado, nos termos da Lei nº 8.745/93, de CARLA RODRIGUES ALMEIDA, 2ª classificada no processo seletivo simplificado objeto do Edital nº 43/2022, publicado no DOU nº 99, de 26/05/2022, Seção 3, página 110, homologado pelo Edital nº 068/2022, publicado no DOU nº 207, de 01/11/2022, Seção 3, página 142, para provimento do cargo de PROFESSOR VISITANTE, com salário correspondente à classe de Professor Adjunto A, nível 1, no regime de trabalho de 40 (quarenta) horas semanais com dedicação exclusiva, pelo período de 01 (um) ano. Área: Ensino de Física. Processo nº 23006.010343/2022- 41.</p><p>Nº 66 - Tornar sem efeito a Portaria nº 28, publicada no DOU nº 2, de 03/01/2023, Seção 2, página 16, que autorizou a contratação por tempo determinado, nos termos da Lei nº 8.745/93, de STEPHANIA RIBEIRO DO AMARAL CORRÊA para provimento do cargo de PROFESSOR VISITANTE, por motivo de declaração de desistência definitiva à vaga.</p><p>Nº 67 - Tornar sem efeito o artigo 2º da Portaria nº 696, publicada no DOU nº 110, de 10/06/2022, Seção 2, página 41, que autorizou a contratação por tempo determinado, nos termos da Lei nº 8.745/93, de AMARÍLIS AURORA APARECIDA VALENTIM para provimento do cargo de PROFESSOR VISITANTE, devido ao não atendimento ao subitem 11.2.2 do Edital nº 011/2022, de 16/03/2022, DOU nº 55, de 22/03/2022, Seção 3, página 114.</p><p class="assina">DIOGO FRANCISCO PAULO DA ROCHA</p>]]></Texto>
  </body>
  <Midias />
</article></xml>