﻿<xml><article id="30092688" name="Portaria_SG_16" idOficio="9350722" pubName="DO2" artType="Portaria" pubDate="13/01/2023" artClass="00043:00009:00002:00012:00000:00000:00000:00000:00000:00000:00017:00000" artCategory="Ministério Público da União/Ministério Público do Distrito Federal e Territórios/Procuradoria-Geral de Justiça/Secretaria-Geral" artSize="12" artNotes="" numberPage="44" pdfPage="http://pesquisa.in.gov.br/imprensa/jsp/visualiza/index.jsp?data=13/01/2023&amp;jornal=529&amp;pagina=44" editionNumber="10" highlightType="" highlightPriority="" highlight="" highlightimage="" highlightimagename="" idMateria="20255381">
  <body>
    <Identifica><![CDATA[ PORTARIA Nº 16, DE 12 DE JANEIRO DE 2023]]></Identifica>
    <Data><![CDATA[]]></Data>
    <Ementa />
    <Titulo />
    <SubTitulo />
    <Texto><![CDATA[<p class="identifica">PORTARIA Nº 16, DE 12 DE JANEIRO DE 2023</p><p>O SECRETÁRIO-GERAL ADJUNTO DO MINISTÉRIO PÚBLICO DO DISTRITO FEDERAL E TERRITÓRIOS, no uso da competência que lhe foi conferida pelo Regimento Interno, considerando a delegação dada por meio da Portaria nº 1.426/PGJ, de 14/12/2018, e considerando o teor do processo nº 19.04.4673.0000525/2023-76, resolve:</p><p>Designar a servidora SUELY GOMES DE CARVALHO, matrícula 1380-3, Técnico do MPU/Administração da carreira do Ministério Público da União, para exercer a função de confiança de Chefe do Serviço de Secretaria do Setor de Apoio e Controle dos Feitos de Registros Públicos, Falências e Recuperação de Empresas da Coordenadoria das Promotorias de Justiça de Brasília I, código FC-02 (64001030), dispensando, a contar de 09/01/2023, a servidora FABIANA DE LIMA CARVALHO, matrícula 4944-1.</p><p class="assina">RENATO LUQUEIZ SALLES</p>]]></Texto>
  </body>
  <Midias />
</article></xml>