﻿<xml><article id="30092126" name="8 de 10.1.2023" idOficio="9350672" pubName="DO2" artType="Portaria" pubDate="13/01/2023" artClass="00047:00003:00005:00001:00000:00000:00000:00000:00000:00000:00017:00000" artCategory="Poder Judiciário/Tribunal Superior Eleitoral/Secretaria do Tribunal/Diretoria-Geral" artSize="12" artNotes="" numberPage="49" pdfPage="http://pesquisa.in.gov.br/imprensa/jsp/visualiza/index.jsp?data=13/01/2023&amp;jornal=529&amp;pagina=49" editionNumber="10" highlightType="" highlightPriority="" highlight="" highlightimage="" highlightimagename="" idMateria="20255269">
  <body>
    <Identifica><![CDATA[ PORTARIA Nº 8, DE 10 DE JANEIRO DE 2023]]></Identifica>
    <Data><![CDATA[]]></Data>
    <Ementa />
    <Titulo />
    <SubTitulo />
    <Texto><![CDATA[<p class="identifica">PORTARIA Nº 8, DE 10 DE JANEIRO DE 2023</p><p>A DIRETORA-GERAL SUBSTITUTA DA SECRETARIA DO TRIBUNAL SUPERIOR ELEITORAL, com base no inciso XV do art. 116 do Regulamento Interno e no inciso II do art. 1º da Portaria TSE nº 153, de 21 de fevereiro de 2022, resolve:</p><p>Art. 1º Fica dispensada, a partir de 24 de janeiro de 2023, Rosalba Cristiane Lunardi Motta, do Quadro de Pessoal do Tribunal de Justiça do Rio Grande do Sul - Comarca de Crissiumal/RS, ora cedida a este Tribunal, da função comissionada de Assistente I, Nível FC-1, da Assessoria de Articulação Parlamentar, da Secretaria-Geral da Presidência.</p><p>Art. 2º Esta portaria entra em vigor na data de sua publicação.</p><p class="assina">ADAÍRES AGUIAR LIMA</p>]]></Texto>
  </body>
  <Midias />
</article></xml>