﻿<xml><article id="30086258" name="2023_004_006_DOU" idOficio="9349579" pubName="DO2" artType="Portaria" pubDate="13/01/2023" artClass="00043:00012:00016:00000:00000:00000:00000:00000:00000:00000:00017:00001" artCategory="Ministério Público da União/Ministério Público do Trabalho/Procuradoria Regional do Trabalho da 15ª Região" artSize="12" artNotes="" numberPage="46" pdfPage="http://pesquisa.in.gov.br/imprensa/jsp/visualiza/index.jsp?data=13/01/2023&amp;jornal=529&amp;pagina=46" editionNumber="10" highlightType="" highlightPriority="" highlight="" highlightimage="" highlightimagename="" idMateria="20253696">
  <body>
    <Identifica><![CDATA[ PORTARIA Nº 6, DE 11 DE JANEIRO DE 2023]]></Identifica>
    <Data><![CDATA[]]></Data>
    <Ementa />
    <Titulo />
    <SubTitulo />
    <Texto><![CDATA[<p></p><p class="identifica">PORTARIA Nº 6, DE 11 DE JANEIRO DE 2023</p><p>O VICE-PROCURADOR-CHEFE DA PROCURADORIA REGIONAL DO TRABALHO DA 15ª REGIÃO, no uso das atribuições que lhe foram delegadas pela Portaria PGT nº 1.728, de 2.10.2017, nos termos do art. 92, inciso II, da Lei Complementar nº 75, de 20.5.1993, e considerando o que consta no PGEA 20.02.1507.0000001/2019-93, resolve:</p><p>Art. 1º Designar, a contar de 20.1.2023, a Procuradora do Trabalho LARISSA SERRAT DE OLIVEIRA CREMONINI para exercer o encargo de Coordenadora da Procuradoria do Trabalho no Município de São José do Rio Preto desta Procuradoria Regional do Trabalho da 15ª Região, em substituição ao Procurador do Trabalho Luciano Zanchettin Michelon, designado pela Portaria PRT15 nº 219, de 11.12.2019, publicada no Diário Oficial da União nº 241, Seção 2, de 13.12.2019.</p><p>Art. 2º Designar, a contar de 20.1.2023, o Procurador do Trabalho LUCIANO ZANCHETTIN MICHELON para exercer o encargo de substituto da Coordenadora da Procuradoria do Trabalho no Município de São José do Rio Preto desta Procuradoria Regional do Trabalho da 15ª Região, em substituição à Procuradora do Trabalho Larissa Serrat de Oliveira Cremonini, designada pela Portaria PRT15 nº 219, de 11.12.2019, publicada no Diário Oficial da União nº 241, Seção 2, de 13.12.2019.</p><p class="assina">EDUARDO LUÍS AMGARTEN</p><p></p>]]></Texto>
  </body>
  <Midias />
</article></xml>