﻿<xml><article id="30084132" name="Portaria 38_2023 Exonerar JANAY " idOficio="9349253" pubName="DO2" artType="Portaria" pubDate="13/01/2023" artClass="00018:00085:00001:00029:00000:00000:00000:00000:00000:00000:00017:00003" artCategory="Ministério da Educação/Universidade Federal da Bahia/Reitoria/Pró-Reitoria de Desenvolvimento de Pessoas" artSize="12" artNotes="" numberPage="26" pdfPage="http://pesquisa.in.gov.br/imprensa/jsp/visualiza/index.jsp?data=13/01/2023&amp;jornal=529&amp;pagina=26" editionNumber="10" highlightType="" highlightPriority="" highlight="" highlightimage="" highlightimagename="" idMateria="20253289">
  <body>
    <Identifica><![CDATA[ PORTARIA Nº 38, DE  12 DE JANEIRO DE 2023]]></Identifica>
    <Data><![CDATA[]]></Data>
    <Ementa />
    <Titulo />
    <SubTitulo />
    <Texto><![CDATA[<p class="identifica">PORTARIA Nº 38, DE 12 DE JANEIRO DE 2023</p><p>O Pró-Reitor de Desenvolvimento de Pessoas, no uso de suas atribuições legais previstas na Portaria de delegação de competência nº 448, de 17 de maio de 2011, tendo em vista o que consta do Processo nº 23066.071031/2022-08, resolve:</p><p>Exonerar a pedido, a partir de 16 de dezembro de 2022, JANAY BOMFIM FARIAS CAMARA, matrícula SIAPE nº 3121484, ocupante do cargo de Assistente em Administração, Nível Intermediário, Classificação D, Capacitação 3, Padrão 03, lotada na Escola Politécnica desta Universidade, de acordo com os artigos 33, inciso I e 34, cáput, da Lei 8.112/90.</p><p class="assina">Jeilson Barreto Andrade</p><p></p>]]></Texto>
  </body>
  <Midias />
</article></xml>