﻿<xml><article id="30079934" name="ATO 03.2023 Roberto Carlos x Luc" idOficio="9347957" pubName="DO2" artType="Ato" pubDate="13/01/2023" artClass="00047:00047:00001:00002:00002:00000:00000:00000:00000:00000:00001:00000" artCategory="Poder Judiciário/Tribunal Regional do Trabalho da 6ª Região/Presidência/Diretoria-Geral/Secretaria de Recursos Humanos" artSize="12" artNotes="" numberPage="54" pdfPage="http://pesquisa.in.gov.br/imprensa/jsp/visualiza/index.jsp?data=13/01/2023&amp;jornal=529&amp;pagina=54" editionNumber="10" highlightType="" highlightPriority="" highlight="" highlightimage="" highlightimagename="" idMateria="20251650">
  <body>
    <Identifica><![CDATA[ ATO TRT6-GP Nº 3, de 9 de janeiro de 2023]]></Identifica>
    <Data><![CDATA[]]></Data>
    <Ementa />
    <Titulo />
    <SubTitulo />
    <Texto><![CDATA[<p class="identifica">ATO TRT6-GP Nº 3, de 9 de janeiro de 2023</p><p>A DESEMBARGADORA PRESIDENTE DO TRIBUNAL REGIONAL DO TRABALHO DA SEXTA REGIÃO, no uso de suas atribuições legais e regimentais, tendo em vista o decidido no processo n.º 22.7402022 - Proad, e CONSIDERANDO o disposto no art. 36 da Lei n.º 8.112/90, c/c o art. 20 da Lei n.º 11.416/06, no Anexo IV da Portaria Conjunta n.º 03/2007 e na Resolução n.º 110/2012 do Conselho Superior da Justiça do Trabalho, resolve:</p><p>I. REMOVER o servidor ROBERTO CARLOS MARTINS DE OLIVEIRA, ocupante do cargo de Analista Judiciário, Área Judiciária, sem especialidade, do quadro de pessoal efetivo deste Tribunal, para o TRT da 18ª Região, mediante permuta com o servidor LUCAS SILVA ANDRADE, ocupante de idêntico cargo, do quadro de pessoal efetivo daquele Tribunal;</p><p>II. CONCEDER 15 (quinze) dias de trânsito ao servidor ROBERTO CARLOS MARTINS DE OLIVEIRA.</p><p>III. LOTAR o servidor LUCAS SILVA ANDRADE na Coordenadoria de Quadro de Pessoal aguardando lotação definitiva.</p><p>Este Ato tem efeitos a partir da sua publicação.</p><p class="assina">MARIA CLARA SABOYA ALBUQUERQUE BERNARDINO</p>]]></Texto>
  </body>
  <Midias />
</article></xml>