﻿<xml><article id="30079586" name="Despacho 11 01 2023" idOficio="9348496" pubName="DO2" artType="Despacho" pubDate="13/01/2023" artClass="00018:00117:00001:00000:00000:00000:00000:00000:00000:00000:00013:00003" artCategory="Ministério da Educação/Universidade Federal de Santa Catarina/Gabinete do Reitor" artSize="12" artNotes="" numberPage="32" pdfPage="http://pesquisa.in.gov.br/imprensa/jsp/visualiza/index.jsp?data=13/01/2023&amp;jornal=529&amp;pagina=32" editionNumber="10" highlightType="" highlightPriority="" highlight="" highlightimage="" highlightimagename="" idMateria="20252361">
  <body>
    <Identifica><![CDATA[ Despacho de 11 de janeiro de 2023]]></Identifica>
    <Data><![CDATA[]]></Data>
    <Ementa />
    <Titulo />
    <SubTitulo />
    <Texto><![CDATA[<p class="identifica">Despacho de 11 de janeiro de 2023</p><p>A Reitora em exercício da Universidade Federal de Santa Catarina, no uso de suas atribuições legais e estatutárias, AUTORIZA o afastamento do país de:</p><p>MAURO TITTON, SIAPE nº 1802196, lotado no DEPARTAMENTO DE METODOLOGIA DE ENSINO/CED, para realizar Pós-Doutorado em Ciências Humanas na Universidade Ca'Foscari Veneza, em Vêneto/Itália, de 01° de março de 2023 a 29 de fevereiro de 2024, com ônus limitado (Processo nº 23080.072048/2022-96);</p><p>MONICA FEITOSA DE CARVALHO PEDROZO GONÇALVES, SIAPE nº 2441594, lotada no Departamento de Desenvolvimento de Pessoas/PRODEGESP, para realizar Doutorado Sanduíche no Instituto Superior de Ciências Sociais e Políticas of the Universidade de Lisboa, em Lisboa/Portugal, de 21 de fevereiro de 2023 a 24 de junho de 2023, com ônus limitado (Processo nº 23080.032482/2022-33).</p><p class="assina">DILCEANE CARRARO</p><p class="identifica">RETIFICAÇÃO</p><p>No Despacho de Afastamento do País, publicado no DOU n.º 7, de 10 de janeiro de 2023, Seção 2, página 28, da Prof. MONICA YUMI TSUZUKI, onde se lê "de 01/02/2023 a 31/01/2024", leia-se "de 01/03/2023 a 28/02/2024" (Processo 23080. 063930/2022-41).</p>]]></Texto>
  </body>
  <Midias />
</article></xml>