﻿<xml><article id="30082178" name="PORTARIA EMCFA-MD NA 139" idOficio="9348835" pubName="DO2" artType="Portaria" pubDate="13/01/2023" artClass="00013:00034:00000:00000:00000:00000:00000:00000:00000:00000:00017:00008" artCategory="Ministério da Defesa/Estado-Maior Conjunto das Forças Armadas" artSize="12" artNotes="" numberPage="10" pdfPage="http://pesquisa.in.gov.br/imprensa/jsp/visualiza/index.jsp?data=13/01/2023&amp;jornal=529&amp;pagina=10" editionNumber="10" highlightType="" highlightPriority="" highlight="" highlightimage="" highlightimagename="" idMateria="20252789">
  <body>
    <Identifica><![CDATA[  PORTARIA EMCFA-MD  Nº  139, DE 9 DE JANEIRO DE 2023]]></Identifica>
    <Data><![CDATA[]]></Data>
    <Ementa />
    <Titulo />
    <SubTitulo />
    <Texto><![CDATA[<p class="identifica">PORTARIA EMCFA-MD Nº 139, DE 9 DE JANEIRO DE 2023</p><p>O CHEFE DO GABINETE DO ESTADO-MAIOR CONJUNTO DAS FORÇAS ARMADAS, no uso da competência subdelegada pelo inciso V do art. 1º da Portaria EMCFA-MD nº 4.283, de 10 de agosto de 2022, considerando a Portaria Normativa nº 98/GM-MD, de 20 de dezembro de 2018, o Decreto nº 10.998, de 15 de março de 2022, e o Processo Administrativo nº 60583.003154/2022-95, resolve:</p><p>DISPENSAR, o Segundo-Sargento (MB) CLEYTON SILVA FLEMING DOS SANTOS da função de Especialista, código Nível II, da Subchefia de Comando e Controle da Chefia de Operações Conjuntas do Estado-Maior Conjunto das Forças Armadas, a contar de 30 de novembro de 2022.</p><p class="assina">Maj Brig Ar FLÁVIO LUIZ DE OLIVEIRA PINTO</p>]]></Texto>
  </body>
  <Midias />
</article></xml>