﻿<xml><article id="30092937" name="PORTARIA N 1041 - 2023" idOficio="9350763" pubName="DO2" artType="Portaria" pubDate="13/01/2023" artClass="00011:00042:00014:00000:00000:00000:00000:00000:00000:00000:00017:00000" artCategory="Ministério da Ciência, Tecnologia e Inovações/Agência Espacial Brasileira/Presidência" artSize="12" artNotes="" numberPage="6" pdfPage="http://pesquisa.in.gov.br/imprensa/jsp/visualiza/index.jsp?data=13/01/2023&amp;jornal=529&amp;pagina=6" editionNumber="10" highlightType="" highlightPriority="" highlight="" highlightimage="" highlightimagename="" idMateria="20255473">
  <body>
    <Identifica><![CDATA[ PORTARIA Nº 1.041, DE 12 DE JANEIRO DE 2023]]></Identifica>
    <Data><![CDATA[]]></Data>
    <Ementa />
    <Titulo />
    <SubTitulo />
    <Texto><![CDATA[<p class="identifica">PORTARIA Nº 1.041, DE 12 DE JANEIRO DE 2023</p><p>O PRESIDENTE DA AGÊNCIA ESPACIAL BRASILEIRA, no uso das atribuições que lhe confere o Decreto nº 11.192, de 8 de setembro de 2022, e com fundamento nos arts. 143 e 148, todos da Lei nº 8.112, de 11 de dezembro de 1990, e nos arts. 19 a 22 da Instrução Normativa CGU nº 14, de 14 de novembro de 2018, resolve:</p><p>Art. 1º Reconduzir a Comissão de Processo Administrativo Disciplinar, instaurada pela Portaria nº 646, de 18 de junho de 2021, publicada no Diário Oficial da União - DOU, em 23 de junho de 2021, tendo como último ato a prorrogação efetivada pela Portaria nº 979, publicada no DOU em 17 de novembro de 2022, ante as razões apresentadas nos autos, com vistas a dar continuidade aos trabalhos apuratórios de que trata o Processo Administrativo Disciplinar nº 01350.000156/2017-30.</p><p>Art. 2º Estabelecer o prazo de 60 (sessenta) dias para a conclusão dos trabalhos da referida comissão.</p><p>Art. 3º Esta Portaria entra em vigor na data de sua publicação.</p><p class="assina">CARLOS AUGUSTO TEIXEIRA DE MOURA</p>]]></Texto>
  </body>
  <Midias />
</article></xml>