﻿<xml><article id="30089579" name="ATO PORTARIA DOU - 12.01.2023 To" idOficio="9350287" pubName="DO2" artType="Portaria" pubDate="13/01/2023" artClass="00018:00057:00001:00000:00000:00000:00000:00000:00000:00000:00017:00000" artCategory="Ministério da Educação/Instituto Federal de Educação, Ciência e Tecnologia do Maranhão/Reitoria" artSize="12" artNotes="" numberPage="21" pdfPage="http://pesquisa.in.gov.br/imprensa/jsp/visualiza/index.jsp?data=13/01/2023&amp;jornal=529&amp;pagina=21" editionNumber="10" highlightType="" highlightPriority="" highlight="" highlightimage="" highlightimagename="" idMateria="20254597">
  <body>
    <Identifica><![CDATA[ PORTARIA Nº 142,  DE 12 DE JANEIRO DE 2023]]></Identifica>
    <Data><![CDATA[]]></Data>
    <Ementa />
    <Titulo />
    <SubTitulo />
    <Texto><![CDATA[<p class="identifica">PORTARIA Nº 142, DE 12 DE JANEIRO DE 2023</p><p>O(A) DIRETOR(A) EXECUTIVO NO EXERCÍCIO DA REITORIA DO INSTITUTO FEDERAL DE EDUCAÇÃO, CIÊNCIA E TECNOLOGIA DO MARANHÃO, designado pela Portaria nº 1.903 de 26 de abril de 2022, no uso de suas atribuições; e, considerando a solicitação constante no Processo nº 23249.011192.2023-77, resolve:</p><p>Tornar sem efeito a Portaria nº 5.692de 29.11.2022, publicada no DOU de 01.12.2022, seção 2, página 39, que trata da nomeação em cargo efetivo do (a) candidato (a) Carliane Miranda Carvalho, para o cargo de Psicólogo, Campus Pedreiras.</p><p></p><p class="assina">Gedeon Silva Reis</p><p class="identifica">PORTARIA Nº 152, DE 12 DE JANEIRO DE 2023</p><p>O(A) DIRETOR(A) EXECUTIVO NO EXERCÍCIO DA REITORIA DO INSTITUTO FEDERAL DE EDUCAÇÃO, CIÊNCIA E TECNOLOGIA DO MARANHÃO, designado pela Portaria nº 1.903 de 26 de abril de 2022, no uso de suas atribuições; e, Considerando o disposto no Art. 96-A, § 2º da Lei 8.112/90, o disposto na Lei nº 11.091/2005, a Resolução CONSUP nº. 117/2019, e a solicitação constante no Processo nº. 23249.034167.2022-81, resolve:</p><p>Autorizar o afastamento do (a) servidor (a) Alexsandra Melo Pereira, Assistente em Administração, Campus Codó, para, na cidade de Porto/Portugal, no período de 12.01.2023 a 12.09.2024, participar de Programa de Pós Graduação em Direito, em nível de Mestrado, junto à Universidade do Porto - Portugal.</p><p></p><p class="assina">Gedeon Silva Reis</p>]]></Texto>
  </body>
  <Midias />
</article></xml>