﻿<xml><article id="30079859" name="Rascunho DOU 2022_Port_548-2022" idOficio="9347327" pubName="DO2" artType="Portaria" pubDate="13/01/2023" artClass="00013:00012:00008:00044:00006:00000:00000:00000:00000:00000:00017:00013" artCategory="Ministério da Defesa/Comando da Marinha/Comando de Operações Navais/5º Distrito Naval/Centro de Intendência da Marinha em Rio Grande" artSize="12" artNotes="" numberPage="8" pdfPage="http://pesquisa.in.gov.br/imprensa/jsp/visualiza/index.jsp?data=13/01/2023&amp;jornal=529&amp;pagina=8" editionNumber="10" highlightType="" highlightPriority="" highlight="" highlightimage="" highlightimagename="" idMateria="20250633">
  <body>
    <Identifica><![CDATA[ PORTARIA Nº 548/Com5°DN, DE 18 DE OUTUBRO DE 2022]]></Identifica>
    <Data><![CDATA[]]></Data>
    <Ementa />
    <Titulo />
    <SubTitulo />
    <Texto><![CDATA[<p></p><p class="identifica">PORTARIA Nº 548/Com5°DN, DE 18 DE OUTUBRO DE 2022</p><p>O COMANDANTE DO 5° DISTRITO NAVAL, no uso da atribuição que lhe confere o art. 48, § 1°, do Decreto n° 4.780, de 15 de julho de 2003, e de acordo com o art. 50, inciso IV, alínea p e art. 121, inciso I, § 1°e § 4° da Lei n° 6.880, de 9 de dezembro de 1980, resolve:</p><p>Art. 1° Conceder Licenciamento do Serviço Ativo da Marinha, ao 1° Ten (RM2-T) 19.0804.33 FELIPE FISCHER e incluir na Reserva Não Remunerada, a partir de 21 de outubro de 2022, por ter solicitado interrupção do Estágio de Instrução e Serviço.</p><p>Art. 2° Esta Portaria entra em vigor na presente data.</p><p class="assina">Vice-Almirante SÍLVIO LUÍS DOS SANTOS</p><p></p>]]></Texto>
  </body>
  <Midias />
</article></xml>