﻿<xml><article id="30086615" name="ATO Portaria Diretoria-Geral 3" idOficio="9349665" pubName="DO2" artType="Portaria" pubDate="13/01/2023" artClass="00047:00020:00002:00000:00000:00000:00000:00000:00000:00000:00017:00000" artCategory="Poder Judiciário/Tribunal Regional Eleitoral do Distrito Federal/Diretoria-Geral" artSize="12" artNotes="" numberPage="51" pdfPage="http://pesquisa.in.gov.br/imprensa/jsp/visualiza/index.jsp?data=13/01/2023&amp;jornal=529&amp;pagina=51" editionNumber="10" highlightType="" highlightPriority="" highlight="" highlightimage="" highlightimagename="" idMateria="20253847">
  <body>
    <Identifica><![CDATA[ Portaria Nº 3, DE 11 DE JANEIRO DE 2023]]></Identifica>
    <Data><![CDATA[]]></Data>
    <Ementa />
    <Titulo />
    <SubTitulo />
    <Texto><![CDATA[<p class="identifica">Portaria Nº 3, DE 11 DE JANEIRO DE 2023</p><p>A DIRETORA-GERAL SUBSTITUTA DO TRIBUNAL REGIONAL ELEITORAL DO DISTRITO FEDERAL, no uso de suas atribuições legais, tendo em vista a delegação de competência constante do inciso XXVIII do art. 31 da Resolução TRE-DF nº 7.881/2021, de acordo com a Portaria Presidência Nº 84/2021 e o teor do Processo Administrativo nº 0005627-96.2021.6.07.8100, resolve:</p><p>Designar a servidora ICELMA ALVES ALVARENGA, Técnica Judiciária, Área Administrativa, do Quadro de Pessoal Permanente deste Tribunal, para substituir, no período de 24/01/23 a 06/02/23, o titular da função comissionada de Chefe da Ouvidoria Regional Eleitoral do Distrito Federal da Presidência, código FC-06, nos seus afastamentos e impedimentos legais ou regulamentares.</p><p class="assina">Lúcia Carvalho Bitar Yung-Tay</p>]]></Texto>
  </body>
  <Midias />
</article></xml>