﻿<xml><article id="30079883" name="PORTARIA11-DINIZAR JOSA DE ARAAJ" idOficio="9344485" pubName="DO2" artType="Portaria" pubDate="13/01/2023" artClass="00026:00002:00058:00009:00000:00000:00000:00000:00000:00000:00017:00000" artCategory="Ministério da Saúde/Secretaria Executiva/Departamento de Gestão Hospitalar no Estado do Rio de Janeiro/Hospital Federal de Bonsucesso" artSize="12" artNotes="" numberPage="41" pdfPage="http://pesquisa.in.gov.br/imprensa/jsp/visualiza/index.jsp?data=13/01/2023&amp;jornal=529&amp;pagina=41" editionNumber="10" highlightType="" highlightPriority="" highlight="" highlightimage="" highlightimagename="" idMateria="20246700">
  <body>
    <Identifica><![CDATA[ PORTARIA HFB Nº 11, DE 9 DE JANEIRO DE 2023]]></Identifica>
    <Data><![CDATA[]]></Data>
    <Ementa />
    <Titulo />
    <SubTitulo />
    <Texto><![CDATA[<p class="identifica">PORTARIA HFB Nº 11, DE 9 DE JANEIRO DE 2023</p><p>O Diretor Geral Substituto do Hospital Federal de Bonsucesso, no uso de suas atribuições conferidas pela Portaria nº 864 de 04 de agosto de 2022, publicada no DOU n° 148-A, de 05 de agosto de 2022 e Portaria nº 1.041, de 30 de outubro de 2009, publicada no DOU nº 209, de 03 de novembro de 2009, seção 2, página 31, resolve:</p><p>Conceder aposentadoria voluntária a DINIZAR JOSÉ DE ARAÚJO FILHO, matrícula SIAPE nº 0657253, ocupante do cargo de Médico, Nível Superior, Classe "S", Padrão "III", do quadro de servidores deste Ministério, lotado no Hospital Federal de Bonsucesso, com fundamento no artigo 3º da Emenda Constitucional nº 47/2005, combinado com o artigo 3º da Emenda Constitucional nº 103/2019, com proventos integrais, incorporando-se 16% (dezesseis por cento) de anuênio e as demais vantagens do cargo a que faz jus. (Processo nº 33374.109015/2022-67)</p><p class="assina">ROGERIO DE CARVALHO RIBEIRO</p>]]></Texto>
  </body>
  <Midias />
</article></xml>