﻿<xml><article id="30093241" name="PORTARIA DGP-PF NA 21.236 DE 12 " idOficio="9350816" pubName="DO2" artType="Portaria" pubDate="13/01/2023" artClass="00020:00028:00015:00005:00001:00000:00000:00000:00000:00000:00017:00005" artCategory="Ministério da Justiça e Segurança Pública/Polícia Federal/Diretoria de Gestão de Pessoal/Coordenação-Geral de Recursos Humanos/Divisão de Administração de Recursos Humanos/Serviço de Aposentadorias e Pensões" artSize="12" artNotes="" numberPage="39" pdfPage="http://pesquisa.in.gov.br/imprensa/jsp/visualiza/index.jsp?data=13/01/2023&amp;jornal=529&amp;pagina=39" editionNumber="10" highlightType="" highlightPriority="" highlight="" highlightimage="" highlightimagename="" idMateria="20255495">
  <body>
    <Identifica><![CDATA[ PORTARIA DGP/PF Nº 21.236, DE 12 DE JANEIRO DE 2023]]></Identifica>
    <Data><![CDATA[]]></Data>
    <Ementa />
    <Titulo />
    <SubTitulo />
    <Texto><![CDATA[<p class="identifica">PORTARIA DGP/PF Nº 21.236, DE 12 DE JANEIRO DE 2023</p><p>O DIRETOR DE GESTÃO DE PESSOAL DA POLÍCIA FEDERAL SUBSTITUTO, no uso das atribuições que lhe são conferidas pelos incisos XIV e XIX do art. 43 do Regimento Interno da Polícia Federal, aprovado pela Portaria MSP nº 155, de 27/9/2018, publicada no Diário Oficial da União nº 200, de 17/10/2018, Seção I, pp. 51/56, e tendo em vista o que consta do Processo nº 08500.042604/2022-18, resolve:</p><p>Art. 1º Conceder pensão vitalícia a CARMEM CILENE ALMEIDA PEREIRA, companheira do ex-servidor JONSON LARA JUNIOR, aposentado no cargo de Agente de Polícia Federal, Classe Especial, Matrícula SIAPE nº 175615, falecido na inatividade em 03 de novembro de 2022, com fundamento no inciso IV do art. 3º da Portaria SGP/SEDGG/ME Nº 4645, de 24 de maio de 2022, nos termos dos arts. 217, inciso III, 219, parágrafo 1º, e 222, inciso VII, alínea "b", item 6, todos da Lei nº 8.112/1990, combinados com os arts. 23 e 24, § 1º, II, ambos da Emenda Constitucional nº 103/2019.</p><p>Art. 2º Os efeitos desta Portaria entram em vigor a partir da data de sua publicação.</p><p class="assina">ANTÔNIO GABRIEL LIMA PUCCI FILHO</p>]]></Texto>
  </body>
  <Midias />
</article></xml>