﻿<xml><article id="30079553" name="Pub.DOU.Resol. 7275.2022 - Recom" idOficio="9348293" pubName="DO2" artType="Resolução" pubDate="13/01/2023" artClass="00048:00570:00000:00000:00000:00000:00000:00000:00000:00000:00023:00000" artCategory="Entidades de Fiscalização do Exercício das Profissões Liberais/Conselho Regional de Serviço Social da 6ª Região" artSize="12" artNotes="" numberPage="56" pdfPage="http://pesquisa.in.gov.br/imprensa/jsp/visualiza/index.jsp?data=13/01/2023&amp;jornal=529&amp;pagina=56" editionNumber="10" highlightType="" highlightPriority="" highlight="" highlightimage="" highlightimagename="" idMateria="20252124">
  <body>
    <Identifica><![CDATA[ RESOLUÇÃO CRESS Nº 7.275, de 30 de dezembro de 2022]]></Identifica>
    <Data><![CDATA[]]></Data>
    <Ementa />
    <Titulo />
    <SubTitulo />
    <Texto><![CDATA[<p class="identifica">RESOLUÇÃO CRESS Nº 7.275, de 30 de dezembro de 2022</p><p>O Conselho Regional de Serviço Social de Minas Gerais, no uso de suas atribuições Legais e Regimentais, e: CONSIDERANDO a homologação do resultado final das eleições do CFESS, dos CRESS e Seccionais para a Gestão 2020/2023, por meio da Resolução CFESS n° 946/2020, de 24 de abril de 2020; CONSIDERANDO o Estatuto do Conjunto CFESS/CRESS Resolução CFESS nº 469/05 e o Regimento Interno do CRESS 6ª R., Resolução CFESS nº 470/05; CONSIDERANDO o pedido de desincompatibilização do cargo de presidente do conselho fiscal da conselheira Angelita Rangel Ferreira CRESS/MG9258. A Presidente do Conselho Regional de Serviço Social - CRESS- 6ª Região/MG, no uso de suas atribuições legais e regimentais. resolve:</p><p>Art. 1º. O Conselho Regional de Serviço Social - CRESS 6ª Região, em Minas Gerais, passa a ter a seguinte composição: DIRETORIA: Presidente: Julia Maria Muniz Restori CRESS 3696; Vice-Presidente: Jose Ribeiro Gomes CRESS 21.106; 1ª Secretária: Francielly Ferreira Caetano CRESS 18.265; 2º Secretário: Cláudio Henrique Miranda Host CRESS 25.876; 1º Tesoureiro: Leonardo Koury Martins CRESS 15.472; 2ª Tesoureira: Daniella Lopes Coelho CRESS 8.228. CONSELHO FISCAL: 1.Presidente: Débora Nunes Abreu CRESS 6.886. 2. 1ª Vogal: Aline Vicente Jubim da Silva CRESS/MG 15.691; 3.2ª Vogal: Luciana Barroso Rosmaninho CRESS 19.196. SUPLENTES: Fábio Cândido Borges CRESS 13.517; Gláucia de Fátima Batista CRESS 2.498; Mauri de Carvalho Braga CRESS 10.219; Luciana Barroso Rosmaninho CRESS 19.196; Thaise Seixas Peixoto Carvalho CRESS 8.475; Fabiana Nascimento Marques CRESS/MG 11.126; Marcelo Armando Rodrigues CRESS 8766.</p><p>Art. 2º. Fica revogada a Resolução 7096/2022 de 20 de julho de 2022.</p><p>Art. 3º. Esta Resolução entra em vigor na data de sua assinatura, devendo ser publicada no Diário Oficial da União.</p><p class="assina">JULIA MARIA MUNIZ RESTORI</p><p class="cargo">Presidenta CRESS 6ª Região</p>]]></Texto>
  </body>
  <Midias />
</article></xml>