﻿<xml><article id="30093582" name="PORTARIA DE PESSOAL N 11" idOficio="9350920" pubName="DO2" artType="Portaria" pubDate="13/01/2023" artClass="00018:00081:00000:00000:00000:00000:00000:00000:00000:00000:00017:00001" artCategory="Ministério da Educação/Instituto Nacional de Estudos e Pesquisas Educacionais Anísio Teixeira" artSize="12" artNotes="" numberPage="24" pdfPage="http://pesquisa.in.gov.br/imprensa/jsp/visualiza/index.jsp?data=13/01/2023&amp;jornal=529&amp;pagina=24" editionNumber="10" highlightType="" highlightPriority="" highlight="" highlightimage="" highlightimagename="" idMateria="20255667">
  <body>
    <Identifica><![CDATA[ PORTARIA DE PESSOAL Nº 11, DE 12 DE JANEIRO DE 2023]]></Identifica>
    <Data><![CDATA[]]></Data>
    <Ementa />
    <Titulo />
    <SubTitulo />
    <Texto><![CDATA[<p class="identifica">PORTARIA DE PESSOAL Nº 11, DE 12 DE JANEIRO DE 2023</p><p>O PRESIDENTE SUBSTITUTO DO INSTITUTO NACIONAL DE ESTUDOS E PESQUISAS EDUCACIONAIS ANÍSIO TEIXEIRA, no uso das suas atribuições estabelecidas no Decreto nº 11.204, de 21 de setembro de 2022, e no uso da competência que lhe foi subdelegada na alínea "b" do inciso III do art. 1°, da Portaria/MEC n° 205, de 6 de fevereiro de 2020, resolve:</p><p>Art. 1º Designar ADRIANO SOUZA SENKEVICS, CPF nº ***.594.588-**, para exercer o encargo de substituto eventual da função de Chefe, código FCE-1.05, ocupado por ALVANA MARIA BOF, do Serviço de Formação em Monitoramento e Avaliação Educacional da Coordenação de Estudos Educacionais da Coordenação-Geral de Estudos Educacionais da Diretoria de Estudos Educacionais do Instituto Nacional de Estudos e Pesquisas Educacionais Anísio Teixeira, durante os afastamentos e impedimentos regulamentares do titular.</p><p>Art. 2º Esta portaria entra em vigor na data de sua publicação.</p><p class="assina">CARLOS EDUARDO MORENO SAMPAIO</p>]]></Texto>
  </body>
  <Midias />
</article></xml>