﻿<xml><article id="30079760" name="PORTARIA NA 170 - 11.01.2023 - D" idOficio="9348535" pubName="DO2" artType="Portaria" pubDate="13/01/2023" artClass="00018:00107:00005:00000:00000:00000:00000:00000:00000:00000:00017:00170" artCategory="Ministério da Educação/Universidade Federal de Pernambuco/Pró-Reitoria de Gestão de Pessoas e Qualidade de Vida" artSize="12" artNotes="" numberPage="30" pdfPage="http://pesquisa.in.gov.br/imprensa/jsp/visualiza/index.jsp?data=13/01/2023&amp;jornal=529&amp;pagina=30" editionNumber="10" highlightType="" highlightPriority="" highlight="" highlightimage="" highlightimagename="" idMateria="20252442">
  <body>
    <Identifica><![CDATA[ PORTARIA Nº 170, DE 11 DE JANEIRO DE 2023]]></Identifica>
    <Data><![CDATA[]]></Data>
    <Ementa />
    <Titulo />
    <SubTitulo />
    <Texto><![CDATA[<p class="identifica">PORTARIA Nº 170, DE 11 DE JANEIRO DE 2023</p><p>A PRÓ-REITORA SUBSTITUTA DE GESTÃO DE PESSOAS E QUALIDADE DE VIDA, DA UNIVERSIDADE FEDERAL DE PERNAMBUCO, no uso das atribuições legais e estatutárias, resolve:</p><p>Dispensar, a partir de 07/12/2022, BRUNO GERALDO CARNEIRO DA CUNHA, Matrícula SIAPE n° 1508965, Professor de Magistério Superior, Nível 4, Classe D, denominada Associado, em regime de trabalho de Dedicação Exclusiva, lotado(a) no(a) Departamento de Física, do Centro de Ciências Exatas e da Natureza, da função de Coordenador do Curso de Graduação de Bacharelado em Física, do Departamento de Física, do Centro de Ciências Exatas e da Natureza, Código FCC, para a(o) qual havia sido designado(a) através da Portaria de Pessoal nº 96/2021, de 12/01/2021. (Processo n° 23076.125327/2022-77).</p><p class="assina">ELLEN VIANA VILAR</p>]]></Texto>
  </body>
  <Midias />
</article></xml>