﻿<xml><article id="30092817" name="3 SEGPES - FRANCIANE MELEU FERRE" idOficio="9350771" pubName="DO2" artType="Ato" pubDate="13/01/2023" artClass="00047:00005:00010:00000:00000:00000:00000:00000:00000:00000:00001:00002" artCategory="Poder Judiciário/Tribunal Superior do Trabalho/Secretaria de Gestão de Pessoas" artSize="12" artNotes="" numberPage="50" pdfPage="http://pesquisa.in.gov.br/imprensa/jsp/visualiza/index.jsp?data=13/01/2023&amp;jornal=529&amp;pagina=50" editionNumber="10" highlightType="" highlightPriority="" highlight="" highlightimage="" highlightimagename="" idMateria="20255442">
  <body>
    <Identifica><![CDATA[ ATO Nº 3, DE 12 DE JANEIRO DE 2023]]></Identifica>
    <Data><![CDATA[]]></Data>
    <Ementa />
    <Titulo />
    <SubTitulo />
    <Texto><![CDATA[<p class="identifica">ATO Nº 3, DE 12 DE JANEIRO DE 2023</p><p>O SECRETÁRIO DE GESTÃO DE PESSOAS DO TRIBUNAL SUPERIOR DO TRABALHO, no uso de suas atribuições legais e regulamentares, e tendo em vista o constante do Processo Administrativo TST nº 6009036/2022-00, resolve:</p><p>DECLARAR VAGO, desde 15/12/2022, em virtude de posse em outro cargo inacumulável, nos termos do inciso VIII do art. 33 da Lei nº 8.112/1990, o cargo de provimento efetivo da Carreira Judiciária de Técnico Judiciário, Área Administrativa, Classe A, Padrão 2, do Quadro de Pessoal da Secretaria deste Tribunal, ocupado por FRANCIANE MELEU FERREIRA, código 65050.</p><p class="assina">JOSÉ RAILTON SILVA RÊGO</p>]]></Texto>
  </body>
  <Midias />
</article></xml>