﻿<xml><article id="30090296" name="Portarias de Pessoal 12.01.23 - " idOficio="9350389" pubName="DO2" artType="Portaria" pubDate="13/01/2023" artClass="00018:00064:00004:00000:00000:00000:00000:00000:00000:00000:00017:00000" artCategory="Ministério da Educação/Instituto Federal de Educação, Ciência e Tecnologia do Paraná/Gabinete" artSize="12" artNotes="" numberPage="22" pdfPage="http://pesquisa.in.gov.br/imprensa/jsp/visualiza/index.jsp?data=13/01/2023&amp;jornal=529&amp;pagina=22" editionNumber="10" highlightType="" highlightPriority="" highlight="" highlightimage="" highlightimagename="" idMateria="20254852">
  <body>
    <Identifica><![CDATA[ PORTARIA DE PESSOAL DEAC/GR/IFPR Nº 32, DE 12 DE JANEIRO DE 2023]]></Identifica>
    <Data><![CDATA[]]></Data>
    <Ementa />
    <Titulo />
    <SubTitulo />
    <Texto><![CDATA[<p></p><p class="identifica">PORTARIA DE PESSOAL DEAC/GR/IFPR Nº 32, DE 12 DE JANEIRO DE 2023</p><p>O Reitor em exercício do Instituto Federal de Educação, Ciência e Tecnologia do Paraná, no uso da competência que lhe confere a Portaria nº 1.194, de 01 de outubro de 2021, publicada no Diário Oficial da União do dia 04 de outubro de 2021, seção 2, página 25, resolve:</p><p>Art. 1º Nomear os servidores abaixo relacionados para substituir o cargo de Diretor Geral, CD-03, do Campus Avançado Quedas do Iguaçu, deste Instituto, no exercício de suas atribuições.</p><p /><p></p><table><tr /><tr><td rowspan="1" colspan="1"><p>NOME</p></td><td rowspan="1" colspan="1"><p>SIAPE</p></td><td rowspan="1" colspan="1"><p>SITUAÇÃO</p></td></tr><tr><td rowspan="1" colspan="1"><p>JONATHAN DE PAULA CAMARGO</p></td><td rowspan="1" colspan="1"><p>1121053</p></td><td rowspan="1" colspan="1"><p>Titular</p></td></tr><tr><td rowspan="1" colspan="1"><p>CLEONICE JACOB MULLER</p></td><td rowspan="1" colspan="1"><p>1692211</p></td><td rowspan="1" colspan="1"><p>1ª Substituta</p></td></tr><tr><td rowspan="1" colspan="1"><p>ANDRE LUIZ DE SOUZA CELARINO</p></td><td rowspan="1" colspan="1"><p>3008841</p></td><td rowspan="1" colspan="1"><p>2º Substituto</p></td></tr></table><p>Art. 2º O substituto assumirá automática e cumulativamente, na ordem, sem prejuízo do cargo que ocupa, o exercício do cargo de direção, nos afastamentos, impedimentos legais ou regulamentares do titular e na vacância do cargo.</p><p>Art. 3º Esta Portaria entra em vigor na data da sua publicação.</p><p class="assina">PAULO TETUO YAMAMOTO</p>]]></Texto>
  </body>
  <Midias />
</article></xml>