﻿<xml><article id="30079769" name="Mat. JAN 1 - 12" idOficio="9347649" pubName="DO2" artType="Portaria" pubDate="13/01/2023" artClass="00013:00012:00008:00044:00006:00000:00000:00000:00000:00000:00017:00008" artCategory="Ministério da Defesa/Comando da Marinha/Comando de Operações Navais/5º Distrito Naval/Centro de Intendência da Marinha em Rio Grande" artSize="12" artNotes="" numberPage="8" pdfPage="http://pesquisa.in.gov.br/imprensa/jsp/visualiza/index.jsp?data=13/01/2023&amp;jornal=529&amp;pagina=8" editionNumber="10" highlightType="" highlightPriority="" highlight="" highlightimage="" highlightimagename="" idMateria="20251250">
  <body>
    <Identifica><![CDATA[ PORTARIA Nº  12/Com5°DN, DE 5 DE JANEIRO DE 2023]]></Identifica>
    <Data><![CDATA[]]></Data>
    <Ementa />
    <Titulo />
    <SubTitulo />
    <Texto><![CDATA[<p></p><p class="identifica">PORTARIA Nº 12/Com5°DN, DE 5 DE JANEIRO DE 2023</p><p>O COMANDANTE DO 5° DISTRITO NAVAL, no uso de suas atribuições e tendo em vista o previsto no art. 3°, § 1°, alínea b, inciso III da Lei n° 6.880/1980 e o contido nas Normas sobre Tarefa por Tempo Certo e Designação para o Serviço Ativo (DGPM-314 - 6ª Revisão), resolve:</p><p>Art. 1° Dispensar a pedido, a partir de 22 de dezembro de 2022, o CC (RM1-T) 86.3928.67 GUTEMBERG BEZERRA DE FREITAS da prestação da Tarefa por Tempo Certo, prevista na Portaria n° 78/2021 deste Comando, de acordo com o contido na alínea a do inciso 2.7.1 da DGPM-314 (6ª Revisão).</p><p>Art. 2° Esta Portaria entra em vigor na presente data, com efeitos administrativos retroativos a 22 de dezembro de 2022.</p><p class="assina">Vice-Almirante SÍLVIO LUÍS DOS SANTOS</p><p></p>]]></Texto>
  </body>
  <Midias />
</article></xml>