﻿<xml><article id="30093528" name="PORTARIA DGP-PF NA 21.235 DE 12 " idOficio="9350915" pubName="DO2" artType="Portaria" pubDate="13/01/2023" artClass="00020:00028:00015:00005:00001:00000:00000:00000:00000:00000:00017:00003" artCategory="Ministério da Justiça e Segurança Pública/Polícia Federal/Diretoria de Gestão de Pessoal/Coordenação-Geral de Recursos Humanos/Divisão de Administração de Recursos Humanos/Serviço de Aposentadorias e Pensões" artSize="12" artNotes="" numberPage="39" pdfPage="http://pesquisa.in.gov.br/imprensa/jsp/visualiza/index.jsp?data=13/01/2023&amp;jornal=529&amp;pagina=39" editionNumber="10" highlightType="" highlightPriority="" highlight="" highlightimage="" highlightimagename="" idMateria="20255618">
  <body>
    <Identifica><![CDATA[ PORTARIA DGP/PF Nº 21.235, DE 12 DE JANEIRO DE 2023]]></Identifica>
    <Data><![CDATA[]]></Data>
    <Ementa />
    <Titulo />
    <SubTitulo />
    <Texto><![CDATA[<p class="identifica">PORTARIA DGP/PF Nº 21.235, DE 12 DE JANEIRO DE 2023</p><p>O DIRETOR DE GESTÃO DE PESSOAL DA POLÍCIA FEDERAL SUBSTITUTO, no uso das atribuições que lhe são conferidas pelos incisos XIV e XIX do art. 43 do Regimento Interno da Polícia Federal, aprovado pela Portaria MSP nº 155, de 27/09/2018, publicada no Diário Oficial da União nº 200, de 17/10/2018, Seção I, pp. 51/56, e tendo em vista o que consta do Processos SEI nº 08200.015694/2020-97 e 08200.003021/2021-75 , resolve:</p><p>ALTERAR a Portaria nº 13.498-DGP/PF, publicada no DOU nº 168, de 1º/09/2020, que passa a vigorar com a seguinte redação:</p><p>Art. 1º Conceder pensão vitalícia a SILVIA ROSSETTO, viúva do ex-servidor CELSO MAGALHÃES SENA, Escrivão de Polícia Federal, Classe Especial, Matrícula SIAPE nº 359294, falecido na atividade em 07 de agosto de 2020, nos termos dos artigos 217, I, 219, I, §1º, e 222, VII, alínea "b", item 6, todos da Lei nº 8.112/1990, combinados com os arts. 23 e 26, § 3º, II, ambos da Emenda Constitucional nº 103/2019.</p><p>Art. 2º Os efeitos desta Portaria entram em vigor em 1º de setembro de 2020 (data da implantação da pensão).</p><p class="assina">ANTONIO GABRIEL LIMA PUCCI FILHO</p>]]></Texto>
  </body>
  <Midias />
</article></xml>