﻿<xml><article id="30093606" name="PORTARIA NA 12 - Designar TERESA" idOficio="9350934" pubName="DO2" artType="Portaria" pubDate="13/01/2023" artClass="00028:00001:00000:00000:00000:00000:00000:00000:00000:00000:00013:00001" artCategory="Ministério do Turismo/Gabinete do Ministro" artSize="12" artNotes="" numberPage="42" pdfPage="http://pesquisa.in.gov.br/imprensa/jsp/visualiza/index.jsp?data=13/01/2023&amp;jornal=529&amp;pagina=42" editionNumber="10" highlightType="" highlightPriority="" highlight="" highlightimage="" highlightimagename="" idMateria="20255682">
  <body>
    <Identifica><![CDATA[ PORTARIA DE PESSOAL MTUR Nº 12, DE 12 DE JANEIRO DE 2023]]></Identifica>
    <Data><![CDATA[]]></Data>
    <Ementa />
    <Titulo />
    <SubTitulo />
    <Texto><![CDATA[<p class="identifica">PORTARIA DE PESSOAL MTUR Nº 12, DE 12 DE JANEIRO DE 2023</p><p>A MINISTRA DE ESTADO DO TURISMO, no uso de suas atribuições e tendo em vista o disposto no art. 38 da Lei nº 8.112, de 11 de dezembro de 1990, no Decreto nº 11.267, de 29 de novembro de 2022, e no inciso II, do §1º do art. 3º da Portaria Mtur nº 60, de 30 de dezembro de 2022, resolve:</p><p>DESIGNAR TERESA CRISTINA ROCHA AZEVEDO DE OLIVEIRA, matrícula Siape nº 077679, para exercer o encargo de substituta eventual do cargo de Secretária Nacional de Fomento e Incentivo à Cultura, código CCE 1.17, da Secretaria Especial de Cultura deste Ministério, no período de 12 a 23 de janeiro de 2023.</p><p class="assina">DANIELA CARNEIRO</p>]]></Texto>
  </body>
  <Midias />
</article></xml>