﻿<xml><article id="30082202" name="srh63" idOficio="9348744" pubName="DO2" artType="Portaria" pubDate="13/01/2023" artClass="00018:00086:01908:00000:00000:00000:00000:00000:00000:00000:00017:00000" artCategory="Ministério da Educação/Universidade Federal de Campina Grande/Secretaria de Recursos Humanos" artSize="12" artNotes="" numberPage="26" pdfPage="http://pesquisa.in.gov.br/imprensa/jsp/visualiza/index.jsp?data=13/01/2023&amp;jornal=529&amp;pagina=26" editionNumber="10" highlightType="" highlightPriority="" highlight="" highlightimage="" highlightimagename="" idMateria="20252745">
  <body>
    <Identifica><![CDATA[ PORTARIA/SRH Nº 63, DE 12 DE JANEIRO DE 2023]]></Identifica>
    <Data><![CDATA[]]></Data>
    <Ementa />
    <Titulo />
    <SubTitulo />
    <Texto><![CDATA[<p class="identifica">PORTARIA/SRH Nº 63, DE 12 DE JANEIRO DE 2023</p><p>A SECRETÁRIA DE RECURSOS HUMANOS EM EXERCÍCIO DA UNIVERSIDADE FEDERAL DE CAMPINA GRANDE, nomeada pela Portaria nº 2.725, de 30 de setembro de 2022, Art.1º, I, (publicada no Boletim de Gestão de Pessoas em 03/10/2022 - Ano 6, Edição 10.1), no uso de suas atribuições legais e atendendo ao que consta no processo nº 23096.001003/2023-49, resolve:</p><p>Art.1º - Designar o servidor MARIO EDUARDO RANGEL MOREIRA CAVALCANTI MATA, Matrícula Siape: 332437, Vice-Reitor desta Universidade, para substituir ANTONIO FERNANDES FILHO, Matrícula Siape: 1514508, no Cargo de Direção (CD-01) de REITOR da Universidade Federal de Campina Grande, durante o período de 12 a 26 de janeiro de 2023, em virtude das férias do Titular do Cargo.</p><p>Art. 2º - Esta portaria entra em vigor na data de sua assinatura.</p><p class="assina">PATRICIA DE SOUZA CHAVES CARVALHO</p><p></p>]]></Texto>
  </body>
  <Midias />
</article></xml>