﻿<xml><article id="30090251" name="13 JANEIRO 2023" idOficio="9350344" pubName="DO2" artType="Portaria" pubDate="13/01/2023" artClass="00018:00094:00001:00000:00000:00000:00000:00000:00000:00000:00017:00000" artCategory="Ministério da Educação/Universidade Federal de Goiás/Gabinete da Reitoria" artSize="12" artNotes="" numberPage="28" pdfPage="http://pesquisa.in.gov.br/imprensa/jsp/visualiza/index.jsp?data=13/01/2023&amp;jornal=529&amp;pagina=28" editionNumber="10" highlightType="" highlightPriority="" highlight="" highlightimage="" highlightimagename="" idMateria="20254866">
  <body>
    <Identifica><![CDATA[ Portarias de 11 de Janeiro de 2023]]></Identifica>
    <Data><![CDATA[]]></Data>
    <Ementa />
    <Titulo />
    <SubTitulo />
    <Texto><![CDATA[<p class="identifica">Portarias de 11 de Janeiro de 2023</p><p>A Reitora da Universidade Federal de Goiás, no uso das atribuições que lhe confere o art. 56 do Regimento Geral, resolve:</p><p>Nº 215 - Prorrogar, até 17/01/2024, conforme disposto no art. 4º, da Lei nº 8.745, de 09/12/1993, com a redação dada pela Lei nº 10.667, de 14/05/2003, a vigência do contrato de RENATO BOLSON DALA CORTE, Matrícula nº 3269479/SIAPE, Professor Visitante, lotado no Instituto de Ciências Biológicas. (Processo Nº 23070.053059/2021-13)</p><p>A Reitora da Universidade Federal de Goiás, usando da competência delegada pela Portaria MEC nº 404 de 23/04/2009, publicada no D.O.U. de 07/05/2009, resolve:</p><p>Nº 218 - Autorizar o afastamento do País a ROBERTO DA PIEDADE FRANCISCO, Matrícula Nº 2143114/SIAPE, Professor Adjunto, lotado na Faculdade de Ciências e Tecnologia, para realizar Pós-Doutorado, em Engenharia Industrial e Gestão, na Universidade de Coimbra, na cidade de Coimbra/Portugal, no período de 01/03 a 31/07/2023, com ônus limitado para a Universidade Federal de Goiás, de acordo com o art. 1º, inciso II, do Decreto 91.800/1985 e art. 1º inciso VI do Decreto 1387/1995. (Processo Nº 23070.059760/2022-19)</p><p>A Reitora da Universidade Federal de Goiás, no uso das atribuições que lhe confere o art. 56 do Regimento Geral, resolve:</p><p>Nº 222 - Retificar os termos da Portaria nº 3898, publicada no D.O.U. de 28/09/2022, que concedeu aposentadoria voluntária, a JUAREZ FERRAZ DE MAIA, Matrícula nº 300825/SIAPE, Professor Associado, para constar, onde se lê: "Conceder aposentadoria voluntária a JUAREZ FERRAZ DE MAIA, Matrícula nº 300825/SIAPE, Professor Associado, Classe D, Nível 4, em regime de trabalho de Dedicação Exclusiva, lotado na Faculdade de Informação e Comunicação, nos termos do art. 40, §1º, inciso III da Constituição Federal, combinado com o art. 10, §1º, inciso I da Emenda Constitucional nº 103/2019, sendo os cálculos dos proventos nos termos do art. 26 §2º, inciso I da Emenda Constitucional nº 103/19 de 12/11/19", leia-se: "Conceder aposentadoria voluntária, com proventos proporcionais, à razão de 9.548/12.775 (nove mil quinhentos e quarenta e oito por doze mil setecentos e setenta e cinco) dias a JUAREZ FERRAZ DE MAIA, Matrícula nº 300825/SIAPE, Professor Associado, Classe D, Nível 4, em regime de trabalho de Dedicação Exclusiva, lotado na Faculdade de Informação e Comunicação, nos termos do Art. 40, §1º, inciso III, alínea "b", da Constituição Federal, com redação dada pela Emenda Constitucional nº 41, de 19/12/2003, combinado com o art. 3º da Emenda Constitucional nº 103 de 12/11/2019". (Processo Nº 23070.035362/2022-15)</p><p>A Reitora da Universidade Federal de Goiás, usando das atribuições que lhe confere o art. 56 do Regimento Geral, considerando o disposto no no art. 93 da Lei nº 8.112, de 11 de dezembro de 1990, o Decreto nº 10.835, de 14 de outubro de 2021, resolve:</p><p>Nº 231 - Revogar, a contar de 22/11/2022, os termos da Portaria nº 519, publicada no D.O.U. de 17/02/2022, que autorizou a cessão de HERICA NUBIA CARDOSO CIRILO, Matrícula nº 1425527/SIAPE, Farmacêutico, para exercer o cargo de Chefe da Unidade de Gestão da Inovação Tecnológica em Saúde, junto ao Setor de Gestão da Pesquisa e da Inovação Tecnológica em Saúde, da Gerência de Ensino e Pesquisa, da Rede Ebserh/Hospital das Clínicas/UFG. (Processo Nº 23070.006425/2022-18)</p><p>Nº 232 - Revogar, a contar de 22/11/2022, os termos da Portaria nº 445, publicada no D.O.U. de 14/02/2022, que autorizou a cessão de MARCELA MARIA FARIA PERES CAVALCANTE, Matrícula nº 1185599/SIAPE, Enfermeiro/Área, para exercer o cargo de Chefe da Unidade de Gestão da Pesquisa, junto ao Setor de Gestão da Pesquisa e da Inovação Tecnológica em Saúde, da Gerência de Ensino e Pesquisa, da Rede Ebserh/Hospital das Clínicas/UFG. (Processo Nº 23070.003319/2022-82)</p><p class="assina">ANGELITA PEREIRA DE LIMA</p><p></p><p class="identifica">Portarias de 12 de Janeiro de 2023</p><p>A Reitora da Universidade Federal de Goiás, usando das atribuições que lhe confere o art. 56 do Regimento Geral, considerando o disposto no no art. 93 da Lei nº 8.112, de 11 de dezembro de 1990, o Decreto nº 10.835, de 14 de outubro de 2021, resolve:</p><p>Nº 244 - Revogar, a contar de 29/12/2022, os termos da Portaria nº 4497, publicada no D.O.U. de 31/10/2022, que autorizou a cessão de PAULO ROBERTO VIANA GENTIL, Matrícula nº 1414095/SIAPE, Professor Adjunto, lotado na Faculdade de Educação Fisica e Dança, para exercício na Coordenação-Geral de Saúde da Diretoria de Gestão de Pessoas da Secretaria Especial de Administração da Secretaria - Geral da Presidência da República.( Processo Nº 23070.049748/2022-04)</p><p>A Reitora da Universidade Federal de Goiás, no uso das atribuições que lhe confere o art. 56 do Regimento Geral, resolve:</p><p>Nº 246 - Art. 1º Dispensar NORMA MENESES NUNES VITORINO, Matrícula nº 301056/SIAPE, da função de Coordenadora Administrativa - Financeira dos Restaurantes Universitários da Pró-Reitoria de Assuntos Estudantis, FG-1, nos termos do art. 15, §4º da Lei nº 8.112/90, incluído pela Lei nº 9.527/97, com efeitos a contar de 02/01/2023, data da efetivação da aposentadoria. (Processo Nº 23070.047451/2022-04)</p><p>Nº 261 - Prorrogar, até 15/03/2023, conforme disposto no art. 4º, da Lei nº 8.745, de 09/12/1993, com a redação dada pela Lei nº 10.667, de 14/05/2003, a vigência do contrato de ADRIANA MOURA GUIMARAES, Matrícula nº 3281142/SIAPE, Professor Substituto, lotada na Faculdade de Administração, Ciências Contábeis e Ciências Econômicas. (Processo nº 23070.062427/2021-14)</p><p class="assina">ANGELITA PEREIRA DE LIMA</p><p></p>]]></Texto>
  </body>
  <Midias />
</article></xml>