﻿<xml><article id="30093543" name="Portaria SEORI-SG-MD nA 113" idOficio="9350917" pubName="DO2" artType="Portaria" pubDate="13/01/2023" artClass="00013:00041:00000:00000:00000:00000:00000:00000:00000:00000:00017:00005" artCategory="Ministério da Defesa/Secretaria de Orçamento e Organização Institucional" artSize="12" artNotes="" numberPage="11" pdfPage="http://pesquisa.in.gov.br/imprensa/jsp/visualiza/index.jsp?data=13/01/2023&amp;jornal=529&amp;pagina=11" editionNumber="10" highlightType="" highlightPriority="" highlight="" highlightimage="" highlightimagename="" idMateria="20255664">
  <body>
    <Identifica><![CDATA[ Portaria SEORI/SG-MD  nº  113, de 6 de janeiro de 2023]]></Identifica>
    <Data><![CDATA[]]></Data>
    <Ementa />
    <Titulo />
    <SubTitulo />
    <Texto><![CDATA[<p class="identifica">Portaria SEORI/SG-MD nº 113, de 6 de janeiro de 2023</p><p>O SECRETÁRIO DE ORÇAMENTO E ORGANIZAÇÃO INSTITUCIONAL DO MINISTÉRIO DA DEFESA, no uso da competência que lhe foi subdelegada pelo inciso IV do art. 66, capítulo IV, anexo VIII da Portaria Normativa nº 12/MD, de 14 de fevereiro de 2019, e considerando o disposto no art. 8º da Portaria Normativa nº 98/GM-MD, de 20 de dezembro de 2018, e o que consta do Processo Administrativo nº 60583.003334/2022-77, resolve:</p><p>DISPENSAR os seguintes militares de ficarem à disposição da administração central do Ministério da Defesa:</p><p>- CMG MARCOS WERNECK REGINA, a partir de 7 de dezembro de 2022;</p><p>- CMG (T) IDILSON ALEXANDRE PALHARES CASSILHAS, a partir de 12 de dezembro de 2022;</p><p>- CF LEONARDO DO ROSARIO PLANÇO, a partir de 31 de outubro de 2022;</p><p>- CT (AA) ROBERTO KLAUSEN DA SILVA, a partir de 8 de dezembro de 2022;</p><p>- SO-AR REYNALDO PINHEIRO DE JESUS, a partir de 12 de dezembro de 2022;</p><p>- 1ºSG-ES FABRÍCIO DIVINO SOUSA BUENO, a partir de 14 de dezembro de 2022;</p><p>- 1ºSG-FN-IF ROBSON OLIVEIRA DE ANDRADE, a partir de 9 de dezembro de 2022; e</p><p>- 2ºSG-MO ULYSSES ALEXANDRE DA COSTA SILVA, a partir de 16 de dezembro de 2022.</p><p class="assina">JOSÉ ROBERTO FERNANDES JÚNIOR</p>]]></Texto>
  </body>
  <Midias />
</article></xml>