﻿<xml><article id="30092475" name="AFASTAMENTO DO PAAS EM 12.01.202" idOficio="9350699" pubName="DO2" artType="Despacho" pubDate="13/01/2023" artClass="00018:00131:00001:00000:00000:00000:00000:00000:00000:00000:00013:00000" artCategory="Ministério da Educação/Fundação Universidade de Brasília/Gabinete da Reitoria" artSize="12" artNotes="" numberPage="34" pdfPage="http://pesquisa.in.gov.br/imprensa/jsp/visualiza/index.jsp?data=13/01/2023&amp;jornal=529&amp;pagina=34" editionNumber="10" highlightType="" highlightPriority="" highlight="" highlightimage="" highlightimagename="" idMateria="20255299">
  <body>
    <Identifica><![CDATA[ DESPACHOS de 11 DE JANEIRO DE 2023]]></Identifica>
    <Data><![CDATA[]]></Data>
    <Ementa />
    <Titulo />
    <SubTitulo />
    <Texto><![CDATA[<p class="identifica">DESPACHOS de 11 DE JANEIRO DE 2023</p><p>A REITORA DA UNIVERSIDADE DE BRASÍLIA, no uso da competência que lhe foi delegada pelo art. 1º da Portaria/MEC n° 404/2009, publicada no DOU de 07/05/2009, considerando a legislação pertinente, Concede licença capacitação a:</p><p>CAROLINE SIQUEIRA GOMIDE, Professor(a) do Magistério Superior na Universidade de Brasília, no período de 13/01/2023 a 21/01/2023 (incluindo trânsito), para realizar ação de capacitação com dedicação exclusiva, na China, com ônus limitado. Proc. Eletrônico 23106.088098/2022-50.</p><p>A REITORA DA UNIVERSIDADE DE BRASÍLIA, no uso da competência que lhe foi delegada pelo art. 1º da Portaria/MEC n° 404/2009, publicada no DOU de 07/05/2009, considerando a legislação pertinente, concede afastamento a:</p><p>LUCAS ROCHA FURTADO, Professor do Magistério Superior na Universidade de Brasília, no período de 20/01/2023 a 31/07/2023 (incluindo trânsito), para realizar Pós-Doutorado, na Espanha, com ônus limitado, conforme Proc. Eletrônico 23106.147009/2022-14.</p><p>KATIA ELIZABETH PUENTE PALACIOS, Professora do Magistério Superior na Universidade de Brasília, no período de 06/03/2023 a 06/02/2024 (incluindo trânsito), para realizar Pós-Doutorado, em Quito/Equador, com ônus limitado. Proc. Eletrônico 23106.142219/2022-16.</p><p>FERNANDO BOMFIM MARIANA, Professor do Magistério Superior na Universidade de Brasília, no período de 13/03/2023 a 12/03/2024 (incluindo trânsito), para realizar Pós-Doutorado, em Lisboa/Portugal, com ônus limitado. Proc. Eletrônico 23106.140914/2022-43.</p><p class="assina">MÁRCIA ABRAHÃO MOURA</p>]]></Texto>
  </body>
  <Midias />
</article></xml>