﻿<xml><article id="30092640" name="P3RF22" idOficio="9350736" pubName="DO2" artType="Portaria" pubDate="13/01/2023" artClass="00015:00045:00432:00095:00000:00000:00000:00000:00000:00000:00017:00000" artCategory="Ministério da Economia/Secretaria Especial da Receita Federal do Brasil/Subsecretaria-Geral da Receita Federal do Brasil/Superintendência Regional da Receita Federal do Brasil 3ª Região Fiscal" artSize="12" artNotes="" numberPage="18" pdfPage="http://pesquisa.in.gov.br/imprensa/jsp/visualiza/index.jsp?data=13/01/2023&amp;jornal=529&amp;pagina=18" editionNumber="10" highlightType="" highlightPriority="" highlight="" highlightimage="" highlightimagename="" idMateria="20255356">
  <body>
    <Identifica><![CDATA[ PORTARIA DE PESSOAL SRRF03 Nº 22, DE 12 DE JANEIRO DE 2023]]></Identifica>
    <Data><![CDATA[]]></Data>
    <Ementa />
    <Titulo />
    <SubTitulo />
    <Texto><![CDATA[<p class="identifica">PORTARIA DE PESSOAL SRRF03 Nº 22, DE 12 DE JANEIRO DE 2023</p><p>O SUPERINTENDENTE ADJUNTO DA RECEITA FEDERAL DO BRASIL DA 3ª REGIÃO FISCAL, no uso da competência atribuída pela Portaria SRRF03 nº 38, de 12 de março de 2021, publicada no DOU de 17 de março de 2021 e no uso da atribuição subdelegada pela Portaria Cogep nº 323, de 27 de maio de 2019, publicada no Diário Oficial da União de 30 de maio de 2019, e de acordo com o inciso IX, art. 33, da Lei nº 8.112, de 11 de dezembro de 1990, resolve:</p><p>Declarar vago, em virtude de falecimento, o cargo ocupado pelo Auditor-Fiscal da Receita Federal do Brasil JAIME MARTINS DURANS NETO, matrículas Siapecad nº 1323829 e Siape nº 1560326, Classe S, Padrão III, lotado na Delegacia da Receita Federal do Brasil em São Luís - MA, a partir de 24 de dezembro de 2022.</p><p class="assina">ALEXANDRE GUILHERME VASCONCELOS</p>]]></Texto>
  </body>
  <Midias />
</article></xml>