﻿<xml><article id="30088542" name="PORTARIA DE PESSOAL PROGEPE-UFJF" idOficio="9350062" pubName="DO2" artType="Portaria" pubDate="13/01/2023" artClass="00018:00098:00001:00000:00000:00000:00000:00000:00000:00000:00017:00000" artCategory="Ministério da Educação/Universidade Federal de Juiz de Fora/Gabinete do Reitor" artSize="12" artNotes="" numberPage="29" pdfPage="http://pesquisa.in.gov.br/imprensa/jsp/visualiza/index.jsp?data=13/01/2023&amp;jornal=529&amp;pagina=29" editionNumber="10" highlightType="" highlightPriority="" highlight="" highlightimage="" highlightimagename="" idMateria="20254333">
  <body>
    <Identifica><![CDATA[ PORTARIA DE PESSOAL PROGEPE/UFJF Nº 30, DE 10 DE JANEIRO DE 2023]]></Identifica>
    <Data><![CDATA[]]></Data>
    <Ementa />
    <Titulo />
    <SubTitulo />
    <Texto><![CDATA[<p class="identifica">PORTARIA DE PESSOAL PROGEPE/UFJF Nº 30, DE 10 DE JANEIRO DE 2023</p><p>O REITOR DA UNIVERSIDADE FEDERAL DE JUIZ DE FORA, no uso de suas atribuições legais e regulamentares, nomeado pelo Decreto de 03 de abril de 2020, publicado no Diário Oficial da União de 06 de abril de 2020, e</p><p>CONSIDERANDO o constante dos autos do Processo nº 23071.900051/2023-08, resolve:</p><p>Art. 1º Conceder licença para tratar de interesses particulares, no período de 06 de março de 2023 a 05 de março de 2026, à servidora RENATA MARQUES DE OLIVEIRA DELAGE, ocupante do cargo de Assistente em Administração, matrícula SIAPE nº 2137334, lotada na Coordenadoria de Assuntos e Registros Acadêmicos, pertencente ao quadro permanente desta Universidade, nos termos do art. 91 da Lei 8.112/90.</p><p class="assina">MARCUS VINICIUS DAVID</p>]]></Texto>
  </body>
  <Midias />
</article></xml>