﻿<xml><article id="30084478" name="17 e 18" idOficio="9349286" pubName="DO2" artType="Portaria" pubDate="13/01/2023" artClass="00018:00091:00001:00000:00000:00000:00000:00000:00000:00000:00017:00000" artCategory="Ministério da Educação/Universidade Federal do Espírito Santo/Reitoria" artSize="12" artNotes="" numberPage="28" pdfPage="http://pesquisa.in.gov.br/imprensa/jsp/visualiza/index.jsp?data=13/01/2023&amp;jornal=529&amp;pagina=28" editionNumber="10" highlightType="" highlightPriority="" highlight="" highlightimage="" highlightimagename="" idMateria="20253347">
  <body>
    <Identifica><![CDATA[ PORTARIAS DE PESSOAL DE 12 DE JANEIRO DE 2023]]></Identifica>
    <Data><![CDATA[]]></Data>
    <Ementa />
    <Titulo />
    <SubTitulo />
    <Texto><![CDATA[<p class="identifica">PORTARIAS DE PESSOAL DE 12 DE JANEIRO DE 2023</p><p>O Reitor da Universidade Federal do Espírito Santo, no uso de suas atribuições legais e estatutárias, e de acordo com o que consta no Processo nº 23068.113006/2022-81, resolve:</p><p>Nº 17 - Declarar vago, a partir de 11/01/2023, o cargo de Assistente em Administração ocupado por FRANCCIS RHALLEN PEREIRA DE SOUZA CARDOSO, matrícula SIAPE nº 3008721, em razão de posse em outro cargo público inacumulável, com fundamento no inciso VIII, do art. 33 da Lei nº 8.112, de 1990.</p><p>Cessar os efeitos dos atos vinculados ao exercício do cargo.</p><p>O Reitor da Universidade Federal do Espírito Santo, considerando o disposto no art. 93 da Lei nº 8.112, de 11 de dezembro de 1990, regulamentado pelo Decreto nº 10.835, de 14 de outubro de 2021, publicado no Diário Oficial da União de 15 de outubro de 2021, e demais informações que constam do Processo digital nº 23068.000950/2023-50, resolve:</p><p>Nº 18 - Ceder o servidor JOSE EDGARD REBOUÇAS, matrícula SIAPE nº 1551150, pertencente ao Quadro de Pessoal da Universidade Federal do Espírito Santo, ocupante do cargo de Professor do Magistério Superior, para exercício junto ao Ministério da Saúde, exercendo o cargo de Coordenador de Comunicação da Secretaria de Vigilância em Saúde e Ambiente (código CCE 1.13).</p><p>O ônus pela remuneração ou salário é do órgão cedente.</p><p>O servidor deverá apresentar-se imediatamente ao órgão cedente ao término da cessão, observado o disposto no art. 8º do Decreto nº 10.835, de 14 de outubro de 2021.</p><p>Torna-se sem efeito o disposto nesta Portaria caso o servidor não se apresente ao órgão cessionário no prazo de trinta dias.</p><p>Esta Portaria entra em vigor a partir da data da publicação.</p><p class="assina">PAULO SERGIO DE PAULA VARGAS</p><p></p>]]></Texto>
  </body>
  <Midias />
</article></xml>