﻿<xml><article id="30079682" name="Modelo PublicaAAo Pregoeira 2023" idOficio="9348611" pubName="DO2" artType="Portaria" pubDate="13/01/2023" artClass="00026:00026:00019:00000:00000:00000:00000:00000:00000:00000:00017:00000" artCategory="Ministério da Saúde/Secretaria Especial de Saúde Indígena/Distrito Sanitário Especial Indígena - Kaiapó do Mato Grosso" artSize="12" artNotes="" numberPage="41" pdfPage="http://pesquisa.in.gov.br/imprensa/jsp/visualiza/index.jsp?data=13/01/2023&amp;jornal=529&amp;pagina=41" editionNumber="10" highlightType="" highlightPriority="" highlight="" highlightimage="" highlightimagename="" idMateria="20252476">
  <body>
    <Identifica><![CDATA[ PORTARIA Nº 1, DE 10 DE JANEIRO DE 2023]]></Identifica>
    <Data><![CDATA[]]></Data>
    <Ementa />
    <Titulo />
    <SubTitulo />
    <Texto><![CDATA[<p class="identifica">PORTARIA Nº 1, DE 10 DE JANEIRO DE 2023</p><p>O Coordenador Distrital de Saúde Indígena, do Distrito Sanitário Especial Indígena Kaiapó do Mato Grosso no uso das atribuições legais que lhe confere o Decreto nº 7.336, que criou no âmbito do Ministério da Saúde a Secretaria Especial de Saúde Indígena, de 19 de Outubro de 2010, e de acordo com a delegação de competência delegada pela Portaria SESAI/MS nº 02 de 10 de Fevereiro de 2014 bem como a Portaria GM/MS de nomeação nº 1.883 de 27 de Junho de 2022, publicada na seção 2, do DOU, em 29 de Junho de 2022, resolve:</p><p>Art. 1º - Designar como Pregoeira e Equipe de Apoio de acordo com a Lei nº 10.520, de 17 de Julho de 2002, os servidores na forma abaixo:</p><p>Pregoeira:</p><p>Teilisan Rodrigues Moreira Antunes - Matrícula SIAPE 3146537, CPF 920.115.351-15, Administradora.</p><p>Equipe de Apoio:</p><p>Divalcir Soares dos Santos - Matrícula SIAPE 0485601, CPF 442.272.301-44, Guarda de Endemias.</p><p>Benedito Nascimento Gomes - Matrícula SIAPE 0472492, CPF 148.193.331-00, Auxiliar de Enfermagem.</p><p>Cleuzo Dias Cesar - Matrícula SIAPE 0487069, Agente de Saúde Pública.</p><p>Adilson Benke - Matrícula SIAPE 0515408-1, Guarda de Endemias.</p><p>Art. 2º - Esta Portaria entra em vigor na data de sua publicação com validade pelo período de 01 (um) ano.</p><p class="assina">MATHEUS FABRÍCIO DIAS PEREIRA DE FARIA</p>]]></Texto>
  </body>
  <Midias />
</article></xml>