﻿<xml><article id="30079577" name="0009" idOficio="9348651" pubName="DO2" artType="Portaria" pubDate="13/01/2023" artClass="00007:00003:00000:00000:00000:00000:00000:00000:00000:00000:00017:00001" artCategory="Ministério da Agricultura, Pecuária e Abastecimento/Secretaria Executiva" artSize="12" artNotes="" numberPage="4" pdfPage="http://pesquisa.in.gov.br/imprensa/jsp/visualiza/index.jsp?data=13/01/2023&amp;jornal=529&amp;pagina=4" editionNumber="10" highlightType="" highlightPriority="" highlight="" highlightimage="" highlightimagename="" idMateria="20252534">
  <body>
    <Identifica><![CDATA[ PORTARIA DE PESSOAL SE/MAPA Nº 9, DE 11 DE JANEIRO DE 2023]]></Identifica>
    <Data><![CDATA[]]></Data>
    <Ementa />
    <Titulo />
    <SubTitulo />
    <Texto><![CDATA[<p class="identifica">PORTARIA DE PESSOAL SE/MAPA Nº 9, DE 11 DE JANEIRO DE 2023</p><p>O SECRETÁRIO-EXECUTIVO DO MINISTÉRIO DA AGRICULTURA, PECUÁRIA E ABASTECIMENTO, no uso da competência que lhe foi subdelegada pela Portaria nº 505, de 25 de outubro de 2022, publicada no Diário Oficial da União, de 26 de outubro de 2022, e tendo em vista as disposições da Lei nº 14.204, de 16 de setembro de 2021, do Decreto nº 10.829, de 5 de outubro de 2021, do Decreto nº 11.231, de 10 de outubro de 2022, e o que consta no Processo SEI nº 21000.083279/2022-42, resolve:</p><p>Dispensar, a pedido, a partir de 27 de dezembro de 2022, MARCIO RIBEIRO DA SILVA, matrícula SIAPE nº 3473871, da Função Comissionada Executiva de Chefe de Divisão, código FCE 1.07, da Divisão de Desenvolvimento e Infraestrutura, da Coordenação-Geral de Crédito Fundiário, do Departamento de Gestão do Crédito Fundiário, da Secretaria de Agricultura Familiar e Cooperativismo.</p><p class="assina">IRAJA LACERDA</p>]]></Texto>
  </body>
  <Midias />
</article></xml>