﻿<xml><article id="30092985" name="2023-01-12/9350778/SIGEPE_202554" idOficio="9350778" pubName="DO2" artType="Portaria" pubDate="13/01/2023" artClass="00018:00153:00004:00000:00000:00000:00000:00000:00000:00000:00017:00010" artCategory="Ministério da Educação/Universidade Federal do Estado do Rio de Janeiro/Pró-Reitoria de Gestão de Pessoas" artSize="12" artNotes="" numberPage="37" pdfPage="http://pesquisa.in.gov.br/imprensa/jsp/visualiza/index.jsp?data=13/01/2023&amp;jornal=529&amp;pagina=37" editionNumber="10" highlightType="" highlightPriority="" highlight="" highlightimage="" highlightimagename="" idMateria="20255454">
  <body>
    <Identifica><![CDATA[ Portaria PROGEPE/UNIRIO nº 10, de 12 de Janeiro de 2023]]></Identifica>
    <Data><![CDATA[]]></Data>
    <Ementa />
    <Titulo />
    <SubTitulo />
    <Texto><![CDATA[<p class="identifica">Portaria PROGEPE/UNIRIO nº 10, de 12 de Janeiro de 2023</p><p> O Pró-Reitor de Gestão de Pessoas Substituto da Universidade Federal do Estado do Rio de Janeiro (UNIRIO), usando da competência que lhe foi delegada pela Portaria GR nº 276, de 15 de abril de 2016, combinada pela Portaria GR nº 281, de 13 de junho de 2022, tendo em vista o disposto na legislação vigente e de acordo com os termos do Processo nº 23102.000044/2023-91,  resolve:</p><p> Art. 1º - Conceder pensão vitalícia a EURIDICE CRISTINA DE FREITAS GUIMARAES, na qualidade de cônjuge do ex-servidor Euclydes Guimaraes Neto, ocupante do cargo de Assistente em Administração D 116, matrícula SIAPE nº 03**273, do Quadro de Pessoal desta Universidade, falecido em Inatividade, em 31 de dezembro de 2022, com fundamento no inciso I do art. 3º da Portaria SGP/SEDGG/ME Nº 4645, de 24 de maio de 2022, c/c os artigos 217, inciso I e 222, inciso VII, alínea "b", item nº 6, da Lei nº 8.112, de 11 de dezembro de 1990, com as alterações dadas pela Lei nº 13.135, de 17 de junho de 2015, combinado com o caput do artigo 23, da Emenda Constitucional nº 103, de 12 de novembro de 2019.</p><p>Art. 2º - Os efeitos desta Portaria entram em vigor em 31 de dezembro de 2022, data do óbito.   </p><p class="assina">EDUARDO DE SOUZA DUARTE</p>]]></Texto>
  </body>
  <Midias />
</article></xml>