﻿<xml><article id="30091498" name="RETIFICAAAO__FY0YML" idOficio="9350592" pubName="DO2" artType="Retificação" pubDate="13/01/2023" artClass="00047:00001:00008:00005:00000:00000:00000:00000:00000:00000:00024:00000" artCategory="Poder Judiciário/Supremo Tribunal Federal/Secretaria do Tribunal/Secretaria de Gestão de Pessoas" artSize="12" artNotes="" numberPage="49" pdfPage="http://pesquisa.in.gov.br/imprensa/jsp/visualiza/index.jsp?data=13/01/2023&amp;jornal=529&amp;pagina=49" editionNumber="10" highlightType="" highlightPriority="" highlight="" highlightimage="" highlightimagename="" idMateria="20255136">
  <body>
    <Identifica><![CDATA[ RETIFICAÇÃO]]></Identifica>
    <Data><![CDATA[]]></Data>
    <Ementa />
    <Titulo />
    <SubTitulo />
    <Texto><![CDATA[<p class="identifica">RETIFICAÇÃO</p><p>Na Portaria n° 229, de 22 de setembro de 2022, publicada no Diário Oficial da União, Seção 2, do dia 26 subsequente, página 76, onde se lê: "Dispensar, a pedido, CAROLINA DOS SANTOS ARAÚJO", leia-se: "Dispensar CAROLINA DOS SANTOS ARAÚJO".</p>]]></Texto>
  </body>
  <Midias />
</article></xml>