﻿<xml><article id="30086131" name="PORTARIA 01 2023 - TATIANA PUZAK" idOficio="9349591" pubName="DO2" artType="Portaria" pubDate="13/01/2023" artClass="00047:00029:00001:00000:00000:00000:00000:00000:00000:00000:00017:00000" artCategory="Poder Judiciário/Tribunal Regional Eleitoral do Paraná/Presidência" artSize="12" artNotes="" numberPage="52" pdfPage="http://pesquisa.in.gov.br/imprensa/jsp/visualiza/index.jsp?data=13/01/2023&amp;jornal=529&amp;pagina=52" editionNumber="10" highlightType="" highlightPriority="" highlight="" highlightimage="" highlightimagename="" idMateria="20253707">
  <body>
    <Identifica><![CDATA[ PORTARIA Nº 1, DE 9 DE JANEIRO DE 2023]]></Identifica>
    <Data><![CDATA[]]></Data>
    <Ementa />
    <Titulo />
    <SubTitulo />
    <Texto><![CDATA[<p class="identifica">PORTARIA Nº 1, DE 9 DE JANEIRO DE 2023</p><p>O PRESIDENTE DO TRIBUNAL REGIONAL ELEITORAL DO PARANÁ, usando das atribuições que lhe são conferidas pelo artigo 23, incisos XXX e XLI do Regimento Interno deste Tribunal, e considerando o contido no Processo Administrativo Digital nº 36622/2022, resolve:</p><p>Art. 1º DISPENSAR a servidora TATIANA PUZAK GUIRAUD SANTOS, ocupante do cargo de Técnico Judiciário, Área Administrativa, do Quadro de Pessoal deste Tribunal, do exercício da função comissionada de Chefe de Cartório da 139ª Zona Eleitoral de PONTA GROSSA, FC-6, a partir de 09/01/2023.</p><p>Art. 2º Esta Portaria entra em vigor na data de sua publicação.</p><p class="assina">Des. COIMBRA DE MOURA</p>]]></Texto>
  </body>
  <Midias />
</article></xml>