﻿<xml><article id="30092138" name="Despachos do Reitor.19.12.2022__" idOficio="9350655" pubName="DO2" artType="Portaria" pubDate="13/01/2023" artClass="00018:00118:00000:00000:00000:00000:00000:00000:00000:00000:00017:00000" artCategory="Ministério da Educação/Universidade Federal de Santa Maria" artSize="12" artNotes="" numberPage="33" pdfPage="http://pesquisa.in.gov.br/imprensa/jsp/visualiza/index.jsp?data=13/01/2023&amp;jornal=529&amp;pagina=33" editionNumber="10" highlightType="" highlightPriority="" highlight="" highlightimage="" highlightimagename="" idMateria="20255220">
  <body>
    <Identifica><![CDATA[ PORTARIA DE PESSOAL nº 90, DE 12 DE JANEIRO DE 2023]]></Identifica>
    <Data><![CDATA[]]></Data>
    <Ementa />
    <Titulo />
    <SubTitulo />
    <Texto><![CDATA[<p class="identifica">PORTARIA DE PESSOAL nº 90, DE 12 DE JANEIRO DE 2023</p><p>A VICE-REITORA DA UNIVERSIDADE FEDERAL DE SANTA MARIA, no uso de suas atribuições legais e estatutárias, em virtude da delegação de competência atribuída pela Portaria de Pessoal UFSM N. 2.190, de 29 de dezembro de 2021 e suas apostilas, e tendo em vista o que consta no Processo n. 23081.004496/2023-38, resolve:</p><p>DISPENSAR, a partir de 11 de janeiro de 2023, MARIA IZABEL MARIANO DA ROCHA DUARTE, Matrícula SIAPE 1095264, ocupante do cargo de Museóloga, do Quadro Único de Pessoal da UFSM, da Função Gratificada de Chefe do Museu Gama D'Eça da Divisão de Museus da Coordenadoria de Cultura e Arte, Código FG5.012, para a qual foi designada pela Portaria N. 98.334, de 03/08/2020.</p><p class="assina">MARTHA BOHRER ADAIME</p><p class="identifica">DESPACHO DE 12 DE JANEIRO DE 2023</p><p>O REITOR DA UNIVERSIDADE FEDERAL DE SANTA MARIA, pela Portaria MEC n. 188, de 06/03/1995, publicada no Diário Oficial da União de 08/03/1995, AUTORIZA o Afastamento do País do(s) seguinte(s) servidor(es):</p><p>ERIC BRANDAO CARNEIRO, PROFESSOR DO MAGISTÉRIO SUPERIOR do DEPARTAMENTO DE ESTRUTURAS E CONSTRUÇÃO CIVIL, de 02 de Fevereiro de 2023 à 10 de Fevereiro de 2023, para realizar Afastamento para participar de Banca na instituição KU Leuven, em Leuven/Bélgica Com ônus limitado (Processo Nº 23081.002812/2023-37).</p><p class="assina">LUCIANO SCHUCH</p>]]></Texto>
  </body>
  <Midias />
</article></xml>