﻿<xml><article id="30086874" name="LAUDA DOU PRES 12 JAN 2022" idOficio="9349774" pubName="DO2" artType="Ato" pubDate="13/01/2023" artClass="00047:00056:00001:00000:00000:00000:00000:00000:00000:00000:00001:00000" artCategory="Poder Judiciário/Tribunal Regional do Trabalho da 15ª Região/Presidência" artSize="12" artNotes="" numberPage="54" pdfPage="http://pesquisa.in.gov.br/imprensa/jsp/visualiza/index.jsp?data=13/01/2023&amp;jornal=529&amp;pagina=54" editionNumber="10" highlightType="" highlightPriority="" highlight="" highlightimage="" highlightimagename="" idMateria="20253918">
  <body>
    <Identifica><![CDATA[ ATOS CPV de 10 de janeiro de 2023]]></Identifica>
    <Data><![CDATA[]]></Data>
    <Ementa />
    <Titulo />
    <SubTitulo />
    <Texto><![CDATA[<p class="identifica">ATOS CPV de 10 de janeiro de 2023</p><p>O DESEMBARGADOR PRESIDENTE DO TRIBUNAL REGIONAL DO TRABALHO DA 15ª REGIÃO, no uso de suas atribuições legais e regimentais, conforme determina a Resolução Administrativa n.º 7, de 15/07/2022, e o constante do Processo PROAD n.º 478/2023, resolve:</p><p>Nº 1 - Nomear, nos termos do artigo 5º, da Lei n.º 11.416/2006, CANDY GUIMARÃES, Analista Judiciária, área Judiciária, do Quadro Permanente da Secretaria deste Tribunal, para exercer o cargo em comissão de Coordenadora CJ-02, do mesmo Quadro, em vaga decorrente da exoneração da servidora Rayana Vidal Rosa da Silva.</p><p>O DESEMBARGADOR PRESIDENTE DO TRIBUNAL REGIONAL DO TRABALHO DA 15ª REGIÃO, no uso de suas atribuições legais e regimentais, conforme determina a Resolução Administrativa n.º 7, de 15/07/2022, e o constante do Processo PROAD n.º 478/2023, resolve:</p><p>Nº 2 - Nomear, nos termos do artigo 5º, da Lei n.º 11.416/2006, RAYANA VIDAL ROSA DA SILVA, Técnica Judiciária, área Administrativa, do Quadro Permanente da Secretaria deste Tribunal, para exercer o cargo em comissão de Assessora Técnica CJ-01, do mesmo Quadro, em vaga decorrente da exoneração do servidor Adilson Sergio Bertoldo Junior.</p><p>O DESEMBARGADOR PRESIDENTE DO TRIBUNAL REGIONAL DO TRABALHO DA 15ª REGIÃO, no uso de suas atribuições legais e regimentais, conforme determina a Resolução Administrativa n.º 7, de 15/07/2022, e o constante do Processo PROAD n.º 478/2023, resolve:</p><p>Nº 4 - Nomear, nos termos do artigo 5º, da Lei n.º 11.416/2006, ADILSON SERGIO BERTOLDO JUNIOR, Analista Judiciário, área Apoio Especializado, especialidade Tecnologia da Informação, do Quadro Permanente da Secretaria deste Tribunal, para exercer o cargo em comissão de Assessor Técnico CJ-01, do mesmo Quadro, em vaga decorrente da exoneração da servidora Candy Guimarães.</p><p class="assina">Samuel Hugo Lima</p>]]></Texto>
  </body>
  <Midias />
</article></xml>