﻿<xml><article id="30086221" name="ATO PORTARIA SGE DPGU NA 2__QA3R" idOficio="9349603" pubName="DO2" artType="Portaria" pubDate="13/01/2023" artClass="00045:00016:00000:00000:00000:00000:00000:00000:00000:00000:00017:00000" artCategory="Defensoria Pública da União/Secretaria-Geral Executiva" artSize="12" artNotes="" numberPage="46" pdfPage="http://pesquisa.in.gov.br/imprensa/jsp/visualiza/index.jsp?data=13/01/2023&amp;jornal=529&amp;pagina=46" editionNumber="10" highlightType="" highlightPriority="" highlight="" highlightimage="" highlightimagename="" idMateria="20253720">
  <body>
    <Identifica><![CDATA[ PORTARIA SGE DPGU Nº 2 , DE   9  DE JANEIRO DE 2023]]></Identifica>
    <Data><![CDATA[]]></Data>
    <Ementa />
    <Titulo />
    <SubTitulo />
    <Texto><![CDATA[<p class="identifica">PORTARIA SGE DPGU Nº 2 , DE 9 DE JANEIRO DE 2023</p><p>O SECRETÁRIO-GERAL EXECUTIVO usando das atribuições que lhe são conferidas pelo artigo 97, inciso V, da Resolução CSDPU º 98, de 10 de setembro de 2014, publicada no Diário Oficial da União de 11.09.2014, seção I, páginas 66/74;</p><p>Considerando o que consta do Processo Administrativo SEI nº 08038.002020/2022-13;, resolve:</p><p>Art. 1º Autorizar, com fundamento no artigo 20, §4º, da Lei 8.112/1990, o afastamento do Servidor Público Federal Luiz Fellype de Oliveira Leite, ocupante do cargo de Agente Administrativo do Quadro de Pessoal da Defensoria Pública da União, matrícula SIAPE n° 1287827, para participar de curso de formação para o cargo de Delegado de Polícia do quadro da Polícia Civil do Estado do Pará, no período compreendido entre Janeiro a Junho de 2023, com início em 05.01.2023.</p><p>Art. 2º O servidor terá sua remuneração custeada pela Defensoria Pública da União enquanto durar sua participação no Curso de Formação.</p><p>Art. 3° Esta Portaria entra em vigor na data de sua publicação.</p><p class="assina">LEONARDO DE CASTRO TRINDADE</p><p></p>]]></Texto>
  </body>
  <Midias />
</article></xml>