﻿<xml><article id="30079853" name="Cederaoaservidor AndrA Luis Ludo" idOficio="9348723" pubName="DO2" artType="Portaria" pubDate="13/01/2023" artClass="00015:00041:00033:00000:00000:00000:00000:00000:00000:00000:00017:00000" artCategory="Ministério da Economia/Secretaria Especial de Desburocratização, Gestão e Governo Digital/Secretaria de Gestão" artSize="12" artNotes="" numberPage="13" pdfPage="http://pesquisa.in.gov.br/imprensa/jsp/visualiza/index.jsp?data=13/01/2023&amp;jornal=529&amp;pagina=13" editionNumber="10" highlightType="" highlightPriority="" highlight="" highlightimage="" highlightimagename="" idMateria="20252692">
  <body>
    <Identifica><![CDATA[ PORTARIA DE PESSOAL SEGES/ME Nº 241, DE 11 DE JANEIRO DE 2023]]></Identifica>
    <Data><![CDATA[]]></Data>
    <Ementa />
    <Titulo />
    <SubTitulo />
    <Texto><![CDATA[<p class="identifica">PORTARIA DE PESSOAL SEGES/ME Nº 241, DE 11 DE JANEIRO DE 2023</p><p>O SECRETÁRIO DE GESTÃO DA SECRETARIA ESPECIAL DE DESBUROCRATIZAÇÃO, GESTÃO E GOVERNO DIGITAL DO MINISTÉRIO DA ECONOMIA, no uso da competência subdelegada pelo art. 9º da Portaria SEDGG nº 8.720, de 3 de outubro de 2022, considerando o disposto no art. 93 da Lei nº 8.112, de 11 de dezembro de 1990, regulamentado pelo Decreto nº 10.835, de 14 de outubro de 2021, e demais informações que constam do Processo nº 12105.100014/2023-38, resolve:</p><p>Art. 1º Ceder o servidor André Luis Ludolfo da Silva, matrícula SIAPE nº 1974361, pertencente ao Quadro de Pessoal deste Ministério, para exercício de cargo em comissão na Agência Nacional de Transportes Terrestres, em Brasília/DF.</p><p>Art. 2º O ônus pela remuneração é do órgão cedente.</p><p>Art. 3º O servidor deverá apresentar-se imediatamente ao órgão cedente ao término da cessão, observando o disposto no art. 8º do Decreto nº 10.835, de 14 de outubro de 2021.</p><p>Art. 4º Torna-se sem efeito o disposto nesta Portaria caso o servidor não se apresente ao órgão cessionário no prazo de trinta dias.</p><p>Art. 5º Esta Portaria entra em vigor na data da sua publicação.</p><p class="assina">ROBERTO SEARA MACHADO POJO REGO</p>]]></Texto>
  </body>
  <Midias />
</article></xml>