﻿<xml><article id="30092129" name="PORTARIA CONJUNTA PRESI-COGER 2-" idOficio="9350674" pubName="DO2" artType="Portaria Conjunta" pubDate="13/01/2023" artClass="00047:00007:00001:00000:00000:00000:00000:00000:00000:00000:00017:00002" artCategory="Poder Judiciário/Tribunal Regional Federal da 1ª Região/Presidência" artSize="12" artNotes="" numberPage="50" pdfPage="http://pesquisa.in.gov.br/imprensa/jsp/visualiza/index.jsp?data=13/01/2023&amp;jornal=529&amp;pagina=50" editionNumber="10" highlightType="" highlightPriority="" highlight="" highlightimage="" highlightimagename="" idMateria="20255271">
  <body>
    <Identifica><![CDATA[ PORTARIA CONJUNTA PRESI/COGER Nº 2, DE 11 DE JANEIRO DE 2023]]></Identifica>
    <Data><![CDATA[]]></Data>
    <Ementa />
    <Titulo />
    <SubTitulo />
    <Texto><![CDATA[<p class="identifica">PORTARIA CONJUNTA PRESI/COGER Nº 2, DE 11 DE JANEIRO DE 2023</p><p>O VICE-PRESIDENTE DO TRIBUNAL REGIONAL FEDERAL DA 1ª REGIÃO, NO EXERCÍCIO DA PRESIDÊNCIA, e o CORREGEDOR REGIONAL DA JUSTIÇA FEDERAL DA 1ª REGIÃO, no uso de suas atribuições legais e regimentais e tendo em vista o que consta nos autos do processo administrativo PAe 0000908-45.2023.4.01.8000</p><p>CONSIDERANDO:</p><p>a) A necessidade de alteração da Portaria Conjunta Presi/Coger 1 (17269923), que institui regime de mutirão na Seção Judiciária do Distrito Federal para a realização das audiências de custódia delegadas pelo Supremo Tribunal Federal nos autos do Inquérito 4.879/DF, para a correção de erros materiais e para a inclusão e exclusão de magistrados, resolvem:</p><p>Art. 1º ALTERAR o art. 4º da Portaria Conjunta Presi/Coger 1 (17269923), que passa a vigorar com a seguinte redação:</p><p>Art. 4º São designados para atuar no regime de mutirão da Seção Judiciária do Distrito Federal, sem prejuízo nas localidades de origem, os seguintes magistrados:</p><p>I. Ana Lya Ferraz da Gama Ferreira - 2ª Vara da Subseção Judiciária de Cáceres;</p><p>II. Bruno Hermes Leal - 4ª Vara da Seção Judiciária de Roraima;</p><p>III. Carlos Eduardo Castro Martins - 1ª Relatoria da 2ª Turma Recursal da Seção Judiciária do Distrito Federal;</p><p>IV. Francisco Antônio de Moura Júnior - 1ª Vara da Subseção Judiciária de Cáceres;</p><p>V. Francisco Renato Codevila Pinheiro - 15ª Vara da Seção Judiciária do Distrito Federal;</p><p>VI. Frederico Botelho de Barros Viana - 15ª Vara da Seção Judiciária do Distrito Federal;</p><p>VII. Gustavo André Oliveira dos Santos - 1ª Vara da Seção Judiciária do Piauí;</p><p>VIII. Isaura Cristina de Oliveira Leite - 26ª Vara da Seção Judiciária do Distrito Federal;</p><p>IX. Ivo Anselmo Hohn Junior - 8ª Vara da Seção Judiciária do Maranhão;</p><p>X. Jeferson Schneider - 5ª Vara da Seção Judiciária do Mato Grosso;</p><p>XI. Laís Durval Leite - 2ª Vara da Seção Judiciária de Rondônia;</p><p>XII. Leonardo Araújo de Miranda Fernandes - 2ª Vara da Seção Judiciária do Amazonas;</p><p>XIII. Leonardo Hernandez Santos Soares - 3ª Relatoria da 2ª Turma Recursal das Seções Judiciárias do Pará e do Amapá;</p><p>XIV. Leonardo Tocchetto Pauperio - 16ª Vara da Seção Judiciária do Distrito Federal;</p><p>XV. Marcelo Gentil Monteiro - 1ª Vara da Seção Judiciária do Distrito Federal;</p><p>XVI. Mateus Benato Pontalti - Vara Única Subseção Judiciária de Altamira;</p><p>XVII. Pablo Enrique Carneiro Baldivieso - Vara Única Subseção Judiciária de Eunápolis;</p><p>XVIII. Paulo Cézar Alves Sodré - 7ª Vara da Seção Judiciária do Mato Grosso;</p><p>XIX. Pollyanna Kelly Maciel Medeiros Martins Alves - 12ª Vara Federal da Seção Judiciária do Distrito Federal;</p><p>XX. Ricardo Augusto Soares Leite - 10ª Vara da Seção Judiciária do Distrito Federal;</p><p>XXI. Rodrigo Gasiglia de Souza - 2ª Vara da Subseção Judiciária de Rondonópolis;</p><p>XXII. Rodrigo Navarro de Oliveira - 1ª Relatoria da 1ª Turma Recursal da Seção Judiciária de Goiás;</p><p>XXIII. Tarsis Augusto de Santana Lima - Vara Única Subseção Judiciária de Luziânia;</p><p>XXIV. Thadeu José Piragibe Afonso - Vara Única Subseção Judiciária de Formosa;</p><p>XXV. Victor Curado Silva Pereira - 1ª Vara da Subseção Judiciária de Araguaína.</p><p>Art. 5º Esta portaria entra em vigor na data de sua publicação, alterando a Portaria Conjunta Presi/Coger 1 (17269923).</p><p class="assina">Des. MARCOS AUGUSTO DE SOUSA</p><p class="cargo">Presidente do Tribunal</p><p class="cargo">Em Exercício</p><p class="assina">Des. NÉVITON GUEDES</p><p class="cargo">Corregedor Regional da Justiça Federal da 1ª Região</p>]]></Texto>
  </body>
  <Midias />
</article></xml>