﻿<xml><article id="30086375" name="Ato 5-2023 vacAncia" idOficio="9349634" pubName="DO2" artType="Ato" pubDate="13/01/2023" artClass="00047:00034:00001:00000:00000:00000:00000:00000:00000:00000:00001:00000" artCategory="Poder Judiciário/Tribunal Regional Eleitoral do Rio de Janeiro/Presidência" artSize="12" artNotes="" numberPage="52" pdfPage="http://pesquisa.in.gov.br/imprensa/jsp/visualiza/index.jsp?data=13/01/2023&amp;jornal=529&amp;pagina=52" editionNumber="10" highlightType="" highlightPriority="" highlight="" highlightimage="" highlightimagename="" idMateria="20253751">
  <body>
    <Identifica><![CDATA[ ATO GP nº 5, DE 9 de janeiro de 2023]]></Identifica>
    <Data><![CDATA[]]></Data>
    <Ementa />
    <Titulo />
    <SubTitulo />
    <Texto><![CDATA[<p class="identifica">ATO GP nº 5, DE 9 de janeiro de 2023</p><p>O PRESIDENTE DO TRIBUNAL REGIONAL ELEITORAL DO RIO DE JANEIRO, no uso de suas atribuições legais e regimentais, considerando o que consta do processo SEI nº 2022.0.000057680-9, resolve:</p><p>Art. 1º Declarar vago, a contar de 15 de dezembro de 2022, por motivo de posse em outro cargo público inacumulável, nos termos do artigo 33, inciso VIII, da Lei nº 8.112/1990, o cargo de Técnico Judiciário, Área Administrativa, Classe C, Padrão 13, do Quadro de Pessoal deste Tribunal, criado por leis anteriores, para o qual a servidora MARCIA NASCIMENTO DA SILVA foi nomeada pelo Ato GP nº 091/1996, publicado no D.O. deste Estado, Parte III, Seção III - Federal, em 07 de março de 1996.</p><p>Art. 2º Este ato entrará em vigor na data de sua publicação.</p><p class="assina">ELTON MARTINEZ CARVALHO LEME</p>]]></Texto>
  </body>
  <Midias />
</article></xml>