﻿<xml><article id="30079487" name="DESPACHO MATHIAS JOURDAIN DE 11." idOficio="9348652" pubName="DO2" artType="Despacho" pubDate="13/01/2023" artClass="00015:00002:00000:00000:00000:00000:00000:00000:00000:00000:00013:00006" artCategory="Ministério da Economia/Secretaria Executiva" artSize="12" artNotes="" numberPage="13" pdfPage="http://pesquisa.in.gov.br/imprensa/jsp/visualiza/index.jsp?data=13/01/2023&amp;jornal=529&amp;pagina=13" editionNumber="10" highlightType="" highlightPriority="" highlight="" highlightimage="" highlightimagename="" idMateria="20252535">
  <body>
    <Identifica><![CDATA[ DESPACHO de 11 de Janeiro de 2023]]></Identifica>
    <Data><![CDATA[]]></Data>
    <Ementa />
    <Titulo />
    <SubTitulo />
    <Texto><![CDATA[<p class="identifica">DESPACHO de 11 de Janeiro de 2023</p><p>O SECRETÁRIO-EXECUTIVO DO MINISTÉRIO DA FAZENDA, tendo em vista o disposto nos arts. 51 e 54 da Medida Provisória nº 1.154, de 1º de janeiro de 2023, bem como o disposto no Decreto nº 1.387, de 07 de fevereiro de 1995, e o Decreto nº 10.193, de 27 de dezembro de 2019, e no uso da competência que lhe foi delegada pelos artigos 3º e 4º da Portaria ME nº 7.081, de 9 de agosto de 2022, autoriza o afastamento do País de MATHIAS JOURDAIN ALENCASTRO, Assessor Especial do Ministério da Economia, no período de 15 a 19 de janeiro de 2023, inclusive trânsito, com ônus, a fim de acompanhar e assessorar o Ministro de Estado da Fazenda no Fórum Econômico Mundial, em Davos/Suíça. (Processo SEI nº 12100.100140/2023-32).</p><p class="assina">GABRIEL MURICCA GALÍPOLO</p>]]></Texto>
  </body>
  <Midias />
</article></xml>