﻿<xml><article id="30093594" name="PORTARIA GPR 69" idOficio="9350930" pubName="DO2" artType="Portaria" pubDate="13/01/2023" artClass="00047:00041:00002:00000:00000:00000:00000:00000:00000:00000:00017:00069" artCategory="Poder Judiciário/Tribunal de Justiça do Distrito Federal e dos Territórios/Presidência" artSize="12" artNotes="" numberPage="53" pdfPage="http://pesquisa.in.gov.br/imprensa/jsp/visualiza/index.jsp?data=13/01/2023&amp;jornal=529&amp;pagina=53" editionNumber="10" highlightType="" highlightPriority="" highlight="" highlightimage="" highlightimagename="" idMateria="20255638">
  <body>
    <Identifica><![CDATA[ PORTARIA GPR Nº 69, DE 10 DE JANEIRO DE 2023]]></Identifica>
    <Data><![CDATA[]]></Data>
    <Ementa />
    <Titulo />
    <SubTitulo />
    <Texto><![CDATA[<p class="identifica">PORTARIA GPR Nº 69, DE 10 DE JANEIRO DE 2023</p><p>O PRESIDENTE DO TRIBUNAL DE JUSTIÇA DO DISTRITO FEDERAL E DOS TERRITÓRIOS, no uso de sua competência legal e tendo em vista o contido no Processo SEI 0017776/2022, resolve:</p><p>Art. 1º Dispensar, a partir de 10 de janeiro de 2023, ANDRE RAMON GREGORY, matrícula 311.938, Técnico Judiciário, Área Administrativa, do Quadro de Pessoal deste Tribunal, da Função Comissionada, FC-03, da 2ª Vara da Infância e da Juventude do Distrito Federal.</p><p>Art. 2º Dispensar, a partir de 10 de janeiro de 2023, DANILO BRUNO BARBOSA CAMPOS, matrícula 319.483, Analista Judiciário, Área Judiciária, do Quadro de Pessoal deste Tribunal, da Função Comissionada, FC-01, de Executante, da 2ª Vara da Infância e da Juventude do Distrito Federal.</p><p>Art. 3º Dispensar, a partir de 10 de janeiro de 2023, SANDRA APARECIDA DE BRITO, matrícula 308.660, Técnico Judiciário, Área Administrativa, do Quadro de Pessoal deste Tribunal, da Função Comissionada, FC-03, da 2ª Vara da Infância e da Juventude do Distrito Federal.</p><p>Art. 4º Esta Portaria entra em vigor na data de sua publicação.</p><p class="assina">Des. CRUZ MACEDO</p>]]></Texto>
  </body>
  <Midias />
</article></xml>