﻿<xml><article id="30093084" name="2023-01-12/9350810/SIGEPE_202554" idOficio="9350810" pubName="DO2" artType="Portaria" pubDate="13/01/2023" artClass="00018:00106:00057:00000:00000:00000:00000:00000:00000:00000:00017:00125" artCategory="Ministério da Educação/Universidade Federal do Paraná/Pró Reitoria de Gestão de Pessoas" artSize="12" artNotes="" numberPage="30" pdfPage="http://pesquisa.in.gov.br/imprensa/jsp/visualiza/index.jsp?data=13/01/2023&amp;jornal=529&amp;pagina=30" editionNumber="10" highlightType="" highlightPriority="" highlight="" highlightimage="" highlightimagename="" idMateria="20255484">
  <body>
    <Identifica><![CDATA[ Portaria PROGEPE/UFPR nº 125, de 12 de Janeiro de 2023]]></Identifica>
    <Data><![CDATA[]]></Data>
    <Ementa />
    <Titulo />
    <SubTitulo />
    <Texto><![CDATA[<p class="identifica">Portaria PROGEPE/UFPR nº 125, de 12 de Janeiro de 2023</p><p>O Pró-Reitor de Gestão de Pessoas da Universidade Federal do Paraná, no uso de suas atribuições, tendo em vista a competência que lhe é conferida pela Portaria UFPR/REITORIA nº 2.590, de 26 de setembro de 1997 e considerando o contido no processo nº 23075.079001/2022-22, resolve:</p><p>Retificar a Portaria PROGEPE/UFPR nº 73, de 05 de janeiro de 2023, publicada no DOU de 06.01.2023, Seção 2, pág. 26, que concedeu benefício de pensão à cônjuge divorciada SANDRA MARCIA HILGENBERG TEIXEIRA em virtude do falecimento do servidor SIDNEI TEIXEIRA - 341985:</p><p>Onde se Lê: … a partir de 08 de dezembro de 2023, data do falecimento de … .</p><p>Leia-se: … a partir de 08 de dezembro de 2022, data do falecimento de… .</p><p class="assina">DOUGLAS ORTIZ HAMERMULLER</p>]]></Texto>
  </body>
  <Midias />
</article></xml>