﻿<xml><article id="30088192" name="ATO GP 11_2023_Processo 6000048-" idOficio="9350034" pubName="DO2" artType="Ato" pubDate="13/01/2023" artClass="00047:00005:00001:00000:00000:00000:00000:00000:00000:00000:00001:00000" artCategory="Poder Judiciário/Tribunal Superior do Trabalho/Presidência" artSize="12" artNotes="" numberPage="50" pdfPage="http://pesquisa.in.gov.br/imprensa/jsp/visualiza/index.jsp?data=13/01/2023&amp;jornal=529&amp;pagina=50" editionNumber="10" highlightType="" highlightPriority="" highlight="" highlightimage="" highlightimagename="" idMateria="20254284">
  <body>
    <Identifica><![CDATA[ ATO Nº 11, DE 12 DE JANEIRO DE 2023]]></Identifica>
    <Data><![CDATA[]]></Data>
    <Ementa />
    <Titulo />
    <SubTitulo />
    <Texto><![CDATA[<p class="identifica">ATO Nº 11, DE 12 DE JANEIRO DE 2023</p><p>O VICE-PRESIDENTE NO EXERCÍCIO DA PRESIDÊNCIA DO TRIBUNAL SUPERIOR DO TRABALHO, no uso de suas atribuições legais e regimentais e tendo em vista o constante dos autos do Processo Administrativo TST nº 6000048/2023-00, resolve:</p><p>Conceder pensão vitalícia ao Sr. ROGÉRIO OSÓRIO DE OLIVEIRA CARVALHO, viúvo da ex-servidora deste Tribunal MARCIA REGINA DE RESENDE QUEIROZ CARVALHO, código 23471, aposentada no cargo da Carreira Judiciária de Técnico Judiciário, com efeitos a contar de 30/12/2022, data do óbito, com fundamento nos arts. 23 e 24 da Emenda Constitucional nº 103/2019; nos arts. 16, inciso I, 74, inciso I, e 77, § 2º, inciso I, e § 2º-B, da Lei nº 8.213/1991; e no art. 1º, inciso VI, da Portaria ME nº 424, de 29/12/2020, publicada no DOU de 30/12/2020, cabendo ao beneficiário 60% do valor dos proventos da ex-servidora, observado o disposto no § 2º do art. 24 da citada EC nº 103/2019 e o art. 15 da Lei nº 10.887/2004.</p><p class="assina">Min. ALOYSIO SILVA CORRÊA DA VEIGA</p>]]></Texto>
  </body>
  <Midias />
</article></xml>