﻿<xml><article id="30091486" name="PORTARIA GPR 82" idOficio="9350590" pubName="DO2" artType="Portaria" pubDate="13/01/2023" artClass="00047:00041:00002:00000:00000:00000:00000:00000:00000:00000:00017:00082" artCategory="Poder Judiciário/Tribunal de Justiça do Distrito Federal e dos Territórios/Presidência" artSize="12" artNotes="" numberPage="53" pdfPage="http://pesquisa.in.gov.br/imprensa/jsp/visualiza/index.jsp?data=13/01/2023&amp;jornal=529&amp;pagina=53" editionNumber="10" highlightType="" highlightPriority="" highlight="" highlightimage="" highlightimagename="" idMateria="20255128">
  <body>
    <Identifica><![CDATA[ PORTARIA GPR Nº 82, DE 12 DE JANEIRO DE 2023]]></Identifica>
    <Data><![CDATA[]]></Data>
    <Ementa />
    <Titulo />
    <SubTitulo />
    <Texto><![CDATA[<p class="identifica">PORTARIA GPR Nº 82, DE 12 DE JANEIRO DE 2023</p><p>O PRESIDENTE DO TRIBUNAL DE JUSTIÇA DO DISTRITO FEDERAL E DOS TERRITÓRIOS, no uso de sua competência legal e tendo em vista o contido no Processo Administrativo 1000435/2023, resolve:</p><p>Art. 1º Designar o Bacharel em Direito IGOR ORLANDI MEIRA, matrícula 317.947, Técnico Judiciário, Área Administrativa, do Quadro de Pessoal deste Tribunal, para substituir o titular do Cargo em Comissão, CJ-02, de Assessor da Vara de Execuções Penais do Distrito Federal, nos seus impedimentos legais e eventuais, ficando dispensada ANANDA MANUELA PIRES BRITTO SCHMIDT, matrícula 320.785, Técnico Judiciário, Área Administrativa, do Quadro de Pessoal deste Tribunal.</p><p>Art. 2º Esta Portaria entra em vigor na data de sua publicação.</p><p class="assina">Des. CRUZ MACEDO</p>]]></Texto>
  </body>
  <Midias />
</article></xml>