﻿<xml><article id="30090461" name="Portaria_PGJ_28" idOficio="9350399" pubName="DO2" artType="Portaria" pubDate="13/01/2023" artClass="00043:00009:00002:00000:00000:00000:00000:00000:00000:00000:00017:00000" artCategory="Ministério Público da União/Ministério Público do Distrito Federal e Territórios/Procuradoria-Geral de Justiça" artSize="12" artNotes="" numberPage="44" pdfPage="http://pesquisa.in.gov.br/imprensa/jsp/visualiza/index.jsp?data=13/01/2023&amp;jornal=529&amp;pagina=44" editionNumber="10" highlightType="" highlightPriority="" highlight="" highlightimage="" highlightimagename="" idMateria="20254903">
  <body>
    <Identifica><![CDATA[ PORTARIA Nº 28, DE 12 DE JANEIRO DE 2023]]></Identifica>
    <Data><![CDATA[]]></Data>
    <Ementa />
    <Titulo />
    <SubTitulo />
    <Texto><![CDATA[<p></p><p class="identifica">PORTARIA Nº 28, DE 12 DE JANEIRO DE 2023</p><p>O PROCURADOR-GERAL DE JUSTIÇA DO DISTRITO FEDERAL E TERRITÓRIOS, no uso das atribuições legais conferidas pela Lei Complementar n° 75, de 20 de maio de 1993, CONSIDERANDO a solicitação constante do processo SEI nº 19.04.4343.0008691/2022-81, resolve:</p><p>Art. 1º Autorizar a cessão do servidor RODOLFO SOUSA FOLHA DO VALE, Técnico do MPU/Administração, matrícula nº 5577, para exercer o cargo de Secretário, subsídio 5, da Secretaria de Estado de Governo e Gestão Estratégica, pelo prazo de 1(um) ano, a contar de 5 de janeiro de 2023, com ônus da remuneração do cargo efetivo para o órgão cessionário, nos termos do art. 93, I, c/c §1º, da Lei nº 8.112, de 11 de dezembro de 1990, e art. 3º, I, §§ 1º e 5º, c/c art. 5º, I, da Portaria PGR/MPU nº 15, de 21 de março de 2019.</p><p>Parágrafo único. O servidor deverá realizar a atualização anual de seus dados cadastrais, em observância ao inciso XIX do art. 117 da Lei nº 8.112/90.</p><p class="assina">GEORGES CARLOS FREDDERICO MOREIRA SEIGNEUR</p>]]></Texto>
  </body>
  <Midias />
</article></xml>