﻿<xml><article id="30091083" name="Portaria CHELOG-EMCFA-MD nA 187" idOficio="9350544" pubName="DO2" artType="Portaria" pubDate="13/01/2023" artClass="00013:00034:00006:00000:00000:00000:00000:00000:00000:00000:00017:00000" artCategory="Ministério da Defesa/Estado-Maior Conjunto das Forças Armadas/Chefia de Logística e Mobilização" artSize="12" artNotes="" numberPage="10" pdfPage="http://pesquisa.in.gov.br/imprensa/jsp/visualiza/index.jsp?data=13/01/2023&amp;jornal=529&amp;pagina=10" editionNumber="10" highlightType="" highlightPriority="" highlight="" highlightimage="" highlightimagename="" idMateria="20255038">
  <body>
    <Identifica><![CDATA[ Portaria CHELOG/EMCFA-MD  n° 187, de 12 de janeiro de 2023]]></Identifica>
    <Data><![CDATA[]]></Data>
    <Ementa />
    <Titulo />
    <SubTitulo />
    <Texto><![CDATA[<p class="identifica">Portaria CHELOG/EMCFA-MD n° 187, de 12 de janeiro de 2023</p><p>O CHEFE DE LOGÍSTICA E MOBILIZAÇÃO DO ESTADO-MAIOR CONJUNTO DAS FORÇAS ARMADAS, no uso da competência subdelegada pelo Ministro da Defesa, de acordo o artigo 2º, da Portaria nº 1.561/GM-MD, de 25 de março de 2022, alterado pela Portaria nº 2.848/GM-MD, de 18 de maio de 2022, e o Processo Administrativo nº 60311.000003/2023-66, resolve:</p><p>DESIGNAR o Capitão de Corveta (IM) YURI HENRIQUES GURGEL, do Centro de Apoio a Sistemas Logísticos de Defesa, para participar da 18ª Conferência OTAN sobre Gestão do Ciclo de Vida de Sistemas de Defesa (GCVSD) e da 1ª Reunião do Main Group do Life Cycle Management Group (LCMG) - Grupo de Gestão do Ciclo de Vida (Allied Commitee 327 - AC 327), no período de 22 a 28 de janeiro de 2023, na cidade de Bruxelas - Bélgica, incluindo trânsito, com ônus total para o Ministério da Defesa.</p><p>A missão acima é considerada do tipo eventual e de natureza militar, estando enquadrada na alínea "c" do inciso I e na alínea "b" do inciso II do art. 3º, combinados com o parágrafo único do art. 11, todos da Lei nº 5.809, de 10 de outubro de 1972, regulamentada pelo Decreto nº 71.733, de 18 de janeiro de 1973, e suas alterações.</p><p class="assina">ANDRÉ LUIZ SILVA LIMA DE SANTANA MENDES-Almirante de Esquadra</p><p></p>]]></Texto>
  </body>
  <Midias />
</article></xml>