﻿<xml><article id="30093384" name="DESUC_PORTARIA" idOficio="9350853" pubName="DO2" artType="Portaria" pubDate="13/01/2023" artClass="00029:00004:00007:00000:00000:00000:00000:00000:00000:00000:00017:00000" artCategory="Banco Central do Brasil/Área de Fiscalização/Departamento de Supervisão de Cooperativas e de Instituições Não-Bancárias" artSize="12" artNotes="" numberPage="43" pdfPage="http://pesquisa.in.gov.br/imprensa/jsp/visualiza/index.jsp?data=13/01/2023&amp;jornal=529&amp;pagina=43" editionNumber="10" highlightType="" highlightPriority="" highlight="" highlightimage="" highlightimagename="" idMateria="20255583">
  <body>
    <Identifica><![CDATA[ PORTARIA Nº 116.203, DE 12 DE JANEIRO 2023]]></Identifica>
    <Data><![CDATA[]]></Data>
    <Ementa />
    <Titulo />
    <SubTitulo />
    <Texto><![CDATA[<p class="identifica">PORTARIA Nº 116.203, DE 12 DE JANEIRO 2023</p><p>O CHEFE SUBSTITUTO DO DEPARTAMENTO DE SUPERVISÃO DE COOPERATIVAS E DE INSTITUIÇÕES NÃO BANCÁRIAS DO BANCO CENTRAL DO BRASIL, no uso da competência que lhe confere o art. 23, inciso IV, do Regimento Interno, aprovado pela Portaria nº 84.287, de 27 de fevereiro de 2015, resolve:</p><p>Art. 1º Designar a servidora Cassia Alexandra Ueta Mascarenhas Andrade, matrícula nº 1.919.888-4, para exercer a função comissionada de Coordenador, sigla FDO-1, na Gerência Técnica em São Paulo 1 (DESUC/GSUC3/GTSP1/COSUP-04), ficando dispensada da função comissionada que atualmente exerce a partir do exercício na nova função.</p><p>Art. 2º Designar a servidora Adrianne Cardoso Barbosa, matrícula nº 0.170.657-8, para exercer a função comissionada de Coordenador, sigla FDO-1, na Gerência Técnica em Belo Horizonte (DESUC/GSUC2/GTBHO/COSUP-01), ficando dispensada da função comissionada que atualmente exerce a partir do exercício na nova função.</p><p>Art. 3º Designar o servidor Andre Kouwen Rodrigues, matrícula nº 0.739.100-5, para exercer a função comissionada de Coordenador, sigla FDO-1, na Gerência Técnica em Belo Horizonte (DESUC/GSUC2/GTBHO/COSUP-02), ficando dispensado da função comissionada que atualmente exerce a partir do exercício na nova função.</p><p>Art. 4º Esta Portaria entra em vigor na data de sua publicação.</p><p class="assina">Rodomarque Tavares Meira</p>]]></Texto>
  </body>
  <Midias />
</article></xml>