﻿<xml><article id="30079685" name="2023-01-13- Portarias 68-69 - RE" idOficio="9348697" pubName="DO2" artType="Portaria" pubDate="13/01/2023" artClass="00018:00132:00000:00000:00000:00000:00000:00000:00000:00000:00017:00000" artCategory="Ministério da Educação/Fundação Universidade Federal do ABC" artSize="12" artNotes="" numberPage="34" pdfPage="http://pesquisa.in.gov.br/imprensa/jsp/visualiza/index.jsp?data=13/01/2023&amp;jornal=529&amp;pagina=34" editionNumber="10" highlightType="" highlightPriority="" highlight="" highlightimage="" highlightimagename="" idMateria="20252633">
  <body>
    <Identifica><![CDATA[ PORTARIAS DE 11 DE JANEIRO DE 2023]]></Identifica>
    <Data><![CDATA[]]></Data>
    <Ementa />
    <Titulo />
    <SubTitulo />
    <Texto><![CDATA[<p class="identifica">PORTARIAS DE 11 DE JANEIRO DE 2023</p><p>A VICE-REITORA, NO EXERCÍCIO DA REITORIA DA FUNDAÇÃO UNIVERSIDADE FEDERAL DO ABC, nomeada pela Portaria nº 627, de 3 de junho de 2022, publicada no Diário Oficial da União (DOU), Seção 2, página 39, de 7 de junho de 2022, no uso de suas atribuições legais, resolve:</p><p>Nº 68 - Nomear, nos termos do Art. 9º, I, c/c Art. 10 da Lei 8.112/90, LUIZ DUARTE RAMOS, 2º classificado no concurso público objeto do Edital n° 105/2019, publicado no Diário Oficial da União - DOU nº 193, de 04/10/2019, Seção 3, páginas 91 e 92, homologado pelo Edital nº 33/2022, publicado no DOU nº 91, de 16/05/2022, Seção 3, página 103, para provimento do cargo efetivo de Professor do Magistério Superior, Classe A, PROFESSOR ADJUNTO A - Nível 1, da Carreira do Magistério Superior, em regime de trabalho de 40 (quarenta) horas semanais com dedicação exclusiva, código de vaga nº 309970, decorrente da vacância por posse em outro cargo inacumulável de Marcus Antonio Mendonça Marrocos a contar de 25/02/2022 - Portaria nº 166 - DOU nº 34, de 17/02/2022, Seção 2, página 34. Área: Química, subárea: Química Inorgânica. Processo nº 23006.001671/2019-51.</p><p>Nº 69 - Nomear, nos termos do Art. 9º, I, c/c Art. 10 da Lei 8.112/90, IOANNIS PAPAGEORGIOU, 1º classificado no concurso público objeto do Edital n° 115/2019, publicado no Diário Oficial da União - DOU nº 203, de 18/10/2019, Seção 3, página 99, homologado pelo Edital nº 30/2022, publicado no DOU nº 86, de 09/05/2022, Seção 3, página 111, para provimento do cargo efetivo de Professor do Magistério Superior, Classe A, PROFESSOR ADJUNTO A - Nível 1, da Carreira do Magistério Superior, em regime de trabalho de 40 (quarenta) horas semanais com dedicação exclusiva, código de vaga nº 333624, decorrente da contrapartida por redistribuição de Igor Freire Leite - Portaria nº 668 - DOU nº 117 de 23/06/2022 Seção 2, página 21. Área: Estatística, subárea: Estatística Teórica (I); Estatística Aplicada (II). Processo nº 23006.001776/2019-19.</p><p class="assina">MONICA SCHRODER</p>]]></Texto>
  </body>
  <Midias />
</article></xml>