﻿<xml><article id="30093483" name="PORTARIA GPR 78" idOficio="9350914" pubName="DO2" artType="Portaria" pubDate="13/01/2023" artClass="00047:00041:00002:00000:00000:00000:00000:00000:00000:00000:00017:00078" artCategory="Poder Judiciário/Tribunal de Justiça do Distrito Federal e dos Territórios/Presidência" artSize="12" artNotes="" numberPage="53" pdfPage="http://pesquisa.in.gov.br/imprensa/jsp/visualiza/index.jsp?data=13/01/2023&amp;jornal=529&amp;pagina=53" editionNumber="10" highlightType="" highlightPriority="" highlight="" highlightimage="" highlightimagename="" idMateria="20255617">
  <body>
    <Identifica><![CDATA[ PORTARIA GPR Nº 78, DE 11 DE JANEIRO DE 2023]]></Identifica>
    <Data><![CDATA[]]></Data>
    <Ementa />
    <Titulo />
    <SubTitulo />
    <Texto><![CDATA[<p class="identifica">PORTARIA GPR Nº 78, DE 11 DE JANEIRO DE 2023</p><p>O PRESIDENTE DO TRIBUNAL DE JUSTIÇA DO DISTRITO FEDERAL E DOS TERRITÓRIOS, no uso de sua competência legal, com fundamento no artigo 93, inciso I, § 1º, da Lei 8.112/90, na Portaria GPR 78/2018 e no contido no processo SEI N. 0000957/2021, resolve:</p><p>Prorrogar a cessão do servidor EPITÁCIO DO NASCIMENTO SOUSA JÚNIOR, matrícula 316.936, Técnico Judiciário, Área Administrativa, Sem Especialidade, do Quadro de Pessoal deste Tribunal de Justiça, à Secretaria de Estado de Fazenda do Distrito Federal, pelo prazo de 1 (um) ano, a contar de 04 de fevereiro de 2023, para continuar exercendo o Cargo Público de Natureza Especial, Símbolo CPE-01, de Secretário-Executivo, da Secretaria Executiva de Valorização e Qualidade de Vida, com ônus do cargo efetivo e do cargo em comissão para o cessionário.</p><p class="assina">Des. CRUZ MACEDO</p>]]></Texto>
  </body>
  <Midias />
</article></xml>