﻿<xml><article id="30085363" name="DOU2-CE-1-PT-1-UNI-PR-CE-0000148" idOficio="9349467" pubName="DO2" artType="Portaria" pubDate="13/01/2023" artClass="00043:00010:00029:00000:00000:00000:00000:00000:00000:00000:00017:00000" artCategory="Ministério Público da União/Ministério Público Federal/Procuradoria da República no Estado do Ceará" artSize="12" artNotes="" numberPage="44" pdfPage="http://pesquisa.in.gov.br/imprensa/jsp/visualiza/index.jsp?data=13/01/2023&amp;jornal=529&amp;pagina=44" editionNumber="10" highlightType="" highlightPriority="" highlight="" highlightimage="" highlightimagename="" idMateria="20253525">
  <body>
    <Identifica><![CDATA[ PORTARIA/GAB/CHEFIA Nº 1, de 10 DE JANEIRO DE 2023]]></Identifica>
    <Data><![CDATA[]]></Data>
    <Ementa />
    <Titulo />
    <SubTitulo />
    <Texto><![CDATA[<p class="identifica">PORTARIA/GAB/CHEFIA Nº 1, de 10 DE JANEIRO DE 2023</p><p>O PROCURADOR-CHEFE DA PROCURADORIA DA REPÚBLICA NO ESTADO DO CEARÁ, no uso da competência que lhe foi delegada pelo artigo 56, inciso VI, do Regimento Interno do Ministério Público Federal, aprovado pela Portaria PGR nº 357, de 05 de maio de 2015, resolve:</p><p>Exonerar, RAONI MARQUES OLIVEIRA, matrícula 25368, ocupante do cargo de Analista do MPU/Direito, do cargo em comissão de Assessor Nível II, CC-2, do 6º Ofício da Procuradoria da República no Estado do Ceará.</p><p>Nomear, ISAIAS ROSA E SILVA, matrícula 6190, ocupante do cargo de Analista do MPU/Direito, para o cargo em comissão de Assessor Nível II, CC-2, do 6º Ofício da Procuradoria da República no Estado do Ceará.</p><p>Designar, RAONI MARQUES OLIVEIRA, matrícula 25368, ocupante do cargo de Analista do MPU/Direito, para a função de confiança de Secretário Nível I, FC-1, da Chefia de Gabinete, da Procuradoria da República no Estado do Ceará.</p><p class="assina">MARCELO MESQUITA MONTE</p><p></p>]]></Texto>
  </body>
  <Midias />
</article></xml>