﻿<xml><article id="30089519" name="FNDE2_PORTARIA NA 15 DE 10 DE JA" idOficio="9350224" pubName="DO2" artType="Portaria" pubDate="13/01/2023" artClass="00018:00042:00000:00000:00000:00000:00000:00000:00000:00000:00017:00015" artCategory="Ministério da Educação/Fundo Nacional de Desenvolvimento da Educação" artSize="12" artNotes="" numberPage="20" pdfPage="http://pesquisa.in.gov.br/imprensa/jsp/visualiza/index.jsp?data=13/01/2023&amp;jornal=529&amp;pagina=20" editionNumber="10" highlightType="" highlightPriority="" highlight="" highlightimage="" highlightimagename="" idMateria="20254615">
  <body>
    <Identifica><![CDATA[ PORTARIA Nº 15, DE 10 DE JANEIRO DE 2023]]></Identifica>
    <Data><![CDATA[]]></Data>
    <Ementa />
    <Titulo />
    <SubTitulo />
    <Texto><![CDATA[<p class="identifica">PORTARIA Nº 15, DE 10 DE JANEIRO DE 2023</p><p>A PRESIDENTE DO FUNDO NACIONAL DE DESENVOLVIMENTO DA EDUCAÇÃO, no uso de suas atribuições conferidas no Decreto nº 11.196, de 13 de setembro de 2022, em observância ao Art. 93 da Lei n° 8.112 de 11 de dezembro de 1990, e nos Arts. 9° e 29 do Decreto nº 10.835, de 14 de outubro de 2021, resolve:</p><p>Art. 1º AUTORIZAR a requisição do servidor pertencente ao Quadro de Pessoal do Fundo Nacional de Desenvolvimento da Educação (FNDE), na forma abaixo indicada:</p><p>Nome: LEONARDO CLAVER AMORIM LIMA</p><p>Matrícula SIAPE nº: 1581394</p><p>Cargo: Especialista em Financiamento e Execução de Programas e Projetos Educacionais</p><p>Para: Casa Civil - Presidência da República</p><p>Amparo Legal: Art. 93 da Lei nº 8.112, de 11 de dezembro de 1990; Art. 2º da Lei nº 9.007, de 17 de março de 1995; e Decreto nº 10.835, de 14 de outubro de 2021</p><p>Responsabilidade do ônus: órgão cedente</p><p>Processo: 23034.035256/2019-64</p><p>Art. 2º Esta Portaria entra em vigor na data de sua publicação.</p><p class="assina">FERNANDA MARA DE OLIVEIRA MACEDO CARNEIRO PACOBAHYBA</p>]]></Texto>
  </body>
  <Midias />
</article></xml>