﻿<xml><article id="30085672" name="Despacho 1 e 2 - 12.01.2023" idOficio="9349501" pubName="DO2" artType="Despacho" pubDate="13/01/2023" artClass="00018:00052:00001:00000:00000:00000:00000:00000:00000:00000:00013:00000" artCategory="Ministério da Educação/Instituto Federal de Educação, Ciência e Tecnologia do Espírito Santo/Reitoria" artSize="12" artNotes="" numberPage="20" pdfPage="http://pesquisa.in.gov.br/imprensa/jsp/visualiza/index.jsp?data=13/01/2023&amp;jornal=529&amp;pagina=20" editionNumber="10" highlightType="" highlightPriority="" highlight="" highlightimage="" highlightimagename="" idMateria="20253585">
  <body>
    <Identifica><![CDATA[ DESPACHOs  DO REITOR de   12 DE JANEIRO DE 2023]]></Identifica>
    <Data><![CDATA[]]></Data>
    <Ementa />
    <Titulo />
    <SubTitulo />
    <Texto><![CDATA[<p class="identifica">DESPACHOs DO REITOR de 12 DE JANEIRO DE 2023</p><p>O REITOR DO INSTITUTO FEDERAL DE EDUCAÇÃO, CIÊNCIA E TECNOLOGIA DO ESPÍRITO SANTO, no uso da competência que lhe foi subdelegada pela Portaria MEC nº 404, de 23.04.2009, publicada no Diário Oficial de 24.04.2009 e republicada no Diário Oficial de 07.05.2009, tendo em vista o contido no Decreto nº 91.800, de 18.10.1985, no Decreto nº 7.689, de 02.03.2012, na Portaria MEC nº 362, de 10.04.2012, na Portaria MPOG nº 75, de 08.03.2012, e na Portaria MEC nº 441, 25.04.2012, AUTORIZA o afastamento do País de:</p><p>Nº 1 - WESLLEY VITOR DA SILVA, matrícula SIAPE 2914442, ocupante do cargo de ADMINISTRADOR, para no período de 17.01.2023 a 23.01.2023, participar do XXI Colóquio Internacional de Gestão Universitária e apresentar artigo, na cidade de Loja - Equador. O afastamento dar-se-á com ônus limitado para a Reitoria. (Proc. nº 23147.010182/2022-81).</p><p>Nº 2 - TIAGO DALLAPICCOLA, matrícula SIAPE 2194832, ocupante do cargo de PROFESSOR DO ENSINO BÁSICO, TÉCNICO E TECNOLÓGICO, para no período de 03.03.2023 a 10.03.2023, participar da Conferência dos Consultores da Província Autônoma de Trento, que ocorrerá na cidade Di Trento, na Itália. O afastamento dar-se-á com ônus limitado para o Campus Santa Teresa. (Proc. Nº 23156.003291/2022-33).</p><p class="assina">Jadir Jose Pela</p><p></p>]]></Texto>
  </body>
  <Midias />
</article></xml>