﻿<xml><article id="30093027" name="2023-01-12/9350811/SIGEPE_202554" idOficio="9350811" pubName="DO2" artType="Portaria" pubDate="13/01/2023" artClass="00015:00041:00034:00008:00003:00000:00000:00000:00000:00000:00017:00363" artCategory="Ministério da Economia/Secretaria Especial de Desburocratização, Gestão e Governo Digital/Secretaria de Gestão e Desempenho de Pessoal/Departamento de Centralização de Serviços de Inativos, Pensionistas e Órgãos Extintos/Coordenação-Geral de Benefícios" artSize="12" artNotes="" numberPage="14" pdfPage="http://pesquisa.in.gov.br/imprensa/jsp/visualiza/index.jsp?data=13/01/2023&amp;jornal=529&amp;pagina=14" editionNumber="10" highlightType="" highlightPriority="" highlight="" highlightimage="" highlightimagename="" idMateria="20255485">
  <body>
    <Identifica><![CDATA[ Portaria CGBEN/ME nº 363, de 12 de Janeiro de 2023]]></Identifica>
    <Data><![CDATA[]]></Data>
    <Ementa />
    <Titulo />
    <SubTitulo />
    <Texto><![CDATA[<p class="identifica">Portaria CGBEN/ME nº 363, de 12 de Janeiro de 2023</p><p> O COORDENADOR-GERAL DE BENEFÍCIOS DO DEPARTAMENTO DE CENTRALIZAÇÃO DE SERVIÇOS DE INATIVOS, PENSIONISTAS E ÓRGÃOS EXTINTOS, DA SECRETARIA DE GESTÃO E DESEMPENHO DE PESSOAL, DA SECRETARIA ESPECIAL DE DESBUROCRATIZAÇÃO, GESTÃO E GOVERNO DIGITAL, DO MINISTÉRIO DA ECONOMIA, no uso da competência atribuída pela Portaria DECIP/SGP/MPDG nº 13.530, de 27 de dezembro de 2018, publicada no DOU de 28 de dezembro de 2018, e tendo em vista o que consta no Processo nº 10465.100724/2022-62,</p><p> resolve:  </p><p>Art. 1º Conceder pensão à GEDALVA ALVES DA SILVA, na qualidade de companheira do ex-servidor OSIAS PORTELA DE MORAIS, ocupante do cargo de Artífice Carpintaria e Marcenaria, matrícula SIAPE nº ***46**, do quadro de pessoal deste Ministério da Economia, falecido em inatividade, em 14 de dezembro de 2022, com fundamento do inciso IV do art. 3º da Portaria SGP/SEDGG/ME Nº 4645, de 24 de maio de 2022, c/c o art. 217 da Lei nº 8.112, de 11 de dezembro de 1990, e art. 23 da Emenda Constitucional nº 103, de 12 de novembro de 2019.</p><p>  Art. 2º Os efeitos desta Portaria entram em vigor em 14 de dezembro de 2022.</p><p class="assina">PABLO MARCOS GOMES LEITE</p>]]></Texto>
  </body>
  <Midias />
</article></xml>