﻿<xml><article id="30093669" name="2023 - SEA - 73-76 - 12.1" idOficio="9350938" pubName="DO2" artType="Portaria" pubDate="13/01/2023" artClass="00020:00002:00000:00000:00000:00000:00000:00000:00000:00000:00017:00000" artCategory="Ministério da Justiça e Segurança Pública/Secretaria Executiva" artSize="12" artNotes="" numberPage="39" pdfPage="http://pesquisa.in.gov.br/imprensa/jsp/visualiza/index.jsp?data=13/01/2023&amp;jornal=529&amp;pagina=39" editionNumber="10" highlightType="" highlightPriority="" highlight="" highlightimage="" highlightimagename="" idMateria="20255688">
  <body>
    <Identifica><![CDATA[ PORTARIAS DE PESSOAL SE/MJSP DE 11 DE JANEIRO DE 2023]]></Identifica>
    <Data><![CDATA[]]></Data>
    <Ementa />
    <Titulo />
    <SubTitulo />
    <Texto><![CDATA[<p class="identifica">PORTARIAS DE PESSOAL SE/MJSP DE 11 DE JANEIRO DE 2023</p><p>O SECRETÁRIO-EXECUTIVO ADJUNTO DA SECRETARIA-EXECUTIVA DO MINISTÉRIO DA JUSTIÇA E SEGURANÇA PÚBLICA, no uso da competência que lhe foi subdelegada pelo inciso XII do art. 1º da Portaria nº 1.411, de 25 de novembro de 2021, da Secretaria-Executiva do Ministério da Justiça e Segurança Pública, resolve:</p><p>Nº 73 - Exonerar ALEXANDRE AUGUSTO LESSA GLYCÉRIO DE CASTRO do cargo de Assistente Técnico do Chefe de Gabinete da Secretaria Nacional do Consumidor, código CCE 2.05, a partir de 31 de dezembro de 2022.</p><p>O SECRETÁRIO-EXECUTIVO ADJUNTO DA SECRETARIA-EXECUTIVA DO MINISTÉRIO DA JUSTIÇA E SEGURANÇA PÚBLICA, no uso da competência subdelegada pelo inciso VII do art. 1º da Portaria nº 1.411, de 25 de novembro de 2021, da Secretaria-Executiva do Ministério da Justiça e Segurança Pública, resolve:</p><p>Nº 76 - Dispensar BRUNA NOWAK do encargo de substituta eventual do cargo de Chefe da Assessoria Especial Internacional, código CCE 1.15, a partir de 9 de janeiro de 2023.</p><p class="assina">DIEGO GALDINO</p>]]></Texto>
  </body>
  <Midias />
</article></xml>