﻿<xml><article id="30089792" name="PORTARIA 52-2023" idOficio="9350279" pubName="DO2" artType="Portaria" pubDate="13/01/2023" artClass="00018:00058:00001:00000:00000:00000:00000:00000:00000:00000:00017:00000" artCategory="Ministério da Educação/Instituto Federal de Educação, Ciência e Tecnologia de Mato Grosso/Reitoria" artSize="12" artNotes="" numberPage="21" pdfPage="http://pesquisa.in.gov.br/imprensa/jsp/visualiza/index.jsp?data=13/01/2023&amp;jornal=529&amp;pagina=21" editionNumber="10" highlightType="" highlightPriority="" highlight="" highlightimage="" highlightimagename="" idMateria="20254735">
  <body>
    <Identifica><![CDATA[ PORTARIA Nº 52, DE 12 DE JANEIRO DE 2023]]></Identifica>
    <Data><![CDATA[]]></Data>
    <Ementa />
    <Titulo />
    <SubTitulo />
    <Texto><![CDATA[<p></p><p class="identifica">PORTARIA Nº 52, DE 12 DE JANEIRO DE 2023</p><p>O REITOR SUBSTITUTO EM EXERCÍCIO DO INSTITUTO FEDERAL DE EDUCAÇÃO, CIÊNCIA E TECNOLOGIA DE MATO GROSSO, no uso de suas atribuições legais, conferidas pela Portaria IFMT nº 854, de 28.04.2021, publicada no D.O.U de 29.04.2021, e considerando o Processo Eletrônico nº 23749.000027.2023-59; resolve:</p><p>Art. 1º Designar o servidor THIAGO RAFAEL DA SILVA BRANDÃO, matrícula SIAPE nº 2420366, ocupante do cargo de Administrador, pertencente ao Quadro Permanente de Pessoal deste IFMT Campus Várzea Grande, para exercer a função gratificada de Coordenador de Contratos e Aquisições, código FG 02.</p><p>Art. 2º Esta portaria entra em vigor na data de sua publicação no Diário Oficial da União.</p><p>A</p><p class="assina">Cristovam Albano da Silva Junior</p><p></p>]]></Texto>
  </body>
  <Midias />
</article></xml>