﻿<xml><article id="30083406" name="Portaria EMCFA-MD nA 97" idOficio="9349106" pubName="DO2" artType="Portaria" pubDate="13/01/2023" artClass="00013:00034:00000:00000:00000:00000:00000:00000:00000:00000:00017:00007" artCategory="Ministério da Defesa/Estado-Maior Conjunto das Forças Armadas" artSize="12" artNotes="" numberPage="10" pdfPage="http://pesquisa.in.gov.br/imprensa/jsp/visualiza/index.jsp?data=13/01/2023&amp;jornal=529&amp;pagina=10" editionNumber="10" highlightType="" highlightPriority="" highlight="" highlightimage="" highlightimagename="" idMateria="20253096">
  <body>
    <Identifica><![CDATA[ Portaria EMCFA-MD  nº  97, de 5 de janeiro de 2023]]></Identifica>
    <Data><![CDATA[]]></Data>
    <Ementa />
    <Titulo />
    <SubTitulo />
    <Texto><![CDATA[<p class="identifica">Portaria EMCFA-MD nº 97, de 5 de janeiro de 2023</p><p>O CHEFE DO GABINETE DO ESTADO-MAIOR CONJUNTO DAS FORÇAS ARMADAS, no uso da competência subdelegada pelo inciso III do art. 1º da Portaria EMCFA-MD nº 4.283, de 10 de agosto de 2022, considerando a Portaria Normativa nº 98/GM-MD, de 20 de dezembro de 2018, o Decreto nº 10.998, de 15 de março de 2022, e o Processo Administrativo nº 60220.000366/2022-30, resolve:</p><p>NOMEAR o Major (EB) ANDERSON TAVARES BRUSCATO para o cargo de Coordenador, código Grupo 0002 (B), da Coordenação da Coordenação-Geral da Subchefia de Comando e Controle da Chefia de Operações Conjuntas do Estado-Maior Conjunto das Forças Armadas.</p><p class="assina">Maj Brig Ar FLÁVIO LUIZ DE OLIVEIRA PINTO</p>]]></Texto>
  </body>
  <Midias />
</article></xml>