﻿<xml><article id="30082850" name="002_PORTARIA_03_2023" idOficio="9348866" pubName="DO2" artType="Portaria" pubDate="13/01/2023" artClass="00018:00046:00010:00000:00000:00000:00000:00000:00000:00000:00017:00000" artCategory="Ministério da Educação/Instituto Federal de Educação, Ciência e Tecnologia do Amazonas/Campus Maués" artSize="12" artNotes="" numberPage="20" pdfPage="http://pesquisa.in.gov.br/imprensa/jsp/visualiza/index.jsp?data=13/01/2023&amp;jornal=529&amp;pagina=20" editionNumber="10" highlightType="" highlightPriority="" highlight="" highlightimage="" highlightimagename="" idMateria="20252888">
  <body>
    <Identifica><![CDATA[ PORTARIA Nº 3/2022 - GDG/CMA/IFAM, DE 12 DE JANEIRO DE 2023]]></Identifica>
    <Data><![CDATA[]]></Data>
    <Ementa />
    <Titulo />
    <SubTitulo />
    <Texto><![CDATA[<p></p><p class="identifica">PORTARIA Nº 3/2022 - GDG/CMA/IFAM, DE 12 DE JANEIRO DE 2023</p><p>O DIRETOR-GERAL DO INSTITUTO FEDERAL DE EDUCAÇÃO, CIÊNCIA E TECNOLOGIA DO AMAZONAS - CAMPUS MAUÉS (IFAM/CMA), nomeado pela Portaria nº 1.127 - GR/IFAM, de 27 de maio de 2019, no uso de suas atribuições legais e estatutárias. resolve:</p><p>I. Designar os servidores, abaixo identificados, ocupantes de cargo efetivo do Instituto Federal de Educação, Ciência e Tecnologia do Amazonas lotados no campus Maués, para, sob a presidência do primeiro, constituírem a Comissão de Processo Administrativo Disciplinar, no âmbito do IFAM campus Maués, incumbida de apurar as possíveis irregularidades referentes aos atos e fatos que constam nos autos do Processo Administrativo nº 23387.000091/2022-13, de 17/02/2022, bem como as demais infrações conexas que emergirem no decorrer dos trabalhos, nos termos do artigo 5º da Lei Federal nº 9.784, de 29 de janeiro de 1999, com prazo máximo de sessenta (60) dias, para conclusão dos trabalhos. São eles:</p><p /><p></p><table><tr /><tr><td rowspan="1" colspan="1"><p>SIAPE</p></td><td rowspan="1" colspan="1"><p>SERVIDOR</p></td><td rowspan="1" colspan="1"><p>CARGO/FUNÇÃO</p></td></tr><tr><td rowspan="1" colspan="1"><p>2109932</p></td><td rowspan="1" colspan="1"><p>Carlos Roberto de Oliveira</p></td><td rowspan="1" colspan="1"><p>Presidente</p></td></tr><tr><td rowspan="1" colspan="1"><p>1192735</p></td><td rowspan="1" colspan="1"><p>Elidiney Coelho Pimentel</p></td><td rowspan="1" colspan="1"><p>Membro</p></td></tr><tr><td rowspan="1" colspan="1"><p>2163370</p></td><td rowspan="1" colspan="1"><p>Mariana de Oliveira Coelho</p></td><td rowspan="1" colspan="1"><p>Membro</p></td></tr></table><p>II. Determinar à Coordenação de Gestão de Pessoas, fazer os procedimentos de praxe e demais providências que se fizerem necessárias.</p><p>Dê-se ciência, publique-se e cumpra-se.</p><p class="assina">ELIAS DA SILVA SOUZA</p><p></p>]]></Texto>
  </body>
  <Midias />
</article></xml>