﻿<xml><article id="30084096" name="2023.01.13 - Portaria 01.2023 - " idOficio="9349271" pubName="DO2" artType="Portaria" pubDate="13/01/2023" artClass="00048:00488:00000:00000:00000:00000:00000:00000:00000:00000:00017:00000" artCategory="Entidades de Fiscalização do Exercício das Profissões Liberais/Conselho Regional de Psicologia da 7ª Região" artSize="12" artNotes="" numberPage="56" pdfPage="http://pesquisa.in.gov.br/imprensa/jsp/visualiza/index.jsp?data=13/01/2023&amp;jornal=529&amp;pagina=56" editionNumber="10" highlightType="" highlightPriority="" highlight="" highlightimage="" highlightimagename="" idMateria="20253267">
  <body>
    <Identifica><![CDATA[ PORTARIA Nº 1, DE 9 DE JANEIRO DE 2023]]></Identifica>
    <Data><![CDATA[]]></Data>
    <Ementa />
    <Titulo />
    <SubTitulo />
    <Texto><![CDATA[<p class="identifica">PORTARIA Nº 1, DE 9 DE JANEIRO DE 2023</p><p>A PRESIDENTA DO CONSELHO REGIONAL DE PSICOLOGIA - 7ª REGIÃO - RS, no uso de suas atribuições legais e regimentais, considerando a Resolução 005/2021, conforme decisão do Plenário deste Conselho, ata nº 008/2023, em reunião realizada no dia 07 de janeiro de 2023, resolve:</p><p>NOMEAR GABRIEL ALVES GODOI, titular da CTPS nº 9637821 série 0050/RS, para assumir o cargo comissionado de Assessor Técnico de Políticas Públicas, a contar de 09 de janeiro de 2023. Esta Portaria entra em vigor nesta data e revogam-se as disposições em contrário.</p><p class="assina">FABIANE KONOWALUK SANTOS MACHADO</p>]]></Texto>
  </body>
  <Midias />
</article></xml>