﻿<xml><article id="30092478" name="ATOS DA REITORIA N. 15 AO 53 DE " idOficio="9350699" pubName="DO2" artType="Ato" pubDate="13/01/2023" artClass="00018:00131:00001:00000:00000:00000:00000:00000:00000:00000:00001:00000" artCategory="Ministério da Educação/Fundação Universidade de Brasília/Gabinete da Reitoria" artSize="12" artNotes="" numberPage="34" pdfPage="http://pesquisa.in.gov.br/imprensa/jsp/visualiza/index.jsp?data=13/01/2023&amp;jornal=529&amp;pagina=34" editionNumber="10" highlightType="" highlightPriority="" highlight="" highlightimage="" highlightimagename="" idMateria="20255298">
  <body>
    <Identifica><![CDATA[ ATOS DE 12 DE JANEIRO DE 2023]]></Identifica>
    <Data><![CDATA[]]></Data>
    <Ementa />
    <Titulo />
    <SubTitulo />
    <Texto><![CDATA[<p class="identifica">ATOS DE 12 DE JANEIRO DE 2023</p><p>A REITORA DA UNIVERSIDADE DE BRASÍLIA, no uso de suas atribuições e considerando o constante no Processo nº 23106.000032/2023-27, resolve:</p><p>Nº 15 - Designar a servidora Luma de Araújo Costa Batista para exercer a função de Supervisora Financeira da Coordenadoria de Operações Financeiras do DGP (FG-02).</p><p>A REITORA DA UNIVERSIDADE DE BRASÍLIA, no uso de suas atribuições e considerando o constante no Processo nº 23106.126296/2022-29, resolve:</p><p>Nº 33 - Anular o Ato da Reitoria nº 1587/2022, publicado no DOU de 7/12/2022, seção 2, página 48.</p><p>A REITORA DA UNIVERSIDADE DE BRASÍLIA, no uso de suas atribuições legais e considerando o constante no Processo nº 00424.117622/2021-28, resolve:</p><p>Nº 38 - Conceder pensão a Valdeci Maria do Nascimento Cunha, em razão do falecimento de Alex Uilamar do Nascimento Cunha, ocorrido em 30/6/2020, servidor pertencente ao quadro de pessoal permanente da Universidade de Brasília, matrícula SIAPE nº 1795818, ocupante do cargo de Secretário Executivo, nível de classificação E, nível de capacitação IV, padrão de vencimento 7, com fundamento no art. 23 da Emenda Constitucional nº 103/2019, combinado com os arts. 16, inciso II e 77, § 2º, inciso I da Lei nº 8.213 de 1991, em atendimento à decisão judicial de antecipação de tutela proferida pelo Juízo da 24ª Vara Federal de Juizado Especial Cível da Seção Judiciária do Distrito Federal, nos autos do Processo Judicial nº 1069755-16.2020.4.01.3400.</p><p>A REITORA DA UNIVERSIDADE DE BRASÍLIA, no uso de suas atribuições e considerando o constante no Processo nº 23106.001761/2023-09, resolve:</p><p>Nº 41 - Exonerar o servidor Matheus Gregório Kaminski da função de Diretor de Obras da INFRA (CD-04).</p><p>Nº 43 - Nomear o servidor Cristhyano Bruzzi Pinto Morais para exercer a função de Diretor de Obras da INFRA (CD-04).</p><p>A REITORA DA UNIVERSIDADE DE BRASÍLIA, no uso de suas atribuições e considerando o constante no Processo nº 23106.001796/2023-30, resolve:</p><p>Nº 42 - Dispensar o servidor Cristhyano Bruzzi Pinto Morais da função de Coordenador de Manutenção e Instalação da INFRA (FG-01).</p><p>Nº 44 - Designar o servidor Matheus Gregório Kaminski para exercer a função de Coordenador de Manutenção e Instalação da INFRA (FG-01).</p><p>A REITORA DA UNIVERSIDADE DE BRASÍLIA, no uso de suas atribuições e considerando o constante no Processo nº 23106.001015/2023-15, resolve:</p><p>Nº 46 - Designar a docente Isabela Machado da Silva para exercer a função de Vice-Coordenadora de Graduação do Instituto de Psicologia (FG-03).</p><p>A REITORA DA UNIVERSIDADE DE BRASÍLIA, no uso de suas atribuições e considerando o constante no Processo nº 23106.110116/2022-97, resolve:</p><p>Nº 47 - Reconduzir, a partir de 30/1/2023, a docente Neuma Brilhante Rodrigues para exercer a função de Diretora do Instituto de Ciências Humanas (CD-04), com mandato de quatro anos.</p><p>Nº 48 - Dispensar, a partir de 30/1/2023, o docente Herivelto Pereira de Souza da função de Vice-Diretor do Instituto de Ciências Humanas (FG-01), por término de mandato.</p><p>Nº 49 - Designar, a partir de 30/1/2023, a docente Maria Cecília Pedreira de Almeida para exercer a função de Vice-Diretora do Instituto de Ciências Humanas (FG-01), com mandato de quatro anos.</p><p>A REITORA DA UNIVERSIDADE DE BRASÍLIA, no uso de suas atribuições e considerando o constante no Processo nº 23106.110985/2022-11, resolve:</p><p>Nº 50 - Dispensar o servidor Antonio Maria de Araujo Souza da função de Gerente de Projetos da INFRA (FG-03).</p><p>Nº 51 - Designar a servidora Camila Duarte Veras para exercer a função de Gerente de Projetos da INFRA (FG-03).</p><p>A REITORA DA UNIVERSIDADE DE BRASÍLIA, no uso de suas atribuições estatutárias, nos termos do art. 9º, inciso I, e art. 10 da Lei nº 8.112/1990, publicada no DOU de 12/12/1990, resolve:</p><p>Nº 52 - Nomear Douglas Moreira Merechia, candidato habilitado em 13º lugar no Concurso Público objeto do Edital Convocatório nº 1/2016, publicado no DOU de 31/8/2016, e Edital de Homologação nº 18/2017, publicado no DOU de 3/4/2017, para o cargo de Engenheiro/Área: Civil, nível de classificação E, nível de capacitação I e padrão de vencimento 1, código de vaga nº 981623, do quadro de pessoal permanente da Universidade de Brasília, com lotação no Decanato de Gestão de Pessoas. Provimento em conformidade com o Quadro de Referência dos Servidores Técnico-Administrativos (QRSTA), em vaga decorrente da posse em outro cargo inacumulável de Daniel Bernardo Barbosa, ocorrida em 1/6/2021.</p><p>A REITORA DA UNIVERSIDADE DE BRASÍLIA, no uso de suas atribuições estatutárias, nos termos do art. 9º, inciso I, e art. 10 da Lei nº 8.112/1990, publicada no DOU de 12/12/1990, e tendo em vista o disposto na Lei nº 12.990/2014, publicada no DOU de 10/6/2014, resolve:</p><p>Nº 53 - Nomear Lucas Matheus Alves Bem, candidato habilitado em 3º lugar no Concurso Público objeto do Edital Convocatório nº 1/2016, publicado no DOU de 31/8/2016, e Edital de Homologação nº 18/2017, publicado no DOU de 3/4/2017, para o cargo de Engenheiro/Área: Civil, nível de classificação E, nível de capacitação I e padrão de vencimento 1, código de vaga nº 981658, do quadro de pessoal permanente da Universidade de Brasília, com lotação no Decanato de Gestão de Pessoas. Provimento em conformidade com o Quadro de Referência dos Servidores Técnico-Administrativos (QRSTA), em vaga decorrente da posse em outro cargo inacumulável de João Paulo Gomes Ribeiro, ocorrida em 13/6/2021.</p><p class="assina">MÁRCIA ABRAHÃO MOURA</p>]]></Texto>
  </body>
  <Midias />
</article></xml>