﻿<xml><article id="30093603" name="PORTARIA NA 14 - Designar EULICI" idOficio="9350934" pubName="DO2" artType="Portaria" pubDate="13/01/2023" artClass="00028:00001:00000:00000:00000:00000:00000:00000:00000:00000:00013:00003" artCategory="Ministério do Turismo/Gabinete do Ministro" artSize="12" artNotes="" numberPage="43" pdfPage="http://pesquisa.in.gov.br/imprensa/jsp/visualiza/index.jsp?data=13/01/2023&amp;jornal=529&amp;pagina=43" editionNumber="10" highlightType="" highlightPriority="" highlight="" highlightimage="" highlightimagename="" idMateria="20255684">
  <body>
    <Identifica><![CDATA[ PORTARIA DE PESSOAL Nº 14, DE 12 DE JANEIRO DE 2023]]></Identifica>
    <Data><![CDATA[]]></Data>
    <Ementa />
    <Titulo />
    <SubTitulo />
    <Texto><![CDATA[<p class="identifica">PORTARIA DE PESSOAL Nº 14, DE 12 DE JANEIRO DE 2023</p><p>A MINISTRA DE ESTADO DO TURISMO, no uso de suas atribuições e tendo em vista o disposto no art. 38 da Lei nº 8.112, de 11 de dezembro de 1990, no Decreto nº 10.108, de 7 de novembro de 2019, bem como no Decreto nº 11.240, de 18 de outubro de 2022, resolve:</p><p>Art. 1º Designar EULICIA ESTEVES DA SILVA VIEIRA, matrícula SIAPE nº 1555403, para exercer o encargo de substituta eventual do cargo de Diretora-Executiva, código CCE 1.16, da Fundação Nacional de Artes, vinculada a este Ministério, nos afastamentos e impedimentos legais ou regulamentares do titular.</p><p>Art. 2º Esta Portaria entra em vigor na data da sua publicação.</p><p class="assina">DANIELA CARNEIRO</p>]]></Texto>
  </body>
  <Midias />
</article></xml>