﻿<xml><article id="30088372" name="port reitoria 169 70 2023" idOficio="9350052" pubName="DO2" artType="Portaria" pubDate="13/01/2023" artClass="00018:00119:00001:00000:00000:00000:00000:00000:00000:00000:00017:00000" artCategory="Ministério da Educação/Universidade Federal de São Paulo/Secretaria da Reitoria" artSize="12" artNotes="" numberPage="33" pdfPage="http://pesquisa.in.gov.br/imprensa/jsp/visualiza/index.jsp?data=13/01/2023&amp;jornal=529&amp;pagina=33" editionNumber="10" highlightType="" highlightPriority="" highlight="" highlightimage="" highlightimagename="" idMateria="20254281">
  <body>
    <Identifica><![CDATA[ PORTARIAS DE 9 DE JANEIRO DE 2023]]></Identifica>
    <Data><![CDATA[]]></Data>
    <Ementa />
    <Titulo />
    <SubTitulo />
    <Texto><![CDATA[<p class="identifica">PORTARIAS DE 9 DE JANEIRO DE 2023</p><p>A Reitora Pró-Tempore da Universidade Federal de São Paulo, no uso de suas atribuições legais e estatutárias, resolve:</p><p>Nº 169 - Exonerar o servidor FILIPE DE OLIVEIRA, Matrícula SIAPE nº 2833548, da função de Coordenador do Curso de Graduação em Tecnologia Oftálmica da Escola Paulista de Medicina do Campus São Paulo (FUC-01).</p><p>Nº 170 - Designar a servidora NÍVEA NUNES FERRAZ, Matrícula SIAPE nº 2833554, para exercer a função de Coordenadora do Curso Superior de Tecnologia Oftálmica da Escola Paulista de Medicina do Campus São Paulo (FUC-01).</p><p class="assina">RAIANE PATRICIA SEVERINO ASSUMPÇÃO</p>]]></Texto>
  </body>
  <Midias />
</article></xml>