﻿<xml><article id="30091862" name="Portaria de 12.01.2023" idOficio="9350634" pubName="DO2" artType="Portaria" pubDate="13/01/2023" artClass="00018:00087:00000:00000:00000:00000:00000:00000:00000:00000:00017:00000" artCategory="Ministério da Educação/Universidade Federal do Cariri" artSize="12" artNotes="" numberPage="26" pdfPage="http://pesquisa.in.gov.br/imprensa/jsp/visualiza/index.jsp?data=13/01/2023&amp;jornal=529&amp;pagina=26" editionNumber="10" highlightType="" highlightPriority="" highlight="" highlightimage="" highlightimagename="" idMateria="20255230">
  <body>
    <Identifica><![CDATA[ PORTARIA DE PESSOAL GR/UFCA Nº 9, DE 12 DE JANEIRO DE 2023]]></Identifica>
    <Data><![CDATA[]]></Data>
    <Ementa />
    <Titulo />
    <SubTitulo />
    <Texto><![CDATA[<p class="identifica">PORTARIA DE PESSOAL GR/UFCA Nº 9, DE 12 DE JANEIRO DE 2023</p><p>A VICE-REITORA DA UNIVERSIDADE FEDERAL DO CARIRI, no uso das atribuições que lhe confere a Portaria n. 229/GR/UFCA, publicada no Diário Oficial da União, em 24 de junho de 2019, edição no 119, seção 2, e tendo em vista o que consta no Processo n. 23507.005476/2022-55, resolve:</p><p>Art. 1º Designar o servidor ABRAÃO JOSÉ DE CARVALHO, Matrícula SIAPE: 1783408, para exercer a função de Gerente, código FG-02, da Divisão de transparência, da Coordenadoria de Transparência, Governança e Gestão de Riscos, da Pró-Reitoria de Planejamento e Orçamento, ficando, em consequência, dispensado da função de Gerente, Código FG-02, da Divisão de Logística e Projetos Sustentáveis, da Coordenadoria de Gestão da Sustentabilidade, da mesma Unidade Administrativa.</p><p>Art. 2º Esta Portaria entra em vigor na data de sua publicação.</p><p class="assina">LAURA HÉVILA INOCENCIO LEITE</p>]]></Texto>
  </body>
  <Midias />
</article></xml>