﻿<xml><article id="30084649" name="2023-01-12/9349333/TCUWS_2025337" idOficio="9349333" pubName="DO2" artType="Portaria" pubDate="13/01/2023" artClass="00043:00012:00016:00000:00000:00000:00000:00000:00000:00000:00017:00004" artCategory="Tribunal de Contas da União/Gabinete do Presidente" artSize="12" artNotes="" numberPage="46" pdfPage="http://pesquisa.in.gov.br/imprensa/jsp/visualiza/index.jsp?data=13/01/2023&amp;jornal=529&amp;pagina=46" editionNumber="10" highlightType="" highlightPriority="" highlight="" highlightimage="" highlightimagename="" idMateria="20253375">
  <body>
    <Identifica><![CDATA[ PORTARIA-TCU Nº 15, DE 12 DE JANEIRO DE 2023]]></Identifica>
    <Data><![CDATA[]]></Data>
    <Ementa />
    <Titulo />
    <SubTitulo />
    <Texto><![CDATA[<p class="identifica">PORTARIA-TCU Nº 15, DE 12 DE JANEIRO DE 2023</p><p>O PRESIDENTE DO TRIBUNAL DE CONTAS DA UNIÃO, no uso da atribuição que lhe confere o art. 70, inciso III, da Lei nº 8.443, de 16 de julho de 1992, e tendo em vista as informações constantes do processo nº TC-031.428/2022-3, resolve:</p><p>CONCEDER APOSENTADORIA voluntária ao servidor LAURO RODRIGUES DOS SANTOS, Matrícula 1889-9, no cargo de Técnico Federal de Controle Externo, Área Apoio Técnico e Administrativo, Especialidade Técnica Administrativa, Classe Especial, Padrão 13, do Quadro de Pessoal da Secretaria deste Tribunal, com fundamento no art. 3º da Emenda Constitucional 47, de 5 de julho de 2005, com proventos correspondentes ao limite máximo estabelecido para os benefícios do Regime Geral de Previdência Social, consoante prescrito no art. 26, caput e §§ 1º e 7º, da Emenda Constitucional 103, de 12 de novembro de 2019, acrescido do benefício especial previsto nos arts. 1º e 3º, §§ 1º, 2º, inciso I, e 3º, da Lei 12.618, de 30 de abril de 2012, com redação dada pela Lei 14.463, de 26 de outubro de 2022.</p><p></p><p class="assina">Ministro BRUNO DANTAS</p>]]></Texto>
  </body>
  <Midias />
</article></xml>