﻿<xml><article id="30086805" name="DOU02_ATO_SEGEP_PR_002_2023" idOficio="9349702" pubName="DO2" artType="Ato" pubDate="13/01/2023" artClass="00047:00061:00001:00000:00000:00000:00000:00000:00000:00000:00001:00001" artCategory="Poder Judiciário/Tribunal Regional do Trabalho da 20ª Região/Presidência" artSize="12" artNotes="" numberPage="55" pdfPage="http://pesquisa.in.gov.br/imprensa/jsp/visualiza/index.jsp?data=13/01/2023&amp;jornal=529&amp;pagina=55" editionNumber="10" highlightType="" highlightPriority="" highlight="" highlightimage="" highlightimagename="" idMateria="20253905">
  <body>
    <Identifica><![CDATA[ ATO SEGEP.PR Nº 2, DE 12 DE JANEIRO 2023]]></Identifica>
    <Data><![CDATA[]]></Data>
    <Ementa />
    <Titulo />
    <SubTitulo />
    <Texto><![CDATA[<p class="identifica">ATO SEGEP.PR Nº 2, DE 12 DE JANEIRO 2023</p><p>O DESEMBARGADOR PRESIDENTE DO TRIBUNAL REGIONAL DO TRABALHO DA 20ª REGIÃO, no uso de suas atribuições legais e regimentais, considerando o contido no PROAD Nº 57/2023, resolve:</p><p>1. Fazer cessar os efeitos do ATO SEGEP. PR Nº 085/2022, que designou a servidora ÁDIA VALÉRIA PRAZERES BRAMONT MATOS, Analista Judiciário - Área Administrativa do TRT da 5ª Região, removida por permuta para este Tribunal, para substituir no cargo em comissão de CHEFE DE DIVISÃO DA DIVISÃO DE MÉTODOS CONSENSUAIS DE SOLUÇÃO DE DISPUTAS (CJ-1) DA SECRETARIA-GERAL JUDICIÁRIA (SGJ), nos impedimentos legais e eventuais do titular;</p><p>2. Designar o servidor EDVANDO SILVA SOUZA, Técnico Judiciário - Área Administrativa - Especialidade Apoio de Serviços Diversos do TRT da 5ª Região, em exercício provisório neste Tribunal, Graduado em Economia, para substituir no cargo em comissão de CHEFE DE DIVISÃO DA DIVISÃO DE MÉTODOS CONSENSUAIS DE SOLUÇÃO DE DISPUTAS (CJ-1) DA SECRETARIA-GERAL JUDICIÁRIA (SGJ), nos impedimentos legais e eventuais do (a) titular, observando os termos do ATO DG.PR Nº 171/2011.</p><p>3. Este Ato entra em vigor na data de sua publicação.</p><p class="assina">JOSÉ AUGUSTO DO NASCIMENTO</p>]]></Texto>
  </body>
  <Midias />
</article></xml>