﻿<xml><article id="30088507" name="PRT SE MF 352 DE 12.01.2023" idOficio="9350081" pubName="DO2" artType="Portaria" pubDate="13/01/2023" artClass="00015:00002:00000:00000:00000:00000:00000:00000:00000:00000:00013:00002" artCategory="Ministério da Economia/Secretaria Executiva" artSize="12" artNotes="" numberPage="13" pdfPage="http://pesquisa.in.gov.br/imprensa/jsp/visualiza/index.jsp?data=13/01/2023&amp;jornal=529&amp;pagina=13" editionNumber="10" highlightType="" highlightPriority="" highlight="" highlightimage="" highlightimagename="" idMateria="20254364">
  <body>
    <Identifica><![CDATA[ PORTARIA DE PESSOAL SE / MF Nº 352, DE 12 DE JANEIRO DE 2023]]></Identifica>
    <Data><![CDATA[]]></Data>
    <Ementa />
    <Titulo />
    <SubTitulo />
    <Texto><![CDATA[<p class="identifica">PORTARIA DE PESSOAL SE / MF Nº 352, DE 12 DE JANEIRO DE 2023</p><p>O SECRETÁRIO-EXECUTIVO DO MINISTÉRIO DA FAZENDA, tendo em vista o disposto nos arts. 51 e 54 da Medida Provisória nº 1.154, de 1º de janeiro de 2023, e no uso da competência que lhe foi subdelegada pelo § 2º do art. 11 da Portaria ME nº 7.081, de 9 de agosto de 2022, publicada no Diário Oficial da União de 10 de agosto de 2022, bem como o que consta no Processo nº 12105.101273/2022-03, resolve:</p><p>Art. 1º Tornar sem efeito a Portaria de Pessoal SE/MF nº 58, de 03 de janeiro de 2023 publicado no DOU de 05 de janeiro 2023, que exonerou o servidor THIAGO STEIN DE MELO E SOUSA, Auditor Federal de Finanças, matrícula Siape nº 2268733, do cargo em comissão de Assessor, código DAS 102.4, do Gabinete da Secretaria Executiva.</p><p>Art. 2º Esta portaria entra em vigor na data de sua publicação.</p><p class="assina">GABRIEL MURICCA GALÍPOLO</p>]]></Texto>
  </body>
  <Midias />
</article></xml>