﻿<xml><article id="30083283" name="DOU a publicar - Portaria.PROGEP" idOficio="9349093" pubName="DO2" artType="Portaria" pubDate="13/01/2023" artClass="00018:00151:00092:00000:00000:00000:00000:00000:00000:00000:00017:00000" artCategory="Ministério da Educação/Fundação Universidade Federal do Vale do São Francisco/Pró-Reitoria de Gestão de Pessoas" artSize="12" artNotes="" numberPage="36" pdfPage="http://pesquisa.in.gov.br/imprensa/jsp/visualiza/index.jsp?data=13/01/2023&amp;jornal=529&amp;pagina=36" editionNumber="10" highlightType="" highlightPriority="" highlight="" highlightimage="" highlightimagename="" idMateria="20253055">
  <body>
    <Identifica><![CDATA[ PORTARIA/PROGEPE Nº 39, DE 12 DE JANEIRO DE 2023]]></Identifica>
    <Data><![CDATA[]]></Data>
    <Ementa />
    <Titulo />
    <SubTitulo />
    <Texto><![CDATA[<p class="identifica">PORTARIA/PROGEPE Nº 39, DE 12 DE JANEIRO DE 2023</p><p>A Pró-Reitora de Gestão de Pessoas da Fundação Universidade Federal do Vale do São Francisco - UNIVASF, no uso das suas atribuições conferidas pela Portaria nº 687 de 01 de outubro de 2021, publicada no DOU nº 188 de 04 de outubro de 2021 e competência delegada pela Portaria nº 819 de 18 de novembro de 2022, publicada no DOU nº 218 de 21 de novembro de 2022, e tendo em vista o Documento nº 23402.000591/2023-92, resolve:</p><p>I - DESIGNAR, nos termos do artigo 38 da Lei nº 8.112/90, o servidor WILLAMS KERLHES OLIVEIRA, Chefe da Seção de Orçamento da Prefeitura Universitária, matrícula SIAPE nº 1508880, para responder cumulativamente pela Diretoria do Departamento de Obras e Orçamento da Prefeitura Universitária, no período de 12 a 21.01.2023, em virtude de férias do titular do referido cargo, código CD-04.</p><p>II - CONVALIDAR os atos praticados pelo servidor no exercício do cargo no período de 02 a 11.01.2023.</p><p class="assina">CYNTIA ANDRADE REIS SILVA</p>]]></Texto>
  </body>
  <Midias />
</article></xml>