﻿<xml><article id="30088747" name="Portaria 30 (RevogaAAo REQUISIAA" idOficio="9350121" pubName="DO2" artType="Portaria" pubDate="13/01/2023" artClass="00018:00122:00025:00002:00000:00000:00000:00000:00000:00000:00017:00002" artCategory="Ministério da Educação/Universidade Federal do Triângulo Mineiro/Pró-Reitoria de Recursos Humanos/Departamento de Administração de Pessoal" artSize="12" artNotes="" numberPage="33" pdfPage="http://pesquisa.in.gov.br/imprensa/jsp/visualiza/index.jsp?data=13/01/2023&amp;jornal=529&amp;pagina=33" editionNumber="10" highlightType="" highlightPriority="" highlight="" highlightimage="" highlightimagename="" idMateria="20254436">
  <body>
    <Identifica><![CDATA[ PORTARIA DE PESSOAL Nº 30, DE 12 DE JANEIRO DE 2023]]></Identifica>
    <Data><![CDATA[]]></Data>
    <Ementa />
    <Titulo />
    <SubTitulo />
    <Texto><![CDATA[<p class="identifica">PORTARIA DE PESSOAL Nº 30, DE 12 DE JANEIRO DE 2023</p><p>A VICE-REITORA, NO EXERCÍCIO DA REITORIA DA UNIVERSIDADE FEDERAL DO TRIÂNGULO MINEIRO, nomeada pela Portaria de Pessoal nº 835, de 5 de agosto de 2019, publicada no Diário Oficial de 06 de agosto de 2019, no uso de suas atribuições regimentais, e considerando o Processo Administrativo SEI nº 23085.001113/2022-59, resolve:</p><p>Art. 1º Revogar a Portaria n° 568, de 24/06/2022, publicada no Diário Oficial da União em 27/06/2022, que efetivou a requisição da servidora ANA CARLA CORRÊA DE OLIVEIRA, ocupante do cargo de Assistente em Administração, pertencente ao Quadro de Pessoal da Universidade Federal do Triângulo Mineiro, para exercício junto à Procuradoria Seccional Federal em Uberaba-MG.</p><p>Art. 2º Esta Portaria de Pessoal entra em vigor na data de sua publicação, com efeitos retroativos a 12 de janeiro de 2023.</p><p class="assina">DARLENE MARA DOS SANTOS TAVARES</p>]]></Texto>
  </body>
  <Midias />
</article></xml>