﻿<xml><article id="30083748" name="PORTARIA AGU NA 24 RAFAEL RAMALH" idOficio="9349183" pubName="DO2" artType="Portaria" pubDate="13/01/2023" artClass="00006:00007:00000:00000:00000:00000:00000:00000:00000:00000:00017:00000" artCategory="Presidência da República/Advocacia-Geral da União" artSize="12" artNotes="" numberPage="3" pdfPage="http://pesquisa.in.gov.br/imprensa/jsp/visualiza/index.jsp?data=13/01/2023&amp;jornal=529&amp;pagina=3" editionNumber="10" highlightType="" highlightPriority="" highlight="" highlightimage="" highlightimagename="" idMateria="20253189">
  <body>
    <Identifica><![CDATA[ PORTARIA AGU Nº 24, DE 11 DE JANEIRO DE 2023]]></Identifica>
    <Data><![CDATA[]]></Data>
    <Ementa />
    <Titulo />
    <SubTitulo />
    <Texto><![CDATA[<p class="identifica">PORTARIA AGU Nº 24, DE 11 DE JANEIRO DE 2023</p><p><strong>O ADVOGADO-GERAL DA UNIÃO</strong>, no uso das atribuições que lhe conferem o art. 4º da Lei Complementar nº 73, de 10 de fevereiro de 1993, tendo em vista o disposto no art. 93 da Lei nº 8.112, de 11 de dezembro de 1990, regulamentado pelo Decreto nº 10.835, de 14 de outubro de 2021, pelo art. 7º da Lei nº 11.890, de 24 de dezembro de 2008, pela Portaria AGU nº 350, de 2 de outubro de 2020, pela Portaria AGU n° 78, de 28 de dezembro de 2022, e considerando o que consta no Processo Administrativo nº 00400.000041/2023-98, resolve:</p><p>Art. 1º Ceder o Advogado da União RAFAEL RAMALHO DUBEUX, matrícula Siape nº 1508881, para exercer o cargo em comissão de Assessor Especial do Ministro, código DAS 102.5, no Ministério da Fazenda.</p><p>Art. 2º O ônus pela remuneração é da Advocacia-Geral da União.</p><p>Art. 3º O Advogado da União deverá apresentar-se imediatamente ao titular da Consultoria-Geral da União ao término da cessão.</p><p>Art. 4º Torna-se sem efeito o disposto nesta Portaria caso o Advogado da União não se apresente ao órgão cessionário no prazo de trinta dias.</p><p>Art. 5º Esta Portaria entra em vigor na data de sua publicação.</p><p class="assina">JORGE RODRIGO ARAÚJO MESSIAS</p>]]></Texto>
  </body>
  <Midias />
</article></xml>