﻿<xml><article id="30085576" name="DOU -DISPENSA E DESIGNA MAnica e" idOficio="9349491" pubName="DO2" artType="Portaria" pubDate="13/01/2023" artClass="00047:00026:00000:00000:00000:00000:00000:00000:00000:00000:00017:00000" artCategory="Poder Judiciário/Tribunal Regional Eleitoral de Minas Gerais" artSize="12" artNotes="" numberPage="52" pdfPage="http://pesquisa.in.gov.br/imprensa/jsp/visualiza/index.jsp?data=13/01/2023&amp;jornal=529&amp;pagina=52" editionNumber="10" highlightType="" highlightPriority="" highlight="" highlightimage="" highlightimagename="" idMateria="20253555">
  <body>
    <Identifica><![CDATA[ PORTARIA Nº 1, de 12 de janeiro de 2023]]></Identifica>
    <Data><![CDATA[]]></Data>
    <Ementa />
    <Titulo />
    <SubTitulo />
    <Texto><![CDATA[<p class="identifica">PORTARIA Nº 1, de 12 de janeiro de 2023</p><p>A JUÍZA AUXILIAR DA PRESIDÊNCIA DO TRIBUNAL REGIONAL ELEITORAL DE MINAS GERAIS, no uso das atribuições que lhe foram delegadas, nos termos do art. 1º, inciso IV, da Portaria PRE nº 166/2022, e tendo em vista o disposto nos autos do processo SEI nº 0020534-83.2022.6.13.8000, resolve:</p><p>Art. 1º Dispensar MÔNICA MALUF JACOB LAMOUNIER, Técnico Judiciário, Área Administrativa, do Quadro de Pessoal deste Tribunal, do exercício da Função Comissionada FC-03, no Gabinete da Secretaria de Orçamento e Finanças.</p><p>Art. 2º Designar SUZISLEINE RODRIGUES DA SILVA, Técnico Judiciário, Área Administrativa, do Quadro de Pessoal deste Tribunal, para o exercício da Função Comissionada FC-03, no Gabinete da Secretaria de Orçamento e Finanças.</p><p>Art. 3º Esta portaria entra em vigor na data de sua publicação e seus efeitos contam a partir de 1º/2/2023.</p><p class="assina">CRISTIANA GUALBERTO</p>]]></Texto>
  </body>
  <Midias />
</article></xml>