﻿<xml><article id="30086276" name="77_portaria_12_janeiro_2023_ArnA" idOficio="9349606" pubName="DO2" artType="Portaria" pubDate="13/01/2023" artClass="00018:00067:00001:00000:00000:00000:00000:00000:00000:00000:00017:00000" artCategory="Ministério da Educação/Instituto Federal de Educação, Ciência e Tecnologia do Rio Grande do Norte/Reitoria" artSize="12" artNotes="" numberPage="23" pdfPage="http://pesquisa.in.gov.br/imprensa/jsp/visualiza/index.jsp?data=13/01/2023&amp;jornal=529&amp;pagina=23" editionNumber="10" highlightType="" highlightPriority="" highlight="" highlightimage="" highlightimagename="" idMateria="20253743">
  <body>
    <Identifica><![CDATA[ PORTARIA Nº 77,  DE 12 DE JANEIRO DE 2023]]></Identifica>
    <Data><![CDATA[]]></Data>
    <Ementa />
    <Titulo />
    <SubTitulo />
    <Texto><![CDATA[<p></p><p class="identifica">PORTARIA Nº 77, DE 12 DE JANEIRO DE 2023</p><p>O REITOR DO INSTITUTO FEDERAL DE EDUCAÇÃO, CIÊNCIA E TECNOLOGIA DO RIO GRANDE DO NORTE, no uso de suas atribuições legais, CONSIDERANDO o que consta no Processo nº 23057.000172.2023-28, de 11 de janeiro de 2023; e CONSIDERANDO, ainda, o que consta na Portaria nº 63/2023 - RE/IFRN, de 11 de janeiro de 2023, resolve:</p><p>NOMEAR o servidor JEFFERSON VITORIANO SENA, Matrícula Siape nº 1692554, para exercer, na qualidade de SUBSTITUTO EVENTUAL, o cargo de confiança de Diretor - CD.3, integrante da Estrutura Administrativa do Campus Avançado Natal-Zona Leste.</p><p class="assina">JOSÉ ARNÓBIO DE ARAÚJO FILHO</p><p></p>]]></Texto>
  </body>
  <Midias />
</article></xml>