﻿<xml><article id="30093060" name="2023-01-12/9350781/SIGEPE_202554" idOficio="9350781" pubName="DO2" artType="Portaria" pubDate="13/01/2023" artClass="00018:00150:00020:00000:00000:00000:00000:00000:00000:00000:00017:00042" artCategory="Ministério da Educação/Fundação Universidade Federal do Tocantins/Pró-Reitoria de Graduação" artSize="12" artNotes="" numberPage="36" pdfPage="http://pesquisa.in.gov.br/imprensa/jsp/visualiza/index.jsp?data=13/01/2023&amp;jornal=529&amp;pagina=36" editionNumber="10" highlightType="" highlightPriority="" highlight="" highlightimage="" highlightimagename="" idMateria="20255459">
  <body>
    <Identifica><![CDATA[ Portaria PROGRAD/UFT nº 42, de 12 de Janeiro de 2023]]></Identifica>
    <Data><![CDATA[]]></Data>
    <Ementa />
    <Titulo />
    <SubTitulo />
    <Texto><![CDATA[<p class="identifica">Portaria PROGRAD/UFT nº 42, de 12 de Janeiro de 2023</p><p>O PRÓ-REITOR DE GRADUAÇÃO DA FUNDAÇÃO UNIVERSIDADE FEDERAL DO TOCANTINS, no exercício da Reitoria, designado pela Portaria nº 584, de 31 de agosto de 2020, publicada no DOU nº 168, de 01 de setembro de 2020, seção 2, pág. 42, no uso de suas atribuições legais, resolve:</p><p>Art. 1º - Designar a servidora JOSSEANE ARAÚJO DA SILVA SANTOS, Técnica em Assuntos Educacionais, matrícula SIAPE nº 1522995, para exercer a função de Chefe do Setor de Desenvolvimento e Acompanhamento de Estágios da Pró-Reitoria de Graduação, função gratificada (FG-03).</p><p>Art. 2º - Esta portaria entra em vigor a partir da publicação.</p><p class="assina">EDUARDO JOSÉ CEZARI</p>]]></Texto>
  </body>
  <Midias />
</article></xml>