﻿<xml><article id="30093309" name="PORTARIA SEGPNR-COPAL MD-GESEP-D" idOficio="9350851" pubName="DO2" artType="Portaria" pubDate="13/01/2023" artClass="00013:00041:00005:00000:00000:00000:00000:00000:00000:00000:00017:00000" artCategory="Ministério da Defesa/Secretaria de Orçamento e Organização Institucional/Departamento de Engenharia e Serviços Gerais" artSize="12" artNotes="" numberPage="11" pdfPage="http://pesquisa.in.gov.br/imprensa/jsp/visualiza/index.jsp?data=13/01/2023&amp;jornal=529&amp;pagina=11" editionNumber="10" highlightType="" highlightPriority="" highlight="" highlightimage="" highlightimagename="" idMateria="20255519">
  <body>
    <Identifica><![CDATA[ PORTARIA SEGPNR/COPAL MD/GESEP/DESEG/SEORI/SG-MD  Nº  121, DE 6 DE JANEIRO DE 2023]]></Identifica>
    <Data><![CDATA[]]></Data>
    <Ementa />
    <Titulo />
    <SubTitulo />
    <Texto><![CDATA[<p class="identifica">PORTARIA SEGPNR/COPAL MD/GESEP/DESEG/SEORI/SG-MD Nº 121, DE 6 DE JANEIRO DE 2023</p><p>O DIRETOR DO DEPARTAMENTO DE ENGENHARIA E SERVIÇOS GERAIS, no uso de suas atribuições previstas no inciso IV, do art. 41, do Anexo I, do Decreto nº 10.998, de 15 de março de 2022, e no § 1º do art. 17 da Portaria Normativa nº 43/GM-MD, de 29 de abril de 2020, e considerando o que consta no Processo Administrativo nº 60583.003183/2022-57, resolve:</p><p>Art. 1º Outorgar a Permissão de Uso do Próprio Nacional Residencial situado na SQS 316, Bloco "I", Apartamento 301, ao CEL GILSON ANTONIO DA SILVA SOBRAL, conforme previsto no inciso IV do art. 3º da Portaria Normativa nº 43/GM-MD, de 29 de abril de 2020.</p><p>Art. 2º As despesas decorrentes do uso do PNR deverão ser cobradas do permissionário a partir da data da ocupação, conforme § 2º do art. 17 da Portaria Normativa nº 43/GM-MD, de 29 de abril de 2020.</p><p class="assina">ODILON MAZZINI JUNIOR</p><p></p>]]></Texto>
  </body>
  <Midias />
</article></xml>