﻿<xml><article id="30093069" name="2023-01-12/9350808/SIGEPE_202554" idOficio="9350808" pubName="DO2" artType="Portaria" pubDate="13/01/2023" artClass="00018:00114:00002:00000:00000:00000:00000:00000:00000:00000:00017:00040" artCategory="Ministério da Educação/Universidade Federal Rural de Pernambuco/Gabinete do Reitor" artSize="12" artNotes="" numberPage="32" pdfPage="http://pesquisa.in.gov.br/imprensa/jsp/visualiza/index.jsp?data=13/01/2023&amp;jornal=529&amp;pagina=32" editionNumber="10" highlightType="" highlightPriority="" highlight="" highlightimage="" highlightimagename="" idMateria="20255482">
  <body>
    <Identifica><![CDATA[ Portaria GBR/UFRPE nº 40, de 12 de Janeiro de 2023]]></Identifica>
    <Data><![CDATA[]]></Data>
    <Ementa />
    <Titulo />
    <SubTitulo />
    <Texto><![CDATA[<p class="identifica">Portaria GBR/UFRPE nº 40, de 12 de Janeiro de 2023</p><p>O VICE-REITOR DA UNIVERSIDADE FEDERAL RURAL DE PERNAMBUCO, nomeado pela Portaria GR/UFRPE nº 408/2020, de 13 de maio de 2020, publicada no Diário Oficial da União em 14 de maio de 2020, no uso de suas atribuições legais e estatutárias, e tendo em vista o que consta no Processo UFRPE nº 23082.033728/2022-74, resolve:</p><p>Art. 1º DESIGNAR para exercer a Função (FG-01) de Diretor Pro Tempore do Departamento de Administração - DADM, o(a) servidor(a) MARCO AURÉLIO BENEVIDES DE PINHO, do Quadro Único de Pessoal desta Universidade, Matrícula SIAPE nº 1355315, a partir de 10/01/2023, conforme Despacho nº 0044/2023-GR-UFRPE, de 06/01/2023, constante no Processo mencionado.</p><p>Art. 2º Em decorrência, a partir da mesma data, revogar os efeitos da Portaria GR/UFRPE Nº 906/2021, de 19/01/2021, publicada no DOU de 20/01/2021, seção 02, página 26.</p><p class="assina">GABRIEL RIVAS DE MELO</p>]]></Texto>
  </body>
  <Midias />
</article></xml>