﻿<xml><article id="30090377" name="Port34PE" idOficio="9350395" pubName="DO2" artType="Portaria" pubDate="13/01/2023" artClass="00007:00058:00050:00000:00000:00000:00000:00000:00000:00000:00017:00001" artCategory="Ministério da Agricultura, Pecuária e Abastecimento/Instituto Nacional de Colonização e Reforma Agrária/Superintendência Regional em Pernambuco" artSize="12" artNotes="" numberPage="5" pdfPage="http://pesquisa.in.gov.br/imprensa/jsp/visualiza/index.jsp?data=13/01/2023&amp;jornal=529&amp;pagina=5" editionNumber="10" highlightType="" highlightPriority="" highlight="" highlightimage="" highlightimagename="" idMateria="20254858">
  <body>
    <Identifica><![CDATA[ PORTARIA Nº 34, DE 9 DE JANEIRO DE 2023]]></Identifica>
    <Data><![CDATA[]]></Data>
    <Ementa />
    <Titulo />
    <SubTitulo />
    <Texto><![CDATA[<p class="identifica">PORTARIA Nº 34, DE 9 DE JANEIRO DE 2023</p><p>O SUPERINTENDENTE REGIONAL DO INSTITUTO NACIONAL DE COLONIZAÇÃO E REFORMA AGRÁRIA - INCRA, NO ESTADO DE PERNAMBUCO - SR(PE), no uso das atribuições que lhe foram conferidas pelo art. 18 da Estrutura Regimental deste Instituto, aprovada pelo Decreto nº 11.232, de 10 de outubro de 2022, combinado com o art. 112, inciso XVII, do Regimento interno desta Autarquia, aprovado pela Portaria nº 2.541, de 28 de dezembro de 2022, publicada no Diário Oficial da União do dia 30 seguinte, e considerando as informações contidas no Processo Administrativo nº 54000.141871/2022-25, resolve:</p><p>Conceder Pensão a ROBERTO CAVALCANTI BARBOSA, brasileiro, CPF: 036.386.424-53, cônjuge da ex-servidora Ana Lúcia Dias Martins da Silva, matrícula Siape nº 401477, CPF: 075.399.914-53, pagamento de PENSÃO, com fulcro no art. 215, combinado com os artigos 217, inciso, I, 219, inciso I, e 222, inciso VII, alínea "b", item 6 e art. 225 da Lei nº 8.112, de 11 de dezembro de 1990, na redação dada pela Lei nº 13.135, de 17 de junho de 2015, a ser calculada a partir da data do óbito, nos termos do artigo 23º da Emenda Constitucional nº 103/2019, de 12 de novembro de 2019.</p><p class="assina">THIAGO ANGELUS CONCEIÇÃO BRANDÃO</p>]]></Texto>
  </body>
  <Midias />
</article></xml>