﻿<xml><article id="30088777" name="PORTARIA N.67" idOficio="9350168" pubName="DO2" artType="Portaria" pubDate="13/01/2023" artClass="00018:00092:00000:00000:00000:00000:00000:00000:00000:00000:00017:00002" artCategory="Ministério da Educação/Universidade Federal Fluminense" artSize="12" artNotes="" numberPage="28" pdfPage="http://pesquisa.in.gov.br/imprensa/jsp/visualiza/index.jsp?data=13/01/2023&amp;jornal=529&amp;pagina=28" editionNumber="10" highlightType="" highlightPriority="" highlight="" highlightimage="" highlightimagename="" idMateria="20254443">
  <body>
    <Identifica><![CDATA[ PORTARIA Nº 67,  de 12 de janeiro de 2023]]></Identifica>
    <Data><![CDATA[]]></Data>
    <Ementa />
    <Titulo />
    <SubTitulo />
    <Texto><![CDATA[<p></p><p class="identifica">PORTARIA Nº 67, de 12 de janeiro de 2023</p><p>O REITOR da UNIVERSIDADE FEDERAL FLUMINENSE, no uso de suas atribuições, tendo em vista a Lei nº 9.640 de 25 de maio de 1998 e o que consta do Processo nº 23069.150140/2023-33, resolve:</p><p>Art.1º- Nomear HELENA CARLA CASTRO CARDOSO DE ALMEIDA, Professor do Magistério Superior, código 705.001, Matrícula SIAPE nº 2316131, para exercer o cargo de direção de Coordenadora da Coordenação de Pesquisa, da Pró-Reitoria de Pesquisa, Pós-Graduação e Inovação - Código CD-4.</p><p>Art. 2º - Esta Portaria entra em vigor na data de sua publicação no Diário Oficial da União.</p><p class="assina">ANTONIO CLAUDIO LUCAS DA NOBREGA</p><p></p>]]></Texto>
  </body>
  <Midias />
</article></xml>