﻿<xml><article id="30087183" name="PORTARIA DE PESSOAL PROGEPE-UFJF" idOficio="9349817" pubName="DO2" artType="Portaria" pubDate="13/01/2023" artClass="00018:00098:00057:00000:00000:00000:00000:00000:00000:00000:00017:00005" artCategory="Ministério da Educação/Universidade Federal de Juiz de Fora/Pró-Reitoria de Gestão de Pessoas" artSize="12" artNotes="" numberPage="29" pdfPage="http://pesquisa.in.gov.br/imprensa/jsp/visualiza/index.jsp?data=13/01/2023&amp;jornal=529&amp;pagina=29" editionNumber="10" highlightType="" highlightPriority="" highlight="" highlightimage="" highlightimagename="" idMateria="20254002">
  <body>
    <Identifica><![CDATA[ PORTARIA DE PESSOAL PROGEPE/UFJF Nº 39, DE 12 DE JANEIRO DE 2023]]></Identifica>
    <Data><![CDATA[]]></Data>
    <Ementa />
    <Titulo />
    <SubTitulo />
    <Texto><![CDATA[<p class="identifica">PORTARIA DE PESSOAL PROGEPE/UFJF Nº 39, DE 12 DE JANEIRO DE 2023</p><p>A PRÓ-REITORA DE GESTÃO DE PESSOAS DA UNIVERSIDADE FEDERAL DE JUIZ DE FORA, no uso de suas atribuições e de suas competências delegadas através da Portaria nº 282, de 05 de março de 2021, publicada no DOU de 11 de março de 2021, e</p><p>CONSIDERANDO o constante dos autos do Processo nº 23071.901266/2023-38, resolve:</p><p>Declarar vago o cargo de Almoxarife, ocupado pelo servidor JOSÉ RAIMUNDO CASTILHO, matrícula SIAPE nº 1148398, lotado na Pró-Reitoria de Infraestrutura e Gestão, do quadro permanente desta Universidade, em face de seu falecimento ocorrido em 30 de dezembro de 2022.</p><p class="assina">RENATA MERCÊS OLIVEIRA DE FARIA</p>]]></Texto>
  </body>
  <Midias />
</article></xml>