﻿<xml><article id="30085837" name="Portarias UFSM 19.12__N7S42B" idOficio="9349519" pubName="DO2" artType="Portaria" pubDate="13/01/2023" artClass="00018:00118:00000:00000:00000:00000:00000:00000:00000:00000:00017:00000" artCategory="Ministério da Educação/Universidade Federal de Santa Maria" artSize="12" artNotes="" numberPage="33" pdfPage="http://pesquisa.in.gov.br/imprensa/jsp/visualiza/index.jsp?data=13/01/2023&amp;jornal=529&amp;pagina=33" editionNumber="10" highlightType="" highlightPriority="" highlight="" highlightimage="" highlightimagename="" idMateria="20253632">
  <body>
    <Identifica><![CDATA[ PORTARIA DE PESSOAL UFSM Nº 79, DE 12 DE JANEIRO DE 2023]]></Identifica>
    <Data><![CDATA[]]></Data>
    <Ementa />
    <Titulo />
    <SubTitulo />
    <Texto><![CDATA[<p class="identifica">PORTARIA DE PESSOAL UFSM Nº 79, DE 12 DE JANEIRO DE 2023</p><p>O REITOR DA UNIVERSIDADE FEDERAL DE SANTA MARIA, no uso de suas atribuições legais e estatutárias, e tendo em vista o que consta do Processo n. 23081.002369/2023-02, resolve:</p><p>DECLARAR, de acordo com o inciso VIII, do Art. 33 da Lei 8.112 de 11/12/1990, a existência de uma vaga a partir de 25 de janeiro de 2023, no cargo de Administrador, no lugar de LISANDRA SPIAZZI BERLEZE, Matrícula SIAPE 3087458, lotada na Coordenadoria de Planejamento Econômico/Reitoria.</p><p class="assina">LUCIANO SCHUCH</p>]]></Texto>
  </body>
  <Midias />
</article></xml>