﻿<xml><article id="30079781" name="PORTARIA DE PESSOAL PROGEPE-UFJF" idOficio="9348673" pubName="DO2" artType="Portaria" pubDate="13/01/2023" artClass="00018:00098:00057:00000:00000:00000:00000:00000:00000:00000:00017:00001" artCategory="Ministério da Educação/Universidade Federal de Juiz de Fora/Pró-Reitoria de Gestão de Pessoas" artSize="12" artNotes="" numberPage="29" pdfPage="http://pesquisa.in.gov.br/imprensa/jsp/visualiza/index.jsp?data=13/01/2023&amp;jornal=529&amp;pagina=29" editionNumber="10" highlightType="" highlightPriority="" highlight="" highlightimage="" highlightimagename="" idMateria="20252577">
  <body>
    <Identifica><![CDATA[ PORTARIA DE PESSOAL PROGEPE/UFJF Nº 32, DE 11 DE JANEIRO DE 2023]]></Identifica>
    <Data><![CDATA[]]></Data>
    <Ementa />
    <Titulo />
    <SubTitulo />
    <Texto><![CDATA[<p class="identifica">PORTARIA DE PESSOAL PROGEPE/UFJF Nº 32, DE 11 DE JANEIRO DE 2023</p><p>A PRÓ-REITORA DE GESTÃO DE PESSOAS DA UNIVERSIDADE FEDERAL DE JUIZ DE FORA, no uso de suas atribuições e de suas competências delegadas através da Portaria nº 282, de 05 de março de 2021, publicada no DOU de 11 de março de 2021, e</p><p>CONSIDERANDO o constante dos autos do processo nº 23071.946477/2022-19;</p><p>CONSIDERANDO o constante dos autos do processo nº 23071.900147/2023-68, resolve:</p><p>Art. 1º Conceder aposentadoria voluntária a LILIAN GIL, matrícula SIAPE nº. 1220616, no cargo de Professor do Ensino Básico, Técnico e Tecnológico, Classe D, nível 404, em regime de Dedicação Exclusiva, lotada no Colégio de Aplicação João XXIII, do Quadro Permanente da Universidade Federal de Juiz de Fora, com fundamento no Art. 20, Incisos I, II, III e IV, § 1º, da EC 103/2019, com proventos calculados na forma do Art. 20, § 2º, inciso I da referida Emenda.</p><p>Art. 2º Esta Portaria entra em vigor na data de sua publicação no DOU.</p><p class="assina">RENATA MERCÊS OLIVEIRA DE FARIA</p>]]></Texto>
  </body>
  <Midias />
</article></xml>