﻿<xml><article id="30088585" name="Portaria DOU - pensAo 13.01.2023" idOficio="9350065" pubName="DO2" artType="Portaria" pubDate="13/01/2023" artClass="00026:00002:00009:00010:00002:00001:00000:00000:00000:00000:00017:00001" artCategory="Ministério da Saúde/Secretaria Executiva/Departamento de Gestão Interfederativa e Participativa/Superintendência Estadual do Ministério da Saúde em Goiás/Divisão de Gestão Administrativa e de Pessoas/Serviço de Gestão de Pessoas" artSize="12" artNotes="" numberPage="41" pdfPage="http://pesquisa.in.gov.br/imprensa/jsp/visualiza/index.jsp?data=13/01/2023&amp;jornal=529&amp;pagina=41" editionNumber="10" highlightType="" highlightPriority="" highlight="" highlightimage="" highlightimagename="" idMateria="20254336">
  <body>
    <Identifica><![CDATA[ PORTARIA DIGAD/GO nº 19, DE 12 de JANEIRO  DE 2023]]></Identifica>
    <Data><![CDATA[]]></Data>
    <Ementa />
    <Titulo />
    <SubTitulo />
    <Texto><![CDATA[<p class="identifica">PORTARIA DIGAD/GO nº 19, DE 12 de JANEIRO DE 2023</p><p>A CHEFE DA DIVISÃO DE GESTÃO ADMINISTRATIVA DA SUPERINTENDÊNCIA ESTADUAL DO MINISTÉRIO DA SAÚDE EM GOIÁS, no uso de suas atribuições legais conferidas pela Portaria GM/MS nº 2.606, de 08/07/2022, publicada no DOU nº 130, de 12/07/2022 e Portaria SAA/SE/MS nº 1.804, de 01/10/2013, publicada no DOU nº 192, de 03/10/2013, resolve:</p><p>Conceder pensão por morte à BARBARA MOREIRA CAMPOS CURADO, na qualidade de cônjuge do(a) ex-servidor(a) aposentado(a) AGUINALDO CAMPOS CURADO, matrícula no SIAPE nº 0547136, ocupante do cargo de Agente Administrativo, Classe S, Padrão III, do Nível Intermediário, falecido(a) em 02/01/2023, a contar da data do óbito, com fundamento no Artigo 215 combinado com o Artigo 217, Inciso I e Artigo 222, Inciso VII, Alínea "b", Item 6, da Lei 8.112/1990, alterada pela Lei 13.135/2015, combinado com Artigo 23 da Emenda Constitucional nº 103/2019. (Processo nº 25005.000024/2023-44)</p><p class="assina">MARLI SOREL DE ARAÚJO GONÇALVES</p>]]></Texto>
  </body>
  <Midias />
</article></xml>