﻿<xml><article id="30079640" name="Mat. JAN 1 - 10" idOficio="9347614" pubName="DO2" artType="Portaria" pubDate="13/01/2023" artClass="00013:00012:00008:00044:00006:00000:00000:00000:00000:00000:00017:00006" artCategory="Ministério da Defesa/Comando da Marinha/Comando de Operações Navais/5º Distrito Naval/Centro de Intendência da Marinha em Rio Grande" artSize="12" artNotes="" numberPage="8" pdfPage="http://pesquisa.in.gov.br/imprensa/jsp/visualiza/index.jsp?data=13/01/2023&amp;jornal=529&amp;pagina=8" editionNumber="10" highlightType="" highlightPriority="" highlight="" highlightimage="" highlightimagename="" idMateria="20251230">
  <body>
    <Identifica><![CDATA[ PORTARIA Nº  10/Com5°DN, DE 5 DE JANEIRO DE 2023]]></Identifica>
    <Data><![CDATA[]]></Data>
    <Ementa />
    <Titulo />
    <SubTitulo />
    <Texto><![CDATA[<p></p><p class="identifica">PORTARIA Nº 10/Com5°DN, DE 5 DE JANEIRO DE 2023</p><p>O COMANDANTE DO 5° DISTRITO NAVAL, no uso de suas atribuições e tendo em vista o previsto na alínea b, inciso III, § 1° do art. 3° da Lei n° 6.880/1980 e o contido nas Normas sobre Tarefa por Tempo Certo e Designação para o Serviço Ativo (DGPM-314 - 6ª Revisão), resolve:</p><p>Art. 1° Renovar, o período de prestação de Tarefa por Tempo Certo do SO-RM1-FN-MU 83.0682.61 DANIEL DO NASCIMENTO, previsto na Portaria n° 24/2021, até 10 de fevereiro de 2025, sob o regime de quarenta horas de trabalho semanais, tendo em vista a necessidade de compor a Força de Trabalho da Capitania dos Portos do Rio Grande do Sul, na tarefa de Auxiliar do Departamento de Segurança do Tráfego Aquaviário - Seção de Inquéritos Administrativos, NEO 20.1.0.5, por possuir o contratado os conhecimentos inerentes à tarefa a ser prestada.</p><p class="assina">Vice-Almirante SÍLVIO LUÍS DOS SANTOS</p><p></p>]]></Texto>
  </body>
  <Midias />
</article></xml>