﻿<xml><article id="30079790" name="PT17DIAT_13-01" idOficio="9348151" pubName="DO2" artType="Portaria" pubDate="13/01/2023" artClass="00027:00051:00081:00275:00005:00000:00000:00000:00000:00000:00017:00001" artCategory="Ministério do Trabalho e Previdência/Instituto Nacional do Seguro Social/Diretoria de Gestão de Pessoas/Coordenação-Geral de Centralização do Regime Próprio de Previdência Social da União/Divisão de Atendimento do RPPU" artSize="12" artNotes="" numberPage="42" pdfPage="http://pesquisa.in.gov.br/imprensa/jsp/visualiza/index.jsp?data=13/01/2023&amp;jornal=529&amp;pagina=42" editionNumber="10" highlightType="" highlightPriority="" highlight="" highlightimage="" highlightimagename="" idMateria="20251896">
  <body>
    <Identifica><![CDATA[ PORTARIA DIAT-RPPU/INSS  Nº  17,  DE 11 DE JANEIRO DE 2023]]></Identifica>
    <Data><![CDATA[]]></Data>
    <Ementa />
    <Titulo />
    <SubTitulo />
    <Texto><![CDATA[<p class="identifica">PORTARIA DIAT-RPPU/INSS Nº 17, DE 11 DE JANEIRO DE 2023</p><p>A CHEFE SUBSTITUTA DA DIVISÃO DE ATENDIMENTO DO REGIME PRÓPRIO DE PREVIDÊNCIA DA UNIÃO, da Coordenação-Geral de Centralização do RPPU, da Diretoria de Gestão de Pessoas do INSS, no uso das atribuições e competências estabelecidas na Portaria DGP/INSS Nº 05 DE 18.04.2022, publicada em BSE de 19.04.2022 e na PORTARIA DGP/INSS Nº 51 de 04.07.2022 publicada em DOU nº 125 de 05.07.2022, resolve:</p><p>Conceder aposentadoria por Incapacidade Permanente para o trabalho ao servidor ANA LÚCIA GOMES MUNIZ, matrícula SIAPE 1412805, ocupante do cargo de PROFESSOR DO MAGISTÉRIO SUPERIOR, nível NS, Classe 6, Padrão 601, do quadro de pessoal permanente da FUNDACAO UNIVERSIDADE FEDERAL DO TOCANTINS, com fundamento no Artigo 10º, § 1º, inciso II da Emenda Constitucional nº 103, de 2019, quando insuscetíveis de readaptação, hipótese em que será obrigatória a realização de avaliações periódicas para verificação da continuidade das condições que ensejaram a aposentadoria. Os proventos serão calculados com base no artigo 26, §2º, média aritmética. Observado o contido no processo SEI nº 35014.451233/2022-16 e Protocolo de Requerimento GET 2054147082 do MEU INSS, declarando, em consequência, o referido cargo vago.</p><p>Esta portaria entra em vigor na data de sua publicação.</p><p class="assina">CAMILA DE PAULA PAZ LEME</p>]]></Texto>
  </body>
  <Midias />
</article></xml>