﻿<xml><article id="30084183" name="Portaria 1430_2022 Vacancia LUCA" idOficio="9349260" pubName="DO2" artType="Portaria" pubDate="13/01/2023" artClass="00018:00085:00001:00029:00000:00000:00000:00000:00000:00000:00017:00005" artCategory="Ministério da Educação/Universidade Federal da Bahia/Reitoria/Pró-Reitoria de Desenvolvimento de Pessoas" artSize="12" artNotes="" numberPage="26" pdfPage="http://pesquisa.in.gov.br/imprensa/jsp/visualiza/index.jsp?data=13/01/2023&amp;jornal=529&amp;pagina=26" editionNumber="10" highlightType="" highlightPriority="" highlight="" highlightimage="" highlightimagename="" idMateria="20253300">
  <body>
    <Identifica><![CDATA[ PORTARIA Nº 1.430, DE  23 DE NOVEMBRO DE 2022]]></Identifica>
    <Data><![CDATA[]]></Data>
    <Ementa />
    <Titulo />
    <SubTitulo />
    <Texto><![CDATA[<p class="identifica">PORTARIA Nº 1.430, DE 23 DE NOVEMBRO DE 2022</p><p>O Pró-Reitor de Desenvolvimento de Pessoas, no uso de suas atribuições legais previstas na Portaria de delegação de competência nº 448, de 17 de maio de 2011, tendo em vista o que consta do Processo nº 23066.065725/2022-06, resolve:</p><p>Declarar, a partir de 16 de novembro de 2022, a vacância do cargo de Assistente em Administração, Nível Intermediário, Classificação D, Capacitação 4, Padrão 04, ocupado por LUCAS CORREIA DE LIMA, matrícula SIAPE nº 1335220, lotado na Escola de Belas Artes desta Universidade, com fundamento no artigo 33, inciso VIII, da Lei 8.112/90.</p><p class="assina">Jeilson Barreto Andrade</p><p></p>]]></Texto>
  </body>
  <Midias />
</article></xml>