﻿<xml><article id="30089873" name="PublicaAAo 13.01.2023 - Portaria" idOficio="9350305" pubName="DO2" artType="Portaria" pubDate="13/01/2023" artClass="00048:00455:00000:00000:00000:00000:00000:00000:00000:00000:00017:00002" artCategory="Entidades de Fiscalização do Exercício das Profissões Liberais/Conselho Regional de Odontologia de São Paulo" artSize="12" artNotes="" numberPage="56" pdfPage="http://pesquisa.in.gov.br/imprensa/jsp/visualiza/index.jsp?data=13/01/2023&amp;jornal=529&amp;pagina=56" editionNumber="10" highlightType="" highlightPriority="" highlight="" highlightimage="" highlightimagename="" idMateria="20254757">
  <body>
    <Identifica><![CDATA[ PORTARIA Nº 1, DE 2 DE JANEIRO DE 2023]]></Identifica>
    <Data><![CDATA[]]></Data>
    <Ementa />
    <Titulo />
    <SubTitulo />
    <Texto><![CDATA[<p class="identifica">PORTARIA Nº 1, DE 2 DE JANEIRO DE 2023</p><p>O Presidente do Conselho Regional de Odontologia de São Paulo, no exercício de sua competência legal e suas atribuições regimentais, com o referendo do Plenário:, resolve:</p><p>Artigo 1º - Nos termos da Portaria nº 240/2022, nomeia a Funcionária Margarete Faria Pisciolaro para o cargo de Auditora Odontológica 2.</p><p>Artigo 2º - Conceder uma gratificação de função no valor de R$ 3.743,25 (três mil, setecentos e quarenta e três reais e vinte e cinco centavos) mensais.</p><p>Artigo 3º - Os efeitos deste ato entram em vigor a partir de 02/01/2023 e obedecerão ao disposto na Portaria CROSP nº 092/2020.</p><p class="assina">Braz Antunes Mattos Neto</p>]]></Texto>
  </body>
  <Midias />
</article></xml>