﻿<xml><article id="30084324" name="Port.2022. 009 - A1.1 - 10 JAN 2" idOficio="9349279" pubName="DO2" artType="Portaria" pubDate="13/01/2023" artClass="00013:00011:00001:00002:00000:00000:00000:00000:00000:00000:00017:00009" artCategory="Ministério da Defesa/Comando do Exército/Gabinete do Comandante/Chefia de Gabinete" artSize="12" artNotes="" numberPage="7" pdfPage="http://pesquisa.in.gov.br/imprensa/jsp/visualiza/index.jsp?data=13/01/2023&amp;jornal=529&amp;pagina=7" editionNumber="10" highlightType="" highlightPriority="" highlight="" highlightimage="" highlightimagename="" idMateria="20253279">
  <body>
    <Identifica><![CDATA[ PORTARIA - Gab Cmt Ex/C Ex Nº 9, DE 10 DE JANEIRO DE 2023]]></Identifica>
    <Data><![CDATA[]]></Data>
    <Ementa />
    <Titulo />
    <SubTitulo />
    <Texto><![CDATA[<p class="identifica">PORTARIA - Gab Cmt Ex/C Ex Nº 9, DE 10 DE JANEIRO DE 2023</p><p>O CHEFE DO GABINETE DO COMANDANTE DO EXÉRCITO, no uso das competências que lhe confere o inciso II, Prf 1º, art. 6º da Portaria do Comandante do Exército nº 218, de 20 de março de 2017 e considerando o disposto no inciso III, alínea b), Prf 1º, art. 3º da Lei nº 6.880, de 9 de dezembro de 1980, com a redação dada pelo art. 5º da Lei nº 9.442, de 14 de março de 1997, resolve;</p><p>NOMEAR, o Cel R/1 (1182629632) EVERTON SCILLA DE FREITAS na Indústria de Material Bélico do Brasil - Fábrica Presidente Vargas (IMBEL-FPV) em Piquete-SP, como Prestador de Tarefa por Tempo Certo, para exercer a tarefa de apoio administrativo e gestão na IMBEL-Fábrica Presidente Vargas, pelo prazo de 24 (vinte e quatro) meses, a partir de 1º de fevereiro de 2023.</p><p class="assina">Gen Div FRANCISCO HUMBERTO MONTENEGRO JUNIOR</p>]]></Texto>
  </body>
  <Midias />
</article></xml>