﻿<xml><article id="30088780" name="PORTARIA N.66" idOficio="9350168" pubName="DO2" artType="Portaria" pubDate="13/01/2023" artClass="00018:00092:00000:00000:00000:00000:00000:00000:00000:00000:00017:00001" artCategory="Ministério da Educação/Universidade Federal Fluminense" artSize="12" artNotes="" numberPage="28" pdfPage="http://pesquisa.in.gov.br/imprensa/jsp/visualiza/index.jsp?data=13/01/2023&amp;jornal=529&amp;pagina=28" editionNumber="10" highlightType="" highlightPriority="" highlight="" highlightimage="" highlightimagename="" idMateria="20254444">
  <body>
    <Identifica><![CDATA[  PORTARIA Nº 66,  de 12 de janeiro de 2023]]></Identifica>
    <Data><![CDATA[]]></Data>
    <Ementa />
    <Titulo />
    <SubTitulo />
    <Texto><![CDATA[<p class="identifica">PORTARIA Nº 66, de 12 de janeiro de 2023</p><p>O REITOR da UNIVERSIDADE FEDERAL FLUMINENSE, no uso de suas atribuições, tendo em vista a Lei nº 9.640 de 25 de maio de 1998 e o que consta do Processo nº 23069.150140/2023-33, resolve:</p><p>Exonerar, a pedido WALTER LILENBAUM, Matrícula SIAPE nº 0311008, do cargo de direção de Coordenador da Coordenação de Pesquisa, da Pró-Reitoria de Pesquisa, Pós-Graduação e Inovação - Código CD-4 para o qual foi nomeado através da Portaria nº 57.026, de 29/08/2016.</p><p class="assina">ANTONIO CLAUDIO LUCAS DA NOBREGA</p><p></p>]]></Texto>
  </body>
  <Midias />
</article></xml>