﻿<xml><article id="30079538" name="0010" idOficio="9348651" pubName="DO2" artType="Portaria" pubDate="13/01/2023" artClass="00007:00003:00000:00000:00000:00000:00000:00000:00000:00000:00017:00002" artCategory="Ministério da Agricultura, Pecuária e Abastecimento/Secretaria Executiva" artSize="12" artNotes="" numberPage="4" pdfPage="http://pesquisa.in.gov.br/imprensa/jsp/visualiza/index.jsp?data=13/01/2023&amp;jornal=529&amp;pagina=4" editionNumber="10" highlightType="" highlightPriority="" highlight="" highlightimage="" highlightimagename="" idMateria="20252533">
  <body>
    <Identifica><![CDATA[ PORTARIA DE PESSOAL SE/MAPA Nº 10, DE 11 DE JANEIRO DE 2023]]></Identifica>
    <Data><![CDATA[]]></Data>
    <Ementa />
    <Titulo />
    <SubTitulo />
    <Texto><![CDATA[<p class="identifica">PORTARIA DE PESSOAL SE/MAPA Nº 10, DE 11 DE JANEIRO DE 2023</p><p>O SECRETÁRIO-EXECUTIVO DO MINISTÉRIO DA AGRICULTURA, PECUÁRIA E ABASTECIMENTO, no uso da competência que lhe foi subdelegada pela Portaria nº 505, de 25 de outubro de 2022, publicada no Diário Oficial da União, de 26 de outubro de 2022, e tendo em vista as disposições da Lei nº 14.204, de 16 de setembro de 2021, do Decreto nº 10.829, de 5 de outubro de 2021, do Decreto nº 11.231, de 10 de outubro de 2022, e o que consta no Processo SEI nº 21000.001891/2023-96, resolve:</p><p>Exonerar, a pedido, a partir de 9 de janeiro de 2023, ALINE RENATA ARAUJO DE MACEDO BACELAR, matrícula SIAPE nº 3197465, do Cargo Comissionado Executivo de Coordenadora, código CCE 1.10, da Coordenação de Monitoramento, da Coordenação-Geral de Monitoramento, do Departamento de Supervisão e Monitoramento, da Secretaria Especial de Assuntos Fundiários.</p><p class="assina">IRAJA LACERDA</p>]]></Texto>
  </body>
  <Midias />
</article></xml>