﻿<xml><article id="30083072" name="ATO 10 - 11.01.2023" idOficio="9349024" pubName="DO2" artType="Ato" pubDate="13/01/2023" artClass="00047:00011:00001:00000:00000:00000:00000:00000:00000:00000:00001:00000" artCategory="Poder Judiciário/Tribunal Regional Federal da 5ª Região/Presidência" artSize="12" artNotes="" numberPage="51" pdfPage="http://pesquisa.in.gov.br/imprensa/jsp/visualiza/index.jsp?data=13/01/2023&amp;jornal=529&amp;pagina=51" editionNumber="10" highlightType="" highlightPriority="" highlight="" highlightimage="" highlightimagename="" idMateria="20252986">
  <body>
    <Identifica><![CDATA[ ATO Nº 10, DE 11 DE JANEIRO DE 2023]]></Identifica>
    <Data><![CDATA[]]></Data>
    <Ementa />
    <Titulo />
    <SubTitulo />
    <Texto><![CDATA[<p class="identifica">ATO Nº 10, DE 11 DE JANEIRO DE 2023</p><p>O PRESIDENTE DO TRIBUNAL REGIONAL FEDERAL DA 5ª REGIÃO, no uso das atribuições que lhe confere o art. 16, inciso XXIII do Regimento Interno, com fundamento no artigo 96, inciso I, alínea "b", da Constituição Federal, e tendo em vista o que consta nos autos do PA nº 0003626-92.2022.4.05.7400, resolve:</p><p>DECLARAR VAGO, a pedido, a partir de 19 de dezembro de 2022, nos termos do artigo 33, inciso VIII, da Lei nº 8.112/1990, e do art. 61, inciso II, da Resolução nº 3/2008, do Conselho da Justiça Federal, o cargo efetivo de Técnico Judiciário - Área Administrativa, pertencente ao Quadro de Pessoal Permanente da Justiça Federal de Primeiro Grau da 5ª Região - Seção Judiciária da Paraíba, ocupado pela servidora MARINA MACHADO ZENAIDE, em razão de posse em outro cargo público federal inacumulável.</p><p class="assina">EDILSON PEREIRA NOBRE JÚNIOR</p>]]></Texto>
  </body>
  <Midias />
</article></xml>