﻿<xml><article id="30090641" name="RTF_PORTARIA 24 Aplica penalidad" idOficio="9350439" pubName="DO2" artType="Portaria" pubDate="13/01/2023" artClass="00018:00103:00000:00000:00000:00000:00000:00000:00000:00000:00017:00003" artCategory="Ministério da Educação/Universidade Federal do Oeste do Pará" artSize="12" artNotes="" numberPage="30" pdfPage="http://pesquisa.in.gov.br/imprensa/jsp/visualiza/index.jsp?data=13/01/2023&amp;jornal=529&amp;pagina=30" editionNumber="10" highlightType="" highlightPriority="" highlight="" highlightimage="" highlightimagename="" idMateria="20254982">
  <body>
    <Identifica><![CDATA[ PORTARIA Nº 24, DE 12 DE JANEIRO DE 2023]]></Identifica>
    <Data><![CDATA[]]></Data>
    <Ementa />
    <Titulo />
    <SubTitulo />
    <Texto><![CDATA[<p class="identifica">PORTARIA Nº 24, DE 12 DE JANEIRO DE 2023</p><p>A REITORA DA UNIVERSIDADE FEDERAL DO OESTE DO PARÁ, no uso de suas atribuições conferidas pelo Decreto Presidencial de 20 de abril de 2022, publicado no Diário Oficial da União em 20 de abril de 2022, Edição Extra, Seção 2, pág. 1, e considerando a delegação de competência de que trata a Portaria MEC nº 555, de 29 de julho de 2022, publicada no Diário Oficial da União em 1º de agosto de 2022, Seção 1, pág. 92, resolve:</p><p>Aplicar a penalidade de demissão ao servidor IAGO LUIS SALGADO LISBOA, ocupante do cargo de Técnico de Tecnologia da Informação, matrícula Siape nº 2180697, por infringir o art. 138 da Lei nº 8.112, de 11 de dezembro de 1990, conforme os autos do Processo Administrativo n. 23204.016376/2022-69.</p><p class="assina">ALDENIZE RUELA XAVIER</p>]]></Texto>
  </body>
  <Midias />
</article></xml>