﻿<xml><article id="30087964" name="ATO TRT21- GP NA 010-2023" idOficio="9349945" pubName="DO2" artType="Ato" pubDate="13/01/2023" artClass="00047:00062:00001:00002:00001:00000:00000:00000:00000:00000:00001:00000" artCategory="Poder Judiciário/Tribunal Regional do Trabalho da 21ª Região/Presidência/Diretoria-Geral/Secretaria Administrativa" artSize="12" artNotes="" numberPage="55" pdfPage="http://pesquisa.in.gov.br/imprensa/jsp/visualiza/index.jsp?data=13/01/2023&amp;jornal=529&amp;pagina=55" editionNumber="10" highlightType="" highlightPriority="" highlight="" highlightimage="" highlightimagename="" idMateria="20254180">
  <body>
    <Identifica><![CDATA[ ATO TRT21-GP Nº 10, DE 12 DE JANEIRO DE 2023]]></Identifica>
    <Data><![CDATA[]]></Data>
    <Ementa />
    <Titulo />
    <SubTitulo />
    <Texto><![CDATA[<p class="identifica">ATO TRT21-GP Nº 10, DE 12 DE JANEIRO DE 2023</p><p>O DESEMBARGADOR PRESIDENTE DO TRIBUNAL REGIONAL DO TRABALHO DA 21ª REGIÃO, no uso de suas atribuições legais e regimentais,</p><p>Considerando as disposições contidas no artigo 21, inciso XV, do Regimento Interno;</p><p>Considerando os termos do Ofício - DOUV n. 001/2023, resolve:</p><p>I. Nomear FABIO HENRIQUE DE OLIVEIRA BENSUSAN, matrícula nº 308.21.1294, para ocupar o Cargo em Comissão de Chefe da Divisão da Ouvidoria (CJ-01), com efeitos a contar da publicação do presente Ato.</p><p>II. Remover o referido servidor para a unidade de lotação correspondente ao Cargo ocupado.</p><p class="assina">ERIDSON JOÃO FERNANDES MEDEIROS</p>]]></Texto>
  </body>
  <Midias />
</article></xml>