﻿<xml><article id="30085291" name="IN Public 004 2023 SeAAo 02 reti" idOficio="9349441" pubName="DO2" artType="Retificação" pubDate="13/01/2023" artClass="00018:00050:00012:00000:00000:00000:00000:00000:00000:00000:00024:00001" artCategory="Ministério da Educação/Instituto Federal de Educação, Ciência e Tecnologia Catarinense/Campus Blumenau" artSize="12" artNotes="" numberPage="20" pdfPage="http://pesquisa.in.gov.br/imprensa/jsp/visualiza/index.jsp?data=13/01/2023&amp;jornal=529&amp;pagina=20" editionNumber="10" highlightType="" highlightPriority="" highlight="" highlightimage="" highlightimagename="" idMateria="20253498">
  <body>
    <Identifica><![CDATA[ RETIFICAÇÃO]]></Identifica>
    <Data><![CDATA[]]></Data>
    <Ementa />
    <Titulo />
    <SubTitulo />
    <Texto><![CDATA[<p class="identifica">RETIFICAÇÃO</p><p>Na Portaria nº 10/2023 - GAB/BLU de 09 de janeiro de 2023, publicada no Diário Oficial da União em 12/01/2023, na Seção 2, Página 23. ONDE SE LÊ: PORTARIA Nº 10 / 2023 - GAB/BLU DE 09 de janeiro de 2023. LEIA-SE: PORTARIA Nº 13 / 2023 - GAB/BLU DE 09 de janeiro de 2023 (...).</p><p></p>]]></Texto>
  </body>
  <Midias />
</article></xml>