﻿<xml><article id="30089567" name="Portaria PensAo nA 14" idOficio="9350270" pubName="DO2" artType="Portaria" pubDate="13/01/2023" artClass="00026:00002:00009:00013:00002:00000:00000:00000:00000:00000:00017:00000" artCategory="Ministério da Saúde/Secretaria Executiva/Departamento de Gestão Interfederativa e Participativa/Superintendência Estadual do Ministério da Saúde em Minas Gerais/Divisão de Gestão Administrativa e de Pessoas" artSize="12" artNotes="" numberPage="41" pdfPage="http://pesquisa.in.gov.br/imprensa/jsp/visualiza/index.jsp?data=13/01/2023&amp;jornal=529&amp;pagina=41" editionNumber="10" highlightType="" highlightPriority="" highlight="" highlightimage="" highlightimagename="" idMateria="20254726">
  <body>
    <Identifica><![CDATA[ PORTARIA Nº 14, DE 11 DE JANEIRO DE 2023]]></Identifica>
    <Data><![CDATA[]]></Data>
    <Ementa />
    <Titulo />
    <SubTitulo />
    <Texto><![CDATA[<p class="identifica">PORTARIA Nº 14, DE 11 DE JANEIRO DE 2023</p><p>O CHEFE SUBSTITUTO DA DIVISÃO DE GESTÃO ADMINISTRATIVA E DE PESSOAS DA SUPERINTENDÊNCIA ESTADUAL DO MINISTÉRIO DA SAÚDE EM MINAS GERAIS, face competência subdelegada pela PT/SAA/MS nº 1804, de 01 de outubro de 2013, publicada no DOU nº 192, de 03 de outubro de 2013, e tendo em vista o que consta do processo, resolve:</p><p>Art. 1º Conceder pensão a MARIA SALETE DA SILVA, na qualidade de cônjuge do ex-servidor GERALDO DA SILVA, ocupante do cargo de Agente de Portaria, matrícula SIAPE 0554412, do quadro de pessoal deste Ministério da Saúde, falecido aposentado em 30 de julho de 2021, com fundamento no inciso I do art. 3º da Portaria SGP/SEDGG/ME Nº 4645, de 24 de maio de 2022, c/c o art. 217 da Lei nº 8.112, de 11 de dezembro de 1990, e art. 23 da Emenda Constitucional nº 103, de 12 de novembro de 2019.</p><p>Art. 2º Os efeitos desta Portaria entram em vigor em 01/12/2022, data do requerimento. Processo nº 25003.001860/2022-85.</p><p class="assina">NARCÍSIO MACHADO OLIVEIRA</p>]]></Texto>
  </body>
  <Midias />
</article></xml>