﻿<xml><article id="30087132" name="PPENS 02 - 12.01.2023" idOficio="9349813" pubName="DO2" artType="Portaria" pubDate="13/01/2023" artClass="00014:00043:00013:00000:00000:00000:00000:00000:00000:00000:00017:00000" artCategory="Ministério do Desenvolvimento Regional/Departamento Nacional de Obras Contra as Secas/Coordenadoria Estadual na Paraíba" artSize="12" artNotes="" numberPage="12" pdfPage="http://pesquisa.in.gov.br/imprensa/jsp/visualiza/index.jsp?data=13/01/2023&amp;jornal=529&amp;pagina=12" editionNumber="10" highlightType="" highlightPriority="" highlight="" highlightimage="" highlightimagename="" idMateria="20253997">
  <body>
    <Identifica><![CDATA[ PORTARIA  Nº 2,  DE   12 DE JANEIRO DE 2023]]></Identifica>
    <Data><![CDATA[]]></Data>
    <Ementa />
    <Titulo />
    <SubTitulo />
    <Texto><![CDATA[<p class="identifica">PORTARIA Nº 2, DE 12 DE JANEIRO DE 2023</p><p>O COORDENADOR ESTADUAL DO DEPARTAMENTO NACIONAL DE OBRAS CONTRA AS SECAS NA PARAÍBA, usando da competência que lhe foi delegada através da Portaria nº 402/DG/DA/CRH, de 30 de agosto de 2013, publicada no Boletim Administrativo, Edição Extra, de mesma data, e tendo em vista o que consta do Processo nº 59412.000033/2023-55, resolve:</p><p>Art. 1º Conceder pensão à Lindalva Barbosa de Sousa, na qualidade de cônjuge do ex-servidor João Soares de Souza, ocupante do cargo de Auxiliar Operacional em Agropecuária, matrícula SIAPE 0733371, do quadro de pessoal desta Coordenadoria Estadual, falecido aposentado, em 03 de janeiro de 2023, com fundamento no inciso I do art. 3º da Portaria SGP/SEDGG/ME Nº 4645, de 24 de maio de 2022, c/c o art. 217 da Lei nº 8.112, de 11 de dezembro de 1990, e art. 23 da Emenda Constitucional nº 103, de 12 de novembro de 2019.</p><p>Art. 2º Os efeitos desta Portaria entram em vigor em 03 de janeiro de 2023, data do óbito do ex-servidor.</p><p class="assina">Alberto Gomes Batista</p>]]></Texto>
  </body>
  <Midias />
</article></xml>