﻿<xml><article id="30087967" name="PORTARIA TRT21- GP NA 013-2023" idOficio="9349945" pubName="DO2" artType="Portaria" pubDate="13/01/2023" artClass="00047:00062:00001:00002:00001:00000:00000:00000:00000:00000:00017:00000" artCategory="Poder Judiciário/Tribunal Regional do Trabalho da 21ª Região/Presidência/Diretoria-Geral/Secretaria Administrativa" artSize="12" artNotes="" numberPage="55" pdfPage="http://pesquisa.in.gov.br/imprensa/jsp/visualiza/index.jsp?data=13/01/2023&amp;jornal=529&amp;pagina=55" editionNumber="10" highlightType="" highlightPriority="" highlight="" highlightimage="" highlightimagename="" idMateria="20254181">
  <body>
    <Identifica><![CDATA[ PORTARIA TRT21-GP Nº 13, DE 12 DE JANEIRO DE 2023]]></Identifica>
    <Data><![CDATA[]]></Data>
    <Ementa />
    <Titulo />
    <SubTitulo />
    <Texto><![CDATA[<p class="identifica">PORTARIA TRT21-GP Nº 13, DE 12 DE JANEIRO DE 2023</p><p>O DESEMBARGADOR PRESIDENTE DO TRIBUNAL REGIONAL DO TRABALHO DA 21ª REGIÃO, no uso de suas atribuições legais e regimentais,</p><p>Considerando as disposições contidas no artigo 21, inciso XV, do Regimento Interno;</p><p>Considerando os termos do Ofício - GDAR n. 002/2023, resolve:</p><p>Dispensar FABIO HENRIQUE DE OLIVEIRA BENSUSAN, matrícula 308.21.1294, da Função Comissionada de Assistente de Gabinete (FC-05), do Gabinete da Desembargadora Maria Auxiliadora Barros de Medeiros Rodrigues, com efeitos a contar de publicação da presente portaria.</p><p class="assina">ERIDSON JOÃO FERNANDES MEDEIROS</p>]]></Texto>
  </body>
  <Midias />
</article></xml>