﻿<xml><article id="30079784" name="Rascunho DOU 2022_Port_578-2022" idOficio="9347338" pubName="DO2" artType="Portaria" pubDate="13/01/2023" artClass="00013:00012:00008:00044:00006:00000:00000:00000:00000:00000:00017:00016" artCategory="Ministério da Defesa/Comando da Marinha/Comando de Operações Navais/5º Distrito Naval/Centro de Intendência da Marinha em Rio Grande" artSize="12" artNotes="" numberPage="8" pdfPage="http://pesquisa.in.gov.br/imprensa/jsp/visualiza/index.jsp?data=13/01/2023&amp;jornal=529&amp;pagina=8" editionNumber="10" highlightType="" highlightPriority="" highlight="" highlightimage="" highlightimagename="" idMateria="20250744">
  <body>
    <Identifica><![CDATA[ PORTARIA Nº 578/Com5°DN, DE 6 DE DEZEMBRO DE 2022]]></Identifica>
    <Data><![CDATA[]]></Data>
    <Ementa />
    <Titulo />
    <SubTitulo />
    <Texto><![CDATA[<p></p><p class="identifica">PORTARIA Nº 578/Com5°DN, DE 6 DE DEZEMBRO DE 2022</p><p>O COMANDANTE DO 5° DISTRITO NAVAL, no uso da atribuição que lhe confere o art. 46, inciso II do Decreto nº 4.780, de 15 de julho de 2003, e de acordo com o art. 25, § 1º, da Lei nº 5.292, de 8 de junho de 1967, resolve:</p><p>Art. 1º Promover ao posto de Segundo-Tenente da Reserva de 2ª Classe da Marinha, na condição "SUB JUDICE", e incluir no Corpo de Oficiais da Reserva da Marinha, a partir de 3 de maio de 2021, a Guarda-Marinha (RM2-CD) 20.3384.22 LÍVIA RODRIGUES SCHNEIDER, por força de determinação judicial proferida nos autos do Processo nº 5005894-22.2021.4.04.7101/RS, em 16 de novembro de 2022, em que a União foi intimada para o cumprimento da sentença, proferida em 11 de março de 2022, pelo Exmo. Sr. SÉRGIO RENATO TEJADA GARCIA, Juiz Federal da 2ª Vara Federal de Rio Grande, comunicada pelo Ofício nº 04204/2022/COREMOFIC/PRU4R/PGU/AGU, de 21 de novembro de 2022, que transmitiu o Parecer de Força Executória nº 00200/2022/COREMNE/PRU4R/PGU/AGU, que atesta que a sentença proferida tem força executória, nos seguintes termos:</p><p>"Ante o exposto, JULGO PROCEDENTES OS PEDIDOS, nos termos da fundamentação, resolvendo o mérito do processo, fulcro no artigo 487, inciso I, do Código de Processo Civil, para:</p><p>a) declarar o direito da autora de ser incluída no "Quadro de Acesso por Antiguidade" e ser promovida ao posto de Segundo Tenente da Reserva de 2ª Classe da Marinha, a contar de 03/05/2021;</p><p>b) determinar à ré que efetue a promoção da autora ao posto de Segundo Tenente da Reserva de 2ª Classe da Marinha, a contar de 03/05/2021; e</p><p>(...)".</p><p>Art. 2º Permanece válida a Portaria nº 467/Com5ºDN, de 20 de outubro de 2021, que licenciou do Serviço Ativo da Marinha a GM (RM2-CD) LÍVIA RODRIGUES SCHNEIDER, devendo apenas constar a seguinte retificação no art. 1º:</p><p>- Onde se lê "(…) a GM (RM2-CD) LÍVIA RODRIGUES SCHNEIDER (...)";</p><p>- Leia-se "(…) a 2º Ten (RM2-CD) LÍVIA RODRIGUES SCHNEIDER (…)."</p><p>Art. 3º Esta Portaria entra em vigor na presente data, com efeitos administrativos retroativos a 3 de maio de 2021.</p><p class="assina">Vice-Almirante SÍLVIO LUÍS DOS SANTOS</p><p></p>]]></Texto>
  </body>
  <Midias />
</article></xml>