﻿<xml><article id="30079580" name="Mat. JAN 1 - 9" idOficio="9347522" pubName="DO2" artType="Portaria" pubDate="13/01/2023" artClass="00013:00012:00008:00044:00006:00000:00000:00000:00000:00000:00017:00005" artCategory="Ministério da Defesa/Comando da Marinha/Comando de Operações Navais/5º Distrito Naval/Centro de Intendência da Marinha em Rio Grande" artSize="12" artNotes="" numberPage="8" pdfPage="http://pesquisa.in.gov.br/imprensa/jsp/visualiza/index.jsp?data=13/01/2023&amp;jornal=529&amp;pagina=8" editionNumber="10" highlightType="" highlightPriority="" highlight="" highlightimage="" highlightimagename="" idMateria="20251168">
  <body>
    <Identifica><![CDATA[ PORTARIA Nº  9/Com5°DN, DE 5 DE JANEIRO DE 2023]]></Identifica>
    <Data><![CDATA[]]></Data>
    <Ementa />
    <Titulo />
    <SubTitulo />
    <Texto><![CDATA[<p></p><p class="identifica">PORTARIA Nº 9/Com5°DN, DE 5 DE JANEIRO DE 2023</p><p>O COMANDANTE DO 5° DISTRITO NAVAL, no uso de suas atribuições e tendo em vista o previsto na alínea b, inciso III, § 1° do art. 3° da Lei n° 6.880/1980 e o contido nas Normas sobre Tarefa por Tempo Certo e Designação para o Serviço Ativo (DGPM-314 - 6ª Revisão), resolve:</p><p>Art. 1° Renovar, o período de prestação de Tarefa por Tempo Certo do SO-RM1-FN-ES 86.4308.23 ALEX COUTO MOREIRA, previsto na Portaria n° 5/2021, até 12 de março de 2025, sob o regime de quarenta horas de trabalho semanais, tendo em vista a necessidade de compor a Força de Trabalho deste Comando, na tarefa de Secretário do Chefe Geral dos Serviços, na área de Administração, NEO 03.0.0.1, por possuir o contratado os conhecimentos inerentes à tarefa a ser prestada.</p><p>Art. 2° Esta Portaria entra em vigor na presente data.</p><p class="assina">Vice-Almirante SÍLVIO LUÍS DOS SANTOS</p><p></p>]]></Texto>
  </body>
  <Midias />
</article></xml>