﻿<xml><article id="30091788" name="Gestor Financeiro 2023 - Museu d" idOficio="9350580" pubName="DO2" artType="Portaria" pubDate="13/01/2023" artClass="00020:00037:00000:00000:00000:00000:00000:00000:00000:00000:00017:00000" artCategory="Ministério da Justiça e Segurança Pública/Fundação Nacional do Índio" artSize="12" artNotes="" numberPage="40" pdfPage="http://pesquisa.in.gov.br/imprensa/jsp/visualiza/index.jsp?data=13/01/2023&amp;jornal=529&amp;pagina=40" editionNumber="10" highlightType="" highlightPriority="" highlight="" highlightimage="" highlightimagename="" idMateria="20255202">
  <body>
    <Identifica><![CDATA[ PORTARIA FUNAI Nº 598, DE 3 DE JANEIRO DE 2023]]></Identifica>
    <Data><![CDATA[]]></Data>
    <Ementa />
    <Titulo />
    <SubTitulo />
    <Texto><![CDATA[<p class="identifica">PORTARIA FUNAI Nº 598, DE 3 DE JANEIRO DE 2023</p><p>A PRESIDENTE SUBSTITUTA DA FUNDAÇÃO NACIONAL DO ÍNDIO - FUNAI, no uso das atribuições que lhe são conferidas pelo Estatuto, aprovado pelo Decreto nº 11.226, de 07 de outubro de 2022, resolve:</p><p>Art. 1º Designar o servidor PAULO ANDRÉ PETRA DE BARROS CASALI, Matrícula SIAPE 1846640 e, nos seus afastamentos e impedimentos regulamentares, o servidor NAZARENO PINTO ESTEVAM BATISTA, Matrícula SIAPE 1815034, para atuarem como Gestores Financeiros no âmbito do Museu do Índio/RJ.</p><p>Art. 2º Revogar a Portaria nº 511/PRES, publicada no Diário Oficial da União de 10 de maio de 2022.</p><p>Art. 3º Esta Portaria entra em vigor na data de sua publicação.</p><p class="assina">MARIA JANETE ALBUQUERQUE DE CARVALHO</p>]]></Texto>
  </body>
  <Midias />
</article></xml>