﻿<xml><article id="30090647" name="RTF_PORTARIA 22 autoriza afastam" idOficio="9350439" pubName="DO2" artType="Portaria" pubDate="13/01/2023" artClass="00018:00103:00000:00000:00000:00000:00000:00000:00000:00000:00017:00001" artCategory="Ministério da Educação/Universidade Federal do Oeste do Pará" artSize="12" artNotes="" numberPage="30" pdfPage="http://pesquisa.in.gov.br/imprensa/jsp/visualiza/index.jsp?data=13/01/2023&amp;jornal=529&amp;pagina=30" editionNumber="10" highlightType="" highlightPriority="" highlight="" highlightimage="" highlightimagename="" idMateria="20254881">
  <body>
    <Identifica><![CDATA[ PORTARIA Nº 22, DE 12 DE JANEIRO DE 2023]]></Identifica>
    <Data><![CDATA[]]></Data>
    <Ementa />
    <Titulo />
    <SubTitulo />
    <Texto><![CDATA[<p class="identifica">PORTARIA Nº 22, DE 12 DE JANEIRO DE 2023</p><p>A REITORA DA UNIVERSIDADE FEDERAL DO OESTE DO PARÁ, no uso de suas atribuições conferidas pelo Decreto Presidencial de 20 de abril de 2022, publicado no Diário Oficial da União n° 75-A, Seção 2 - Edição Extra, pág. 1, em 20 de abril de 2022, e considerando os dispostos no artigo 95 da Lei nº 8.112/1990, no artigo 1º, inciso IV, do Decreto nº 1.387/1995, e nos artigos 16 e 17 da Resolução nº 103/2022 do Conselho Superior de Administração da Ufopa, resolve:</p><p>Autorizar o afastamento do país da servidora LUCYBETH CAMARGO DE ARRUDA, Professora do Magistério Superior, matrícula Siape nº 1964260, para realizar Pós-Doutorado na instituição Centro em Rede de Investigação em Antropologia (CRIA), na Universidade do Minho, em Braga, Portugal, no período de 1º de março de 2023 a 29 de fevereiro de 2024, com ônus limitado, mantida a remuneração.</p><p class="assina">ALDENIZE RUELA XAVIER</p>]]></Texto>
  </body>
  <Midias />
</article></xml>