﻿<xml><article id="30091477" name="ATO PORTARIA NA 09__B9K29B" idOficio="9350592" pubName="DO2" artType="Portaria" pubDate="13/01/2023" artClass="00047:00001:00002:00000:00000:00000:00000:00000:00000:00000:00017:00009" artCategory="Poder Judiciário/Supremo Tribunal Federal/Presidência" artSize="12" artNotes="" numberPage="49" pdfPage="http://pesquisa.in.gov.br/imprensa/jsp/visualiza/index.jsp?data=13/01/2023&amp;jornal=529&amp;pagina=49" editionNumber="10" highlightType="" highlightPriority="" highlight="" highlightimage="" highlightimagename="" idMateria="20255137">
  <body>
    <Identifica><![CDATA[ PORTARIA Nº 9, DE 6 DE JANEIRO DE 2023]]></Identifica>
    <Data><![CDATA[]]></Data>
    <Ementa />
    <Titulo />
    <SubTitulo />
    <Texto><![CDATA[<p class="identifica">PORTARIA Nº 9, DE 6 DE JANEIRO DE 2023</p><p>A PRESIDENTE DO SUPREMO TRIBUNAL FEDERAL, no uso de suas atribuições e tendo em vista os arts. 9º, II, e 35, I e II, da Lei n° 8.112, de 11 de dezembro de 1990, resolve:</p><p>I - Exonerar, a pedido, a contar de 06 de janeiro de 2023, VALMI ALVES DE SOUZA, Técnico Judiciário, Área Administrativa, do cargo em comissão de Assessor-Chefe, nível CJ-3, da Assessoria de Apoio à Governança e Conformidade;</p><p>II - Nomear ROBERTO BEZERRA, Analista Judiciário, Área Administrativa, para exercer o cargo em comissão de Assessor-Chefe, nível CJ-3, na Assessoria de Apoio à Governança e Conformidade, ficando exonerado do cargo que atualmente ocupa; e</p><p>III - Nomear WELBERT MOREIRA LEMOS, Técnico Judiciário, Área Administrativa, para exercer o cargo em comissão de Assessor, nível CJ-1, na Assessoria de Apoio à Governança e Conformidade, ficando dispensado da função comissionada que atualmente ocupa.</p><p class="assina">Min. ROSA WEBER</p>]]></Texto>
  </body>
  <Midias />
</article></xml>