﻿<xml><article id="30082520" name="PORTARIA DPF GUSTAVO" idOficio="9348891" pubName="DO2" artType="Portaria" pubDate="13/01/2023" artClass="00020:00028:00001:00000:00000:00000:00000:00000:00000:00000:00017:00000" artCategory="Ministério da Justiça e Segurança Pública/Polícia Federal/Gabinete" artSize="12" artNotes="" numberPage="39" pdfPage="http://pesquisa.in.gov.br/imprensa/jsp/visualiza/index.jsp?data=13/01/2023&amp;jornal=529&amp;pagina=39" editionNumber="10" highlightType="" highlightPriority="" highlight="" highlightimage="" highlightimagename="" idMateria="20252833">
  <body>
    <Identifica><![CDATA[ PORTARIA Nº 17.010-DG/PF, DE 11 DE JANEIRO DE 2023]]></Identifica>
    <Data><![CDATA[]]></Data>
    <Ementa />
    <Titulo />
    <SubTitulo />
    <Texto><![CDATA[<p class="identifica">PORTARIA Nº 17.010-DG/PF, DE 11 DE JANEIRO DE 2023</p><p>O DIRETOR-GERAL DA POLÍCIA FEDERAL, no uso das atribuições que lhe conferem o art. 36, incisos IV, XIV e XV, do Regimento Interno da Polícia Federal, aprovado pela Portaria nº 155-MJSP, de 27 de setembro de 2018, da competência que lhe foi delegada pelo art. 18, da Portaria nº 32, de 17 de janeiro de 2020, e considerando o disposto no art. 5º, inciso IV, da Lei nº 5.809, de 10 de outubro de 1972, e no art. 3º do Decreto nº 71.733, de 18 de janeiro de 1973, resolve:</p><p>Art. 1º Antecipar, a pedido, o fim da missão do Delegado de Polícia Federal GUSTAVO PAULO LEITE DE SOUZA, matrícula SIAPE nº 2516874, designado para função de Oficial de Ligação junto à Missão Logística do Ministério da Justiça e Segurança, do dia 15/03/2023 para o dia 01/02/2023.</p><p>Art. 2º Esta Portaria entra em vigor na data de sua publicação.</p><p class="assina">ANDREI AUGUSTO PASSOS RODRIGUES</p>]]></Texto>
  </body>
  <Midias />
</article></xml>