﻿<xml><article id="30093591" name="Portaria_PGJ_23" idOficio="9350921" pubName="DO2" artType="Portaria" pubDate="13/01/2023" artClass="00043:00009:00002:00000:00000:00000:00000:00000:00000:00000:00017:00000" artCategory="Ministério Público da União/Ministério Público do Distrito Federal e Territórios/Procuradoria-Geral de Justiça" artSize="12" artNotes="" numberPage="44" pdfPage="http://pesquisa.in.gov.br/imprensa/jsp/visualiza/index.jsp?data=13/01/2023&amp;jornal=529&amp;pagina=44" editionNumber="10" highlightType="" highlightPriority="" highlight="" highlightimage="" highlightimagename="" idMateria="20255668">
  <body>
    <Identifica><![CDATA[ PORTARIA Nº 23, DE 12 DE JANEIRO DE 2023]]></Identifica>
    <Data><![CDATA[]]></Data>
    <Ementa />
    <Titulo />
    <SubTitulo />
    <Texto><![CDATA[<p></p><p class="identifica">PORTARIA Nº 23, DE 12 DE JANEIRO DE 2023</p><p>O PROCURADOR-GERAL DE JUSTIÇA DO DISTRITO FEDERAL E TERRITÓRIOS, no uso das atribuições conferidas pela Lei Complementar nº 75, de 20 de maio de 1993, CONSIDERANDO o teor do Processo SEI nº 19.04.5374.0000874/2023-23, resolve:</p><p>Art. 1º Dispensar, a contar de 11 de janeiro de 2023, o servidor GUILHERME ELCIO TEIXEIRA MENDES DE OLIVEIRA, matrícula 4266-8, Analista do MPU/Direito da carreira do Ministério Público da União, do encargo de substituto do cargo em comissão de Chefe de Gabinete da 1ª Procuradoria de Justiça Cível, código CC-04 (60010090).</p><p>Art. 2º Esta Portaria entra em vigor na data de sua publicação.</p><p class="assina">GEORGES CARLOS FREDDERICO MOREIRA SEIGNEUR</p>]]></Texto>
  </body>
  <Midias />
</article></xml>