﻿<xml><article id="30090194" name="Port. de Pessoal PRFN3-ME n 359-" idOficio="9350382" pubName="DO2" artType="Portaria" pubDate="13/01/2023" artClass="00015:00038:00041:00000:00000:00000:00000:00000:00000:00000:00017:00000" artCategory="Ministério da Economia/Procuradoria-Geral da Fazenda Nacional/Procuradoria Regional da Fazenda Nacional na 3ª Região" artSize="12" artNotes="" numberPage="13" pdfPage="http://pesquisa.in.gov.br/imprensa/jsp/visualiza/index.jsp?data=13/01/2023&amp;jornal=529&amp;pagina=13" editionNumber="10" highlightType="" highlightPriority="" highlight="" highlightimage="" highlightimagename="" idMateria="20254845">
  <body>
    <Identifica><![CDATA[ PORTARIAS DE PESSOAL PRFN3/ME  DE 12 DE JANEIRO DE 2023]]></Identifica>
    <Data><![CDATA[]]></Data>
    <Ementa />
    <Titulo />
    <SubTitulo />
    <Texto><![CDATA[<p class="identifica">PORTARIAS DE PESSOAL PRFN3/ME DE 12 DE JANEIRO DE 2023</p><p>O PROCURADOR REGIONAL DA FAZENDA NACIONAL NA 3ª REGIÃO SUBSTITUTO, no uso da competência que lhe foi subdelegada pelo inciso II do artigo 7º da Portaria PGFN nº 25.541, de 29 de dezembro de 2020, publicada no DOU de 31 de dezembro de 2020, bem como o disposto no Processo 19839.100031/2023-30, resolve:</p><p>Nº 359 - Dispensar VITOR CORREA DA SILVA MELETTI, Procurador da Fazenda Nacional, matrícula Siape nº 2348659, do encargo de substituto eventual da Função Comissionada do Poder Executivo do Chefe de Divisão da Unidade Virtual e Grupos Desterritorializados, código FCPE 101.2, da Procuradoria Regional da Fazenda Nacional na 3ª Região, no Estado de São Paulo.</p><p>Nº 360 - Designar LOUISE MARIA BARROS BARBOSA, Procuradora da Fazenda Nacional, matrícula Siape nº 1574201, para exercer o encargo de substituta eventual da Função Comissionada do Poder Executivo do Chefe de Divisão da Unidade Virtual e Grupos Desterritorializados, código FCPE 101.2, da Procuradoria Regional da Fazenda Nacional na 3ª Região, no Estado de São Paulo, nos afastamentos, impedimentos legais ou regulamentares do titular e na vacância da função.</p><p class="assina">JAMES SIQUEIRA</p>]]></Texto>
  </body>
  <Midias />
</article></xml>