﻿<xml><article id="30084577" name="Portaria Retificacao 13.01.2023" idOficio="9349352" pubName="DO2" artType="Portaria" pubDate="13/01/2023" artClass="00026:00002:00009:00010:00002:00001:00000:00000:00000:00000:00017:00002" artCategory="Ministério da Saúde/Secretaria Executiva/Departamento de Gestão Interfederativa e Participativa/Superintendência Estadual do Ministério da Saúde em Goiás/Divisão de Gestão Administrativa e de Pessoas/Serviço de Gestão de Pessoas" artSize="12" artNotes="" numberPage="41" pdfPage="http://pesquisa.in.gov.br/imprensa/jsp/visualiza/index.jsp?data=13/01/2023&amp;jornal=529&amp;pagina=41" editionNumber="10" highlightType="" highlightPriority="" highlight="" highlightimage="" highlightimagename="" idMateria="20253354">
  <body>
    <Identifica><![CDATA[ RETIFICAÇÃO]]></Identifica>
    <Data><![CDATA[]]></Data>
    <Ementa />
    <Titulo />
    <SubTitulo />
    <Texto><![CDATA[<p class="identifica">RETIFICAÇÃO</p><p>Retificar a Portaria DIGAP/GO nº 283, de 26 de dezembro de 2022, publicada no Diário Oficial da União nº 246, de 30 de dezembro de 2022, que concedeu aposentadoria voluntária integral a TUBAL BARBOSA, matrícula no SIAPE nº 0547793, Agente Administrativo, do Quadro de Pessoal deste Ministério (Processo n.º 25005.000989/2022-56)</p><p>Onde se lê: "na forma do Artigo 3º da Emenda Constitucional nº 47/05, combinado com o Artigo 3º da Emenda Constitucional nº 103/2019".</p><p>Leia-se: "na forma do Artigo 4º, §6º, Inciso II da Emenda Constitucional 103/2019, com proventos e demais vantagens inerentes ao cargo calculados com base no Artigo 26, §2º, Inciso I da Emenda Constitucional nº 103/2019."</p>]]></Texto>
  </body>
  <Midias />
</article></xml>