﻿<xml><article id="30087186" name="PORTARIA DE PESSOAL PROGEPE-UFJF" idOficio="9349817" pubName="DO2" artType="Portaria" pubDate="13/01/2023" artClass="00018:00098:00057:00000:00000:00000:00000:00000:00000:00000:00017:00006" artCategory="Ministério da Educação/Universidade Federal de Juiz de Fora/Pró-Reitoria de Gestão de Pessoas" artSize="12" artNotes="" numberPage="30" pdfPage="http://pesquisa.in.gov.br/imprensa/jsp/visualiza/index.jsp?data=13/01/2023&amp;jornal=529&amp;pagina=30" editionNumber="10" highlightType="" highlightPriority="" highlight="" highlightimage="" highlightimagename="" idMateria="20254003">
  <body>
    <Identifica><![CDATA[ PORTARIA DE PESSOAL PROGEPE/UFJF Nº 40, DE 12 DE JANEIRO DE 2023]]></Identifica>
    <Data><![CDATA[]]></Data>
    <Ementa />
    <Titulo />
    <SubTitulo />
    <Texto><![CDATA[<p class="identifica">PORTARIA DE PESSOAL PROGEPE/UFJF Nº 40, DE 12 DE JANEIRO DE 2023</p><p>A PRÓ-REITORA DE GESTÃO DE PESSOAS DA UNIVERSIDADE FEDERAL DE JUIZ DE FORA, no uso de suas atribuições e de suas competências delegadas através da Portaria SEI/UFJF nº 282, de 05/03/2021, e</p><p>CONSIDERANDO o constante dos autos do processo nº 23071.901175/2023-01, resolve:</p><p>Conceder Pensão Civil a CASSIA VALERIA ROSSI DE OLIVEIRA, de acordo com o artigo 217, item I, da Lei nº 8.112/90, combinado com os artigos 23 e 24 da Emenda Constitucional nº 103/2019, em decorrência do falecimento de JOSÉ RAIMUNDO CASTILHO, matrícula SIAPE nº 1148398, ocupante do cargo de Almoxarife, Classe C, Nível 316, ocorrido em 30 de dezembro de 2022, com efeitos financeiros retroativos à data do óbito.</p><p class="assina">RENATA MERCÊS OLIVEIRA DE FARIA</p>]]></Texto>
  </body>
  <Midias />
</article></xml>