﻿<xml><article id="30093642" name="retificaAAo-R DOU envio em 12.01" idOficio="9350925" pubName="DO2" artType="Retificação" pubDate="13/01/2023" artClass="00018:00109:00000:00000:00000:00000:00000:00000:00000:00000:00017:00003" artCategory="Ministério da Educação/Universidade Federal do Rio Grande do Norte" artSize="12" artNotes="" numberPage="30" pdfPage="http://pesquisa.in.gov.br/imprensa/jsp/visualiza/index.jsp?data=13/01/2023&amp;jornal=529&amp;pagina=30" editionNumber="10" highlightType="" highlightPriority="" highlight="" highlightimage="" highlightimagename="" idMateria="20255677">
  <body>
    <Identifica><![CDATA[ RETIFICAÇÃO]]></Identifica>
    <Data><![CDATA[]]></Data>
    <Ementa />
    <Titulo />
    <SubTitulo />
    <Texto><![CDATA[<p class="identifica">RETIFICAÇÃO</p><p>Na publicação do DOU nº 3, de 04 de janeiro de 2023, seção 2, fls. 25, da Universidade Federal do Rio Grande do Norte, onde se lê: "PORTARIAS DE 3 DE JANEIRO DE 2022"; leia-se: "PORTARIAS DE 3 DE JANEIRO DE 2023".</p>]]></Texto>
  </body>
  <Midias />
</article></xml>