﻿<xml><article id="30079613" name="2023-01-11/9348312/TCUWS_2025216" idOficio="9348312" pubName="DO2" artType="Portaria" pubDate="13/01/2023" artClass="00043:00012:00016:00000:00000:00000:00000:00000:00000:00000:00017:00003" artCategory="Tribunal de Contas da União/Gabinete do Presidente" artSize="12" artNotes="" numberPage="46" pdfPage="http://pesquisa.in.gov.br/imprensa/jsp/visualiza/index.jsp?data=13/01/2023&amp;jornal=529&amp;pagina=46" editionNumber="10" highlightType="" highlightPriority="" highlight="" highlightimage="" highlightimagename="" idMateria="20252166">
  <body>
    <Identifica><![CDATA[ PORTARIA-TCU Nº 12, DE 11 DE JANEIRO DE 2023]]></Identifica>
    <Data><![CDATA[]]></Data>
    <Ementa />
    <Titulo />
    <SubTitulo />
    <Texto><![CDATA[<p class="identifica">PORTARIA-TCU Nº 12, DE 11 DE JANEIRO DE 2023</p><p>O PRESIDENTE DO TRIBUNAL DE CONTAS DA UNIÃO, no uso da atribuição que lhe confere o art. 70, inciso III, da Lei nº 8.443, de 16 de julho de 1992, e tendo em vista as informações constantes do processo TC-030.869/2022-6, resolve:</p><p>CONCEDER APOSENTADORIA voluntária ao servidor EDUARDO ROBERTO ALVES DE LIMA, Matrícula 100-7, no cargo de Técnico Federal de Controle Externo, Área Controle Externo, Especialidade Controle Externo, Classe Especial, Padrão 13, do Quadro de Pessoal da Secretaria deste Tribunal, com fundamento no art. 3º da Emenda Constitucional 47, de 5 de julho de 2005, com proventos correspondentes ao limite máximo estabelecido para os benefícios do Regime Geral de Previdência Social, consoante prescrito nos arts. 1º e 26, caput e §§ 1º e 7º, da Emenda Constitucional 103, de 12 de novembro de 2019, acrescido do benefício especial previsto nos arts. 1º e 3º, §§ 1º, 2º, inciso I, e 3º, da Lei 12.618, de 30 de abril de 2012, com redação dada pela Lei 14.463, de 26 de outubro de 2022.</p><p class="assina">Ministro BRUNO DANTAS</p>]]></Texto>
  </body>
  <Midias />
</article></xml>