﻿<xml><article id="30079838" name="1893.FLAVIA-ROSMARI-22" idOficio="9291042" pubName="DO2" artType="Portaria" pubDate="13/01/2023" artClass="00043:00012:00001:00004:00000:00000:00000:00000:00000:00000:00017:00000" artCategory="Ministério Público da União/Ministério Público do Trabalho/Procuradoria-Geral/Diretoria-Geral" artSize="12" artNotes="" numberPage="45" pdfPage="http://pesquisa.in.gov.br/imprensa/jsp/visualiza/index.jsp?data=13/01/2023&amp;jornal=529&amp;pagina=45" editionNumber="10" highlightType="" highlightPriority="" highlight="" highlightimage="" highlightimagename="" idMateria="20168910">
  <body>
    <Identifica><![CDATA[ PORTARIA Nº 1.893, DE 15 DE DEZEMBRO DE 2022]]></Identifica>
    <Data><![CDATA[]]></Data>
    <Ementa />
    <Titulo />
    <SubTitulo />
    <Texto><![CDATA[<p class="identifica">PORTARIA Nº 1.893, DE 15 DE DEZEMBRO DE 2022</p><p>O DIRETOR-GERAL ADJUNTO DO MINISTÉRIO PÚBLICO DO TRABALHO, no uso da competência que lhe foi delegada pela Portaria DG-MPT nº 49, de 22 de janeiro de 2019, publicada no DOU em 28 de janeiro de 2019, considerando o que consta no PGEA/MPT nº 20.02.1200.0001046/2022-45, resolve:</p><p>Art. 1º Exonerar, a contar de 13/01/2023, a servidora ROSMARI RUDOLF MEZZOMO, matrícula 6002253, ocupante do cargo efetivo de Analista do MPU/Direito, do cargo em comissão de Chefe da Assessoria Jurídica do 14º Ofício Geral da Procuradoria Regional do Trabalho da 12ª Região/SC, código CC-2.</p><p>Art. 2º Nomear a servidora FLÁVIA CAROLINA POSTALLI RODRIGUES ALLOY, matrícula 6007731, bacharela em Direito, ocupante do cargo efetivo de Técnico do MPU/Administração, para o cargo em comissão de Chefe da Assessoria Jurídica do 14º Ofício Geral da Procuradoria Regional do Trabalho da 12ª Região/SC, código CC-2.</p><p class="assina">ANDERSON RÉGIS CAVALCANTE FEITOSA</p>]]></Texto>
  </body>
  <Midias />
</article></xml>