﻿<xml><article id="30092502" name="3941 (DOU 13.01.23) Lidiane - en" idOficio="9350700" pubName="DO2" artType="Ato" pubDate="13/01/2023" artClass="00047:00006:00002:00000:00000:00000:00000:00000:00000:00000:00001:00000" artCategory="Poder Judiciário/Superior Tribunal Militar/Presidência do STM" artSize="12" artNotes="" numberPage="50" pdfPage="http://pesquisa.in.gov.br/imprensa/jsp/visualiza/index.jsp?data=13/01/2023&amp;jornal=529&amp;pagina=50" editionNumber="10" highlightType="" highlightPriority="" highlight="" highlightimage="" highlightimagename="" idMateria="20255300">
  <body>
    <Identifica><![CDATA[ ATO Nº 3.941, DE 12 DE JANEIRO DE 2023]]></Identifica>
    <Data><![CDATA[]]></Data>
    <Ementa />
    <Titulo />
    <SubTitulo />
    <Texto><![CDATA[<p class="identifica">ATO Nº 3.941, DE 12 DE JANEIRO DE 2023</p><p>O MINISTRO VICE-PRESIDENTE DO SUPERIOR TRIBUNAL MILITAR, no exercício da Presidência, usando das atribuições conferidas pelo inciso XXV do artigo 6º do Regimento Interno, bem como o Formulário de Dispensa e Designação de FC nº 3010596, contido nos autos do Processo nº 000169/23-00.224, assim como o saldo orçamentário ratificado no processo nº 018852/22-00.226, tal qual o disposto no Ato nº 3851/2022 (2828767) e, considerando o disposto no inciso I do artigo 71 da Lei nº 8.457/1992, alterada pela Lei nº 13.774/2018, resolve:</p><p>Art. 1º DISPENSAR, a contar de 9 de janeiro de 2023, a Analista Judiciária, área Apoio Especializado, especialidade Contabilidade, do Quadro Permanente da Secretaria do Superior Tribunal Militar, FRANCISCA KEILA DOS SANTOS RÉGIS, matrícula 7499, da função comissionada de ASSISTENTE III (S), código STM-FC-03, da Seção de Execução Financeira, da Coordenadoria de Execução Orçamentária e Financeira, da Diretoria de Licitações e Execução Orçamentária.</p><p>Art. 2º DESIGNAR o Analista Judiciário, área Apoio Especializado, especialidade Contabilidade, do Quadro Permanente da Secretaria do Superior Tribunal Militar, MELCHISEDEK CORREIA SILVA, matrícula 9111, para exercer, em vaga decorrente da dispensa de FRANCISCA KEILA DOS SANTOS RÉGIS, a função comissionada de ASSISTENTE III (S), código STM-FC-03, da Seção de Execução Financeira, da Coordenadoria de Execução Orçamentária e Financeira, da Diretoria de Licitações e Execução Orçamentária.</p><p class="assina">PÉRICLES AURÉLIO LIMA DE QUEIROZ</p>]]></Texto>
  </body>
  <Midias />
</article></xml>