﻿<xml><article id="30083054" name="361 A 16 ExoneraAAo JOAO VITOR A" idOficio="9348983" pubName="DO2" artType="Ato" pubDate="13/01/2023" artClass="00047:00043:00000:00000:00000:00000:00000:00000:00000:00000:00001:00000" artCategory="Poder Judiciário/Tribunal Regional do Trabalho da 2ª Região" artSize="12" artNotes="" numberPage="54" pdfPage="http://pesquisa.in.gov.br/imprensa/jsp/visualiza/index.jsp?data=13/01/2023&amp;jornal=529&amp;pagina=54" editionNumber="10" highlightType="" highlightPriority="" highlight="" highlightimage="" highlightimagename="" idMateria="20252974">
  <body>
    <Identifica><![CDATA[ ATO PR Nº 16 TRT-SP, DE 11 de janeiro de 2023]]></Identifica>
    <Data><![CDATA[]]></Data>
    <Ementa />
    <Titulo />
    <SubTitulo />
    <Texto><![CDATA[<p class="identifica">ATO PR Nº 16 TRT-SP, DE 11 de janeiro de 2023</p><p>A DESEMBARGADORA PRESIDENTE DO TRIBUNAL REGIONAL DO TRABALHO DA 2ª REGIÃO, no uso de suas atribuições legais e regimentais, considerando o disposto no artigo 33, inciso I, da Lei nº 8.112/1990, e conforme Processo PROAD 590/2023, resolve:</p><p>Art. 1º Exonerar, a pedido, o servidor JOÃO VITOR ALENCAR DE OLIVEIRA, matrícula 180459, do cargo efetivo de TÉCNICO JUDICIÁRIO - ÁREA ADMINISTRATIVA, do Quadro Permanente da Secretaria do Tribunal Regional do Trabalho da 2ª Região, a partir de 09/01/2023.</p><p class="assina">BEATRIZ DE LIMA PEREIRA</p>]]></Texto>
  </body>
  <Midias />
</article></xml>