﻿<xml><article id="30087228" name="Port 978-2022-DPM-TTC" idOficio="9349835" pubName="DO2" artType="Portaria" pubDate="13/01/2023" artClass="00013:00012:00027:00008:00000:00000:00000:00000:00000:00000:00017:00005" artCategory="Ministério da Defesa/Comando da Marinha/Diretoria-Geral do Pessoal/Diretoria do Pessoal Militar" artSize="12" artNotes="" numberPage="9" pdfPage="http://pesquisa.in.gov.br/imprensa/jsp/visualiza/index.jsp?data=13/01/2023&amp;jornal=529&amp;pagina=9" editionNumber="10" highlightType="" highlightPriority="" highlight="" highlightimage="" highlightimagename="" idMateria="20253979">
  <body>
    <Identifica><![CDATA[ PORTARIA Nº 978/DPM, DE 22 DE DEZEMBRO DE 2022]]></Identifica>
    <Data><![CDATA[]]></Data>
    <Ementa />
    <Titulo />
    <SubTitulo />
    <Texto><![CDATA[<p class="identifica">PORTARIA Nº 978/DPM, DE 22 DE DEZEMBRO DE 2022</p><p>O DIRETOR DO PESSOAL MILITAR DA MARINHA, no uso de suas atribuições e tendo em vista o previsto no art. 3º, § 1º, alinea b, inciso III da Lei nº 6.880/1980 e o contido nas Normas sobre Tarefa por Tempo Certo e Designação para o Serviço Ativo (DGPM-314 - 6ª Revisão), resolve:</p><p>Art. 1o Dispensar, a pedido, a partir de 16JAN2023, o 2º SG-RM1-HN 85.9697.61 IVANILDO DOS SANTOS RODRIGUES, da prestação da Tarefa por Tempo Certo, prevista na Portaria nº 1396/2021, da DPMM, de acordo com o contido na alínea a do inciso 2.7.1 da DGPM-314 (6ª Revisão).</p><p class="assina">HENRIQUE RENATO BAPTISTA DE SOUZA</p><p></p>]]></Texto>
  </body>
  <Midias />
</article></xml>