﻿<xml><article id="30084415" name="16.2023 - designa Paula Najara s" idOficio="9349284" pubName="DO2" artType="Portaria" pubDate="13/01/2023" artClass="00043:00012:00003:00000:00000:00000:00000:00000:00000:00000:00017:00000" artCategory="Ministério Público da União/Ministério Público do Trabalho/Procuradoria Regional do Trabalho da 2ª Região" artSize="12" artNotes="" numberPage="46" pdfPage="http://pesquisa.in.gov.br/imprensa/jsp/visualiza/index.jsp?data=13/01/2023&amp;jornal=529&amp;pagina=46" editionNumber="10" highlightType="" highlightPriority="" highlight="" highlightimage="" highlightimagename="" idMateria="20253345">
  <body>
    <Identifica><![CDATA[  PORTARIA Nº 16, DE 12 DE JANEIRO DE 2023]]></Identifica>
    <Data><![CDATA[]]></Data>
    <Ementa />
    <Titulo />
    <SubTitulo />
    <Texto><![CDATA[<p></p><p class="identifica">PORTARIA Nº 16, DE 12 DE JANEIRO DE 2023</p><p>O PROCURADOR-CHEFE DA PROCURADORIA REGIONAL DO TRABALHO DA SEGUNDA REGIÃO, no uso de suas atribuições que lhe foram conferidas pela Portaria PGT nº 1.728, de 02.10.2017, nos termos do artigo 92, inciso II, da Lei Complementar nº 75, de 20 de maio de 1993, resolve:</p><p>Art. 1º - Designar a servidora PAULA NAJARA SOBRAL DE SOUZA BRENNA, ocupante do cargo de Técnico do MPU/Administração, matrícula nº 600.4718-6, para o encargo de Substituto do Chefe da Assessoria Jurídica do 52º Ofício Geral da Procuradoria Regional do Trabalho da 2ª Região, Código CC 2, no período de 23.01 a 03.02.2023, nas férias e afastamentos do titular.</p><p>Art. 2º - Esta portaria entra em vigor na data de publicação.</p><p></p><p class="assina">JOÃO EDUARDO DE AMORIM</p><p></p>]]></Texto>
  </body>
  <Midias />
</article></xml>