﻿<xml><article id="30079919" name="CB GENIVALDO DIAS LIMA" idOficio="9348645" pubName="DO2" artType="Portaria" pubDate="13/01/2023" artClass="00013:00011:00009:00008:00000:00000:00000:00000:00000:00000:00017:00000" artCategory="Ministério da Defesa/Comando do Exército/Comando Militar do Leste/1ª Região Militar" artSize="12" artNotes="" numberPage="7" pdfPage="http://pesquisa.in.gov.br/imprensa/jsp/visualiza/index.jsp?data=13/01/2023&amp;jornal=529&amp;pagina=7" editionNumber="10" highlightType="" highlightPriority="" highlight="" highlightimage="" highlightimagename="" idMateria="20252644">
  <body>
    <Identifica><![CDATA[ PORTARIA Nº 2 AI - SSVM/SAP/1-RIO/SSVP/1, de 9 de janeiro de 2023]]></Identifica>
    <Data><![CDATA[]]></Data>
    <Ementa />
    <Titulo />
    <SubTitulo />
    <Texto><![CDATA[<p class="identifica">PORTARIA Nº 2 AI - SSVM/SAP/1-RIO/SSVP/1, de 9 de janeiro de 2023</p><p>O COMANDANTE DA 1ª REGIÃO MILITAR, no uso da competência que lhe foi subdelegada pela Portaria nº 192-DGP, de 1º de outubro de 2015, alterada pela Portaria nº. 330-DGP/DCIPAS, de 7 de dezembro de 2018, resolve:</p><p>CONCEDER, ao Cb Refm GENIVALDO DIAS LIMA, Prec/CP 96/1556455, Idt 019.499.553-6 MD/EB, CPF 019.646.847-73, a contar de 26 JUN 2007 (data da sessão de inspeção de saúde), o benefício do Auxílio Invalidez (AI), com base no inciso XV, do art. 3º, da Medida Provisória n° 2.215-10, de 31 AGO 01, combinado com o art. 1º da Lei 11.421, de 21 DEZ 06, conforme a Ata de Inspeção de Saúde nº 219/2022 do JISR/1º RM (Cmdo 1º RM) de 08 NOV 2022 e Parecer Técnico nº 933/2022 da Seç Sau/1ª RM, de 12 DEZ 2022, homologado em 28 DEZ 2022.</p><p></p><p class="assina">Gen Div LUIZ FERNANDO ESTORILHO BAGANHA</p><p></p>]]></Texto>
  </body>
  <Midias />
</article></xml>