﻿<xml><article id="30083250" name="PORTARIA NA 10 DE 11 DE JANEIRO " idOficio="9349090" pubName="DO2" artType="Portaria" pubDate="13/01/2023" artClass="00018:00090:00000:00000:00000:00000:00000:00000:00000:00000:00017:00010" artCategory="Ministério da Educação/Universidade Federal do Delta do Parnaíba" artSize="12" artNotes="" numberPage="28" pdfPage="http://pesquisa.in.gov.br/imprensa/jsp/visualiza/index.jsp?data=13/01/2023&amp;jornal=529&amp;pagina=28" editionNumber="10" highlightType="" highlightPriority="" highlight="" highlightimage="" highlightimagename="" idMateria="20253052">
  <body>
    <Identifica><![CDATA[ PORTARIA Nº 10, DE 11 DE JANEIRO DE 2023]]></Identifica>
    <Data><![CDATA[ Alexandro Marinho Oliveira]]></Data>
    <Ementa />
    <Titulo />
    <SubTitulo />
    <Texto><![CDATA[<p class="identifica">PORTARIA Nº 10, DE 11 DE JANEIRO DE 2023</p><p>O REITOR DA UNIVERSIDADE FEDERAL DO DELTA DO PARNAÍBA - UFDPar, nomeado pela Portaria nº 2.120, de 10 de dezembro de 2019, do Ministério da Educação - MEC, no uso de suas atribuições legais, considerando o processo nº 23855.000144/2023-94, resolve:</p><p>Art. 1° Dispensar, a pedido, a servidora HEIDI GRACIELLE KANITZ, SIAPE nº1864337, Assistente em Administração, da Função Gratificada, FG-01, de Chefe da Divisão de Estágio Não Obrigatório, da Pró-Reitoria de Ensino de Graduação, a partir de 10 de janeiro de 2023.</p><p>Art. 2° Esta Portaria entra em vigor na data de sua publicação.</p><p class="data">Alexandro Marinho Oliveira</p><p></p>]]></Texto>
  </body>
  <Midias />
</article></xml>