﻿<xml><article id="30082181" name="ME remove Caio Flavio 12 01 23" idOficio="9348840" pubName="DO2" artType="Portaria" pubDate="13/01/2023" artClass="00025:00001:00000:00000:00000:00000:00000:00000:00000:00000:00017:00002" artCategory="Ministério das Relações Exteriores/Gabinete do Ministro" artSize="12" artNotes="" numberPage="40" pdfPage="http://pesquisa.in.gov.br/imprensa/jsp/visualiza/index.jsp?data=13/01/2023&amp;jornal=529&amp;pagina=40" editionNumber="10" highlightType="" highlightPriority="" highlight="" highlightimage="" highlightimagename="" idMateria="20252797">
  <body>
    <Identifica><![CDATA[ PORTARIA Nº 14, DE 11 DE JANEIRO DE 2023]]></Identifica>
    <Data><![CDATA[]]></Data>
    <Ementa />
    <Titulo />
    <SubTitulo />
    <Texto><![CDATA[<p class="identifica">PORTARIA Nº 14, DE 11 DE JANEIRO DE 2023</p><p>O MINISTRO DAS RELAÇÕES EXTERIORES, de acordo com o disposto no art. 18, inciso II, do Decreto n° 93.325, de 1° de outubro de 1986, e nos termos da Lei n° 11.440, de 29 de dezembro de 2006, resolve:</p><p>Remover ex officio CAIO FLÁVIO DE NORONHA E RAIMUNDO, primeiro-secretário da carreira de diplomata do Ministério das Relações Exteriores, da embaixada em Zagreb para a Secretaria de Estado.</p><p class="assina">MAURO VIEIRA</p>]]></Texto>
  </body>
  <Midias />
</article></xml>