﻿<xml><article id="30082208" name="PORTARIA DE SUSPENSAO - LOTE OUT" idOficio="9348821" pubName="DO2" artType="Portaria" pubDate="13/01/2023" artClass="00007:00003:00037:00000:00000:00000:00000:00000:00000:00000:00017:00000" artCategory="Ministério da Agricultura, Pecuária e Abastecimento/Secretaria Executiva/Superintendência Federal de Agricultura, Pecuária e Abastecimento da Paraíba" artSize="12" artNotes="" numberPage="5" pdfPage="http://pesquisa.in.gov.br/imprensa/jsp/visualiza/index.jsp?data=13/01/2023&amp;jornal=529&amp;pagina=5" editionNumber="10" highlightType="" highlightPriority="" highlight="" highlightimage="" highlightimagename="" idMateria="20252768">
  <body>
    <Identifica><![CDATA[                     PORTARIA Nº 2 , de 12  DE JANEIRO DE 2023]]></Identifica>
    <Data><![CDATA[]]></Data>
    <Ementa />
    <Titulo />
    <SubTitulo />
    <Texto><![CDATA[<p class="identifica">PORTARIA Nº 2 , de 12 DE JANEIRO DE 2023</p><p>O SUPERINTENDENTE DE AGRICULTURA, PECUÁRIA E ABASTECIMENTO NA PARAÍBA no uso da competência que lhe confere o inciso VII, artigo 292, do Regimento Interno da Secretaria Executiva (SE/MAPA), aprovado pela Portaria Ministerial nº 561, de 11 de abril de 2018, e tendo em vista o disposto no Memorando-Circular nº 25/2018/SE-MAPA, de 25 de abril de 2018, resolve:</p><p>Art. 1º - Tornar pública a suspensão do pagamento dos proventos das beneficiárias de pensão , Francisca Joaquim de Melo, matrícula SIAPE 1320751, CPF: 982.065.404-15, Maria Alves dos Anjos , matrícula SIAPE 837962, CPF: 893.808.944-49, Maria Auxiliadora Netto Peixoto Targino, matrícula SIAPE: 6474756, CPF: 315.631.474-91, Maria das Neves de Freitas Lima, matrícula SIAPE: 5603528, CPF: 277.505.904-04, Maria Lucia Ferreira da Silva, matrícula SIAPE: 1009290, CPF: 420.355.384-91 e o aposentado Joel Alves da Nóbrega, matrícula SIAPE: 15182, CPF: 027.130.474-04, ,lote outubro de 2022 , não atenderam a convocação e notificação para realizar a Prova de Vida anual , conforme determinação contida no art. 9º da Lei 9.527, de 10 dezembro de 1997, Decreto nº 7.862, de 8 de dezembro de 2012 e a Portaria MP nº 363, de 28 de novembro de 2016, bem como determina a Orientação Normativa SEGEPE nº 1, de 02 de janeiro de 2017 a Instrução Normativa SGP/SEDGG/ME Nº 91, de 30 de setembro de 2021, publicado no DOU em 30/10/2021, Seção 1, pág.64.</p><p>2. A suspensão do pagamento dos proventos será efetiva na folha de pagamento do mês de janeiro de 2023.</p><p>3. O restabelecimento do pagamento do benefício de pensão fica condicionado a Prova de Vida mediante comparecimento pessoal da interessada na área de Gestão de Pessoas no Ministério da Agricultura, em uma das Unidades da Federação, munido da documentação estabelecida nos art. 5º e 6º da ON nº 1/2013-SEGEPE/MP.</p><p>3.1. Os créditos dos pagamentos serão na folha de pagamento disponível para inclusão.</p><p>4. Na hipótese de impossibilidade de comparecer por motivo de moléstia grave e/ou de incapacidade de locomoção, do aposentado e/ou pensionista, deverá solicitar agendamento de visita técnica, para fins de regularização do pagamento, por meio do telefone (83) 3216-6313/6339, ficando o pagamento restabelecido provisoriamente até que seja realizada a visita técnica, observando o disposto no artigo 8º, da Orientação Normativa 1, de 02/01/2017.</p><p class="assina">LÚCIO AURÉLIO BRAGA MATOS</p><p></p>]]></Texto>
  </body>
  <Midias />
</article></xml>