﻿<xml><article id="30084772" name="2023-01-12 FSMS DP Dispensa Livi" idOficio="9349338" pubName="DO2" artType="Portaria" pubDate="13/01/2023" artClass="00025:00270:00020:00008:00009:00000:00000:00000:00000:00000:00017:00000" artCategory="Ministério das Relações Exteriores/Secretaria-Geral das Relações Exteriores/Secretaria de Gestão Administrativa/Departamento do Serviço Exterior/Divisão do Pessoal" artSize="12" artNotes="" numberPage="41" pdfPage="http://pesquisa.in.gov.br/imprensa/jsp/visualiza/index.jsp?data=13/01/2023&amp;jornal=529&amp;pagina=41" editionNumber="10" highlightType="" highlightPriority="" highlight="" highlightimage="" highlightimagename="" idMateria="20253381">
  <body>
    <Identifica><![CDATA[ PORTARIA Nº 17, DE 12 DE JANEIRO DE 2023]]></Identifica>
    <Data><![CDATA[]]></Data>
    <Ementa />
    <Titulo />
    <SubTitulo />
    <Texto><![CDATA[<p class="identifica">PORTARIA Nº 17, DE 12 DE JANEIRO DE 2023</p><p>O CHEFE DA DIVISÃO DO PESSOAL, de acordo com o art. 5º da Portaria nº 386, de 14 de abril de 2022, e com o Decreto nº 10.829, de 5 de outubro de 2021, resolve:</p><p>Dispensar LÍVIA GOMES FERNANDES, oficial de chancelaria, classe B, padrão II, do quadro permanente do Ministério das Relações Exteriores, Siape nº 1726226, da função de assistente técnico, código FCE 2.02, do Gabinete do Ministro de Estado das Relações Exteriores.</p><p class="assina">FERNANDO PERDIGÃO</p>]]></Texto>
  </body>
  <Midias />
</article></xml>