﻿<xml><article id="30089840" name="ATO POR12jan2023" idOficio="9350304" pubName="DO2" artType="Portaria" pubDate="13/01/2023" artClass="00026:00002:00021:00008:00003:00000:00000:00000:00000:00000:00017:00000" artCategory="Ministério da Saúde/Secretaria Executiva/Subsecretaria de Assuntos Administrativos/Coordenação-Geral de Gestão de Pessoas/Coordenação de Administração de Pessoas" artSize="12" artNotes="" numberPage="41" pdfPage="http://pesquisa.in.gov.br/imprensa/jsp/visualiza/index.jsp?data=13/01/2023&amp;jornal=529&amp;pagina=41" editionNumber="10" highlightType="" highlightPriority="" highlight="" highlightimage="" highlightimagename="" idMateria="20254756">
  <body>
    <Identifica><![CDATA[ PORTARIA COGEP Nº 14, DE 12 DE JANEIRO DE 2023]]></Identifica>
    <Data><![CDATA[]]></Data>
    <Ementa />
    <Titulo />
    <SubTitulo />
    <Texto><![CDATA[<p class="identifica">PORTARIA COGEP Nº 14, DE 12 DE JANEIRO DE 2023</p><p>A COORDENADORA-GERAL DE GESTÃO DE PESSOAS, DA SUBSECRETARIA DE ASSUNTOS ADMINISTRATIVOS, DA SECRETARIA-EXECUTIVA DO MINISTÉRIO DA SAÚDE, no uso de suas atribuições legais, e tendo em vista o disposto no art. 33, Inciso VIII, da Lei nº 8.112/1990 com redação dada pela Lei nº 9.527/97, resolve:</p><p>Art. 1º - Declarar vago, a contar de 16 de janeiro de 2023, o cargo de Agente Administrativo, ocupado por POLIANA FERREIRA BENIGNO, matrícula SIAPE nº 1895753, admitida em 24 de outubro de 2011, em decorrência de posse em outro cargo inacumulável.</p><p>Art. 2º - Considerando a NOTA TÉCNICA nº 236/2009 COGES/DENOP/SRH/MP, a presente vacância gera direito à recondução ao cargo.</p><p>(NUP: 25000.000453/2023-61)</p><p class="assina">DANIELLE DE OLIVEIRA MAGALHÃES SANTOS</p>]]></Texto>
  </body>
  <Midias />
</article></xml>