﻿<xml><article id="30086690" name="Despacho Afastamento 2" idOficio="9349694" pubName="DO2" artType="Despacho" pubDate="13/01/2023" artClass="00019:00035:00000:00000:00000:00000:00000:00000:00000:00000:00013:00000" artCategory="Ministério da Infraestrutura/Agência Nacional de Transportes Aquaviários" artSize="12" artNotes="" numberPage="38" pdfPage="http://pesquisa.in.gov.br/imprensa/jsp/visualiza/index.jsp?data=13/01/2023&amp;jornal=529&amp;pagina=38" editionNumber="10" highlightType="" highlightPriority="" highlight="" highlightimage="" highlightimagename="" idMateria="20253857">
  <body>
    <Identifica><![CDATA[ DESPACHO Nº 2, DE   11 de janeiro de 2023.]]></Identifica>
    <Data><![CDATA[]]></Data>
    <Ementa />
    <Titulo />
    <SubTitulo />
    <Texto><![CDATA[<p class="identifica">DESPACHO Nº 2, DE 11 de janeiro de 2023.</p><p>O DIRETOR-GERAL DA AGÊNCIA NACIONAL DE TRANSPORTES AQUAVIÁRIOS - ANTAQ, no uso da competência que lhe é conferida pelo art. 20 do Regimento Interno, nos termos dispostos no art. 2º do Decreto nº 1.387/1995, considerando a delegação disposta pelo Decreto nº 10.789/2021 e com fundamento no art. 3º, § 2º, inciso II da Lei nº 13.848, de 25 de junho de 2019, autoriza o afastamento do País, com ônus, da servidora Juliana Marzullo Pedreira, Especialista em Regulação de Serviços de Transportes Aquaviários, matrícula SIAPE nº 2238226, para participar da capacitação "Certificação Internacional em Gestão do Transporte Aquaviário e Integração Multimodal", organizada pelo Instituto de Transporte e Logística - ITL, a ser realizada na cidade de Roterdã, na Holanda, entre 14/04/2023 e 23/04/2023, incluindo o trânsito..</p><p class="assina">EDUARDO NERY MACHADO FILHO</p><p></p>]]></Texto>
  </body>
  <Midias />
</article></xml>