﻿<xml><article id="30079739" name="Rascunho DOU 2022_Port_546-2022" idOficio="9347287" pubName="DO2" artType="Portaria" pubDate="13/01/2023" artClass="00013:00012:00008:00044:00006:00000:00000:00000:00000:00000:00017:00011" artCategory="Ministério da Defesa/Comando da Marinha/Comando de Operações Navais/5º Distrito Naval/Centro de Intendência da Marinha em Rio Grande" artSize="12" artNotes="" numberPage="8" pdfPage="http://pesquisa.in.gov.br/imprensa/jsp/visualiza/index.jsp?data=13/01/2023&amp;jornal=529&amp;pagina=8" editionNumber="10" highlightType="" highlightPriority="" highlight="" highlightimage="" highlightimagename="" idMateria="20250615">
  <body>
    <Identifica><![CDATA[ PORTARIA Nº 546/Com5°DN, DE 17 DE OUTUBRO DE 2022]]></Identifica>
    <Data><![CDATA[]]></Data>
    <Ementa />
    <Titulo />
    <SubTitulo />
    <Texto><![CDATA[<p></p><p class="identifica">PORTARIA Nº 546/Com5°DN, DE 17 DE OUTUBRO DE 2022</p><p>O COMANDANTE DO 5° DISTRITO NAVAL, no uso da atribuição que lhe confere o art. 46, inciso II do Decreto n° 4.780, de 15 de julho de 2003, e de acordo com o art. 39, § 1°, da Lei n° 5.292, de 8 de junho de 1967, resolve:</p><p>Art. 1° Promover ao posto de Primeiro-Tenente da Reserva de 2 <sup>a</sup> Classe da Marinha, a partir de 4 de outubro de 2022, os seguintes Segundos-Tenentes (RM2-MFDV):</p><p>2° Ten (RM2-CD) 21.4007.25 ISADORA AUGUSTA DA SILVEIRA PNRG;</p><p>2° Ten (RM2-CD) 21.4008.22 GILBERTO LUÍS DA PIEVE JÚNIOR PNRG;</p><p>2° Ten (RM2-S) 21.4014.20 YASMIN CRISTINI DE SOUZA MIGUEL PNRG; e</p><p>2° Ten (RM2-CD) 21.4223.20 CAROLINE LUIZA DALRI EAMSC.</p><p>Art. 2° Esta Portaria entra em vigor na presente data com efeitos administrativos em 4 de outubro de 2022.</p><p>Art. 3° Revoga-se a Portaria n° 517/Com5°DN, de 27 de setembro de 2022.</p><p class="assina">Vice-Almirante SÍLVIO LUÍS DOS SANTOS</p><p></p>]]></Texto>
  </body>
  <Midias />
</article></xml>