﻿<xml><article id="30091603" name="2" idOficio="9350601" pubName="DO2" artType="Portaria" pubDate="13/01/2023" artClass="00047:00043:00001:00000:00000:00000:00000:00000:00000:00000:00017:00000" artCategory="Poder Judiciário/Tribunal Regional do Trabalho da 2ª Região/Diretoria-Geral da Administração" artSize="12" artNotes="" numberPage="54" pdfPage="http://pesquisa.in.gov.br/imprensa/jsp/visualiza/index.jsp?data=13/01/2023&amp;jornal=529&amp;pagina=54" editionNumber="10" highlightType="" highlightPriority="" highlight="" highlightimage="" highlightimagename="" idMateria="20255167">
  <body>
    <Identifica><![CDATA[ PORTARIA DG/SGP Nº 2, de 12 de janeiro de 2023]]></Identifica>
    <Data><![CDATA[]]></Data>
    <Ementa />
    <Titulo />
    <SubTitulo />
    <Texto><![CDATA[<p class="identifica">PORTARIA DG/SGP Nº 2, de 12 de janeiro de 2023</p><p>O DIRETOR-GERAL DA ADMINISTRAÇÃO SUBSTITUTO DO TRIBUNAL REGIONAL DO TRABALHO DA 2ª REGIÃO, no uso da atribuição que lhe foi delegada por meio do Ato GP n. 47/2022, artigo 1º, inciso XVII, alínea "m", e tendo em vista o que consta do PROAD nº 54996/2022, resolve:</p><p>Art. 1º Conceder aposentadoria voluntária, com proventos integrais, à servidora Ana Pereira de Souza, matrícula nº 65.609, no cargo de Técnico Judiciário, Área Administrativa, padrão C.NI.13, do Quadro Permanente da Secretaria deste Tribunal, com fundamento no artigo 20, caput, e §2º, inciso I, da EC nº 103/2019, acrescidos das vantagens a que faz jus.</p><p>Art. 2º Esta Portaria entra em vigor na data de sua publicação.</p><p class="assina">AQUILES JOSÉ MALVEZZI</p>]]></Texto>
  </body>
  <Midias />
</article></xml>