﻿<xml><article id="30088438" name="PORTARIA NA 66 Dulce Stauffert" idOficio="9350076" pubName="DO2" artType="Portaria" pubDate="13/01/2023" artClass="00018:00142:00000:00000:00000:00000:00000:00000:00000:00000:00017:00066" artCategory="Ministério da Educação/Fundação Universidade Federal de Pelotas" artSize="12" artNotes="" numberPage="36" pdfPage="http://pesquisa.in.gov.br/imprensa/jsp/visualiza/index.jsp?data=13/01/2023&amp;jornal=529&amp;pagina=36" editionNumber="10" highlightType="" highlightPriority="" highlight="" highlightimage="" highlightimagename="" idMateria="20254318">
  <body>
    <Identifica><![CDATA[ PORTARIA DE PESSOAL Nº 66/UFPEL, DE 11 DE JANEIRO DE 2023]]></Identifica>
    <Data><![CDATA[]]></Data>
    <Ementa />
    <Titulo />
    <SubTitulo />
    <Texto><![CDATA[<p class="identifica">PORTARIA DE PESSOAL Nº 66/UFPEL, DE 11 DE JANEIRO DE 2023</p><p>A Reitora da Universidade Federal de Pelotas, nomeada pelo Decreto Presidencial de 5 de janeiro de 2021, publicado no Diário Oficial da União em 06 de janeiro de 2021, no uso de suas atribuições legais e o que consta no Processo nº 23110.050288/2022-35, resolve:</p><p>Alterar a Portaria 2727, de 26/12/2022, publicada no DOU em 30/12/2022, que trata da aposentadoria da servidora DULCE STAUFFERT, matrícula SIAPE n ° 1186724, onde se lê: "com proventos integrais", leia-se "com proventos integrais e 3% (três por cento) de anuênios".</p><p class="assina">ISABELA FERNANDES ANDRADE</p>]]></Texto>
  </body>
  <Midias />
</article></xml>