﻿<xml><article id="30086378" name="Ato 6-2023 FC" idOficio="9349634" pubName="DO2" artType="Ato" pubDate="13/01/2023" artClass="00047:00034:00001:00000:00000:00000:00000:00000:00000:00000:00001:00000" artCategory="Poder Judiciário/Tribunal Regional Eleitoral do Rio de Janeiro/Presidência" artSize="12" artNotes="" numberPage="52" pdfPage="http://pesquisa.in.gov.br/imprensa/jsp/visualiza/index.jsp?data=13/01/2023&amp;jornal=529&amp;pagina=52" editionNumber="10" highlightType="" highlightPriority="" highlight="" highlightimage="" highlightimagename="" idMateria="20253752">
  <body>
    <Identifica><![CDATA[ ATO GP nº 6, DE 9 de janeiro de 2023]]></Identifica>
    <Data><![CDATA[]]></Data>
    <Ementa />
    <Titulo />
    <SubTitulo />
    <Texto><![CDATA[<p class="identifica">ATO GP nº 6, DE 9 de janeiro de 2023</p><p>O PRESIDENTE DO TRIBUNAL REGIONAL ELEITORAL DO RIO DE JANEIRO, no uso de suas atribuições legais e regimentais, considerando o que consta do processo SEI nº 2022.0.000057680-9, resolve:</p><p>Art. 1º Dispensar a servidora MARCIA NASCIMENTO DA SILVA, Técnico Judiciário do Quadro de Pessoal deste Tribunal, da Função Comissionada de Chefe de Cartório, Nível FC-6, da 221ª Zona Eleitoral/Nilópolis do Tribunal Regional Eleitoral do Rio de Janeiro, a contar de 15 de dezembro de 2022.</p><p>Art. 2º Este ato entrará em vigor na data de sua publicação.</p><p class="assina">ELTON MARTINEZ CARVALHO LEME</p>]]></Texto>
  </body>
  <Midias />
</article></xml>