﻿<xml><article id="30082598" name="PORTARIA TRT 18 GP-SGPE 3380-202" idOficio="9348904" pubName="DO2" artType="Portaria" pubDate="13/01/2023" artClass="00047:00059:00027:00000:00000:00000:00000:00000:00000:00000:00017:00000" artCategory="Poder Judiciário/Tribunal Regional do Trabalho da 18ª Região/Presidência" artSize="12" artNotes="" numberPage="55" pdfPage="http://pesquisa.in.gov.br/imprensa/jsp/visualiza/index.jsp?data=13/01/2023&amp;jornal=529&amp;pagina=55" editionNumber="10" highlightType="" highlightPriority="" highlight="" highlightimage="" highlightimagename="" idMateria="20252846">
  <body>
    <Identifica><![CDATA[ PORTARIA TRT 18ª GP/SGPE Nº 3.380, DE 20 DE DEZEMBRO DE 2022]]></Identifica>
    <Data><![CDATA[]]></Data>
    <Ementa />
    <Titulo />
    <SubTitulo />
    <Texto><![CDATA[<p class="identifica">PORTARIA TRT 18ª GP/SGPE Nº 3.380, DE 20 DE DEZEMBRO DE 2022</p><p>O DESEMBARGADOR-PRESIDENTE DO TRIBUNAL REGIONAL DO TRABALHO DA 18ª REGIÃO, no uso de suas atribuições legais e regimentais, nos termos previstos no artigo 36 da Lei 8.112/90, no artigo 20 da Lei n° 11.416/06, no Anexo IV da Portaria Conjunta nº 3/07 e na Resolução CSJT Nº 110/2012, que dispõem sobre o instituto da remoção dos servidores dos quadros de pessoal integrantes da Justiça do Trabalho, e tendo em vista o Processo Administrativo nº 12.810/2022, resolve:</p><p>Art. 1º Remover o servidor LUCAS SILVA ANDRADE, ocupante do cargo da Carreira de Analista Judiciário, Área Judiciária, do Quadro de Pessoal do Tribunal Regional do Trabalho da 18ª Região, mediante permuta com o servidor ROBERTO CARLOS MARTINS DE OLIVEIRA, ocupante do cargo da Carreira de Analista Judiciário, Área Judiciária, do Quadro de Pessoal do Tribunal Regional do Trabalho da 6ª Região, com fundamento na redação do art. 13 da Resolução nº 110, de 31 de agosto de 2012, do Conselho Superior da Justiça do Trabalho.</p><p>Art. 2º Lotar o servidor ROBERTO CARLOS MARTINS DE OLIVEIRA no Gabinete do Desembargador do Trabalho Gentil Pio de Oliveira.</p><p>Art. 3º Conceder 15 (quinze) dias de período de trânsito ao servidor LUCAS SILVA ANDRADE.</p><p>Art. 4º Esta portaria entra em vigor na data de sua publicação.</p><p class="assina">DANIEL VIANA JÚNIOR</p>]]></Texto>
  </body>
  <Midias />
</article></xml>