﻿<xml><article id="30093387" name="DEPES_2_PORTARIA" idOficio="9350853" pubName="DO2" artType="Portaria" pubDate="13/01/2023" artClass="00029:00002:00002:00000:00000:00000:00000:00000:00000:00000:00017:00000" artCategory="Banco Central do Brasil/Área de Administração/Departamento de Gestão de Pessoas, Educação, Saúde e Organização" artSize="12" artNotes="" numberPage="43" pdfPage="http://pesquisa.in.gov.br/imprensa/jsp/visualiza/index.jsp?data=13/01/2023&amp;jornal=529&amp;pagina=43" editionNumber="10" highlightType="" highlightPriority="" highlight="" highlightimage="" highlightimagename="" idMateria="20255521">
  <body>
    <Identifica><![CDATA[ PORTARIA Nº 116.198, DE 11 DE JANEIRO DE 2023]]></Identifica>
    <Data><![CDATA[]]></Data>
    <Ementa />
    <Titulo />
    <SubTitulo />
    <Texto><![CDATA[<p class="identifica">PORTARIA Nº 116.198, DE 11 DE JANEIRO DE 2023</p><p>O Chefe do DEPARTAMENTO DE GESTÃO DE PESSOAS, EDUCAÇÃO, SAÚDE E ORGANIZAÇÃO DO BANCO CENTRAL DO BRASIL, no uso da competência que lhe confere o art. 51, inciso I, do Regimento Interno, aprovado pela Portaria nº 84.287, de 27 de fevereiro de 2015, resolve:</p><p>Conceder a ROSANGELA MUNIZ PINTO FEREZIN pensão civil por morte, a partir de 01 de dezembro de 2022, como beneficiária do instituidor LUIZ CARLOS FEREZIN, matrícula 6.424.720-1, ocupante do cargo de Analista, Classe B, Padrão II, do Quadro de Pessoal desta Autarquia, com fundamento no art. 23, §4º, da Emenda Constitucional n° 103, de 12 de novembro de 2019, c/c os arts. 74, 16, inciso I, art. 77, §2°, inciso V, alínea 'c', item 6 da Lei nº 8.213, de 24 de julho de 1991, sendo o valor do benefício equivalente a uma cota familiar de 50% (cinquenta por cento) do valor da aposentadoria recebida pelo servidor, acrescida de cotas de 10 (dez) pontos percentuais por dependente, até o máximo de 100% (cem por cento) tendo em vista o que consta do processo nº 221889.</p><p class="assina">MARCELO FORESTI DE MATHEUS COTA</p>]]></Texto>
  </body>
  <Midias />
</article></xml>