﻿<xml><article id="30086907" name="LAUDA DOU DG 12 JAN 2022" idOficio="9349780" pubName="DO2" artType="Ato" pubDate="13/01/2023" artClass="00047:00056:00003:00000:00000:00000:00000:00000:00000:00000:00001:00000" artCategory="Poder Judiciário/Tribunal Regional do Trabalho da 15ª Região/Diretoria-Geral" artSize="12" artNotes="" numberPage="55" pdfPage="http://pesquisa.in.gov.br/imprensa/jsp/visualiza/index.jsp?data=13/01/2023&amp;jornal=529&amp;pagina=55" editionNumber="10" highlightType="" highlightPriority="" highlight="" highlightimage="" highlightimagename="" idMateria="20253924">
  <body>
    <Identifica><![CDATA[ ATOS CPV de 10 de janeiro de 2023]]></Identifica>
    <Data><![CDATA[]]></Data>
    <Ementa />
    <Titulo />
    <SubTitulo />
    <Texto><![CDATA[<p class="identifica">ATOS CPV de 10 de janeiro de 2023</p><p>O DIRETOR-GERAL DO TRIBUNAL REGIONAL DO TRABALHO DA 15ª REGIÃO, no uso da competência delegada pela Portaria GP n.º 57/2018, alterada pelas Portarias GP n.º 56/2019 e n.º 77/2021, e tendo em vista o que consta do PROAD n.º 478/2023, resolve:</p><p>Nº 3 - Exonerar ADILSON SERGIO BERTOLDO JUNIOR, Analista Judiciário, área Apoio Especializado, especialidade Tecnologia da Informação, do Quadro Permanente da Secretaria deste Tribunal, do cargo em comissão de Assessor Técnico CJ-01, do mesmo Quadro.</p><p>O DIRETOR-GERAL DO TRIBUNAL REGIONAL DO TRABALHO DA 15ª REGIÃO, no uso da competência delegada pela Portaria GP n.º 57/2018, alterada pelas Portarias GP n.º 56/2019 e n.º 77/2021, e tendo em vista o que consta do PROAD n.º 478/2023, resolve:</p><p>Nº 5 - Exonerar RAYANA VIDAL ROSA DA SILVA, Técnica Judiciária, área Administrativa, do Quadro Permanente da Secretaria deste Tribunal, do cargo em comissão de Coordenadora CJ-02, do mesmo Quadro.</p><p>O DIRETOR-GERAL DO TRIBUNAL REGIONAL DO TRABALHO DA 15ª REGIÃO, no uso da competência delegada pela Portaria GP n.º 57/2018, alterada pelas Portarias GP n.º 56/2019 e n.º 77/2021, e tendo em vista o que consta do PROAD n.º 478/2023, resolve:</p><p>Nº 6 - Exonerar CANDY GUIMARÃES, Analista Judiciária, área Judiciária, do Quadro Permanente da Secretaria deste Tribunal, do cargo em comissão de Assessora Técnica CJ-01, do mesmo Quadro.</p><p class="assina">Adlei Cristian Carvalho Pereira Schlosser</p>]]></Texto>
  </body>
  <Midias />
</article></xml>