﻿<xml><article id="30093681" name="35.TITULARES SUBSTITUTOS 18A JAN" idOficio="9350926" pubName="DO2" artType="Portaria" pubDate="13/01/2023" artClass="00043:00012:00001:00004:00000:00000:00000:00000:00000:00000:00017:00000" artCategory="Ministério Público da União/Ministério Público do Trabalho/Procuradoria-Geral/Diretoria-Geral" artSize="12" artNotes="" numberPage="45" pdfPage="http://pesquisa.in.gov.br/imprensa/jsp/visualiza/index.jsp?data=13/01/2023&amp;jornal=529&amp;pagina=45" editionNumber="10" highlightType="" highlightPriority="" highlight="" highlightimage="" highlightimagename="" idMateria="20255678">
  <body>
    <Identifica><![CDATA[ PORTARIA Nº 35, DE 12 DE JANEIRO DE 2023]]></Identifica>
    <Data><![CDATA[]]></Data>
    <Ementa />
    <Titulo />
    <SubTitulo />
    <Texto><![CDATA[<p class="identifica">PORTARIA Nº 35, DE 12 DE JANEIRO DE 2023</p><p>O DIRETOR-GERAL DO MINISTÉRIO PÚBLICO DO TRABALHO, no uso da competência que lhe foi delegada pela Portaria PGT/MPT nº 1614, de 8 de dezembro de 2021, publicada no Diário Oficial da União em 10 de dezembro de 2021, e considerando o que consta no PGEA/MPT nº 20.02.1800.0002134/2017-96, resolve:</p><p>Art. 1º Designar a servidora ANA KAROLLINE ALVES FRAGOSO, matrícula 6005918-4, ocupante do cargo efetivo de Técnico do MPU/Administração, para a função de confiança de Chefe do Setor de Contratos, código FC-2, da Procuradoria Regional do Trabalho da 18ª Região.</p><p>Art. 2º Designar, a contar de 25/01/2023, a servidora LUDMILLA GOMES DE ANGELIS CASTELO, matrícula 6007929-0, ocupante do cargo efetivo de Técnico do MPU/Administração, para o encargo de substituta eventual do Chefe do Setor de Contratos, código FC-2, da Procuradoria Regional do Trabalho da 18ª Região.</p><p>Art. 3º Dispensar o servidor GILMAR BRASIL PEREIRA, matrícula 6002736-3, do encargo de substituto eventual do Chefe do Setor de Patrimônio, código FC-2, da Procuradoria Regional do Trabalho da 18ª Região.</p><p>Art. 4º Dispensar o servidor LUIZ OLIVEIRA SILVA, matrícula 6002740-1, do encargo de substituto eventual do Chefe do Setor de Patrimônio, código FC-2, da Procuradoria Regional do Trabalho da 18ª Região, nos afastamentos e impedimentos legais ou regulamentares do titular e do substituto.</p><p class="assina">GLAUCIO ARAÚJO DE OLIVEIRA</p>]]></Texto>
  </body>
  <Midias />
</article></xml>