﻿<xml><article id="30093549" name="Portaria_IFSP_2023_149" idOficio="9350929" pubName="DO2" artType="Portaria" pubDate="13/01/2023" artClass="00018:00073:00044:00002:00003:00000:00000:00000:00000:00000:00017:00003" artCategory="Ministério da Educação/Instituto Federal de Educação, Ciência e Tecnologia de São Paulo/Pró-Reitoria de Administração/Diretoria Administrativa/Gerência de Recursos Humanos" artSize="12" artNotes="" numberPage="24" pdfPage="http://pesquisa.in.gov.br/imprensa/jsp/visualiza/index.jsp?data=13/01/2023&amp;jornal=529&amp;pagina=24" editionNumber="10" highlightType="" highlightPriority="" highlight="" highlightimage="" highlightimagename="" idMateria="20255634">
  <body>
    <Identifica><![CDATA[ PORTARIA Nº 149/IFSP, DE 11 DE JANEIRO DE 2023]]></Identifica>
    <Data><![CDATA[]]></Data>
    <Ementa />
    <Titulo />
    <SubTitulo />
    <Texto><![CDATA[<p class="identifica">PORTARIA Nº 149/IFSP, DE 11 DE JANEIRO DE 2023</p><p>O REITOR DO INSTITUTO FEDERAL DE EDUCAÇÃO, CIÊNCIA E TECNOLOGIA DE SÃO PAULO, no uso de suas atribuições legais, conferidas pelo Decreto de 5 de abril de 2021, publicado no Diário Oficial da União de 6 de abril de 2021, seção 2, página 1 e o que consta no Processo nº 23305.000347.2023-28, resolve:</p><p>Designar o servidor LUIS MATEUS DA SILVA SOUZA, ocupante do cargo de Professor de Ensino Básico Técnico e Tecnológico, SIAPE nº 306****, SIAPECAD nº 0224****, lotado(a) no(a) Diretoria Geral do Câmpus Itaquaquecetuba, e em exercício no(a) Coordenadoria Sociopedagogica do Câmpus Itaquaquecetuba, para exercer a Função Gratificada, FG - 01, do(a) Núcleo de Apoio às Pessoas com Necessidades Educacionais Específicas do Câmpus Itaquaquecetuba. Efeitos a partir de 01 de fevereiro de 2023.</p><p class="assina">Silmario Batista Dos Santos</p>]]></Texto>
  </body>
  <Midias />
</article></xml>