﻿<xml><article id="30093375" name="DEPES_PORTARIA__IZNFQH" idOficio="9350853" pubName="DO2" artType="Portaria" pubDate="13/01/2023" artClass="00029:00002:00002:00000:00000:00000:00000:00000:00000:00000:00017:00000" artCategory="Banco Central do Brasil/Área de Administração/Departamento de Gestão de Pessoas, Educação, Saúde e Organização" artSize="12" artNotes="" numberPage="43" pdfPage="http://pesquisa.in.gov.br/imprensa/jsp/visualiza/index.jsp?data=13/01/2023&amp;jornal=529&amp;pagina=43" editionNumber="10" highlightType="" highlightPriority="" highlight="" highlightimage="" highlightimagename="" idMateria="20255582">
  <body>
    <Identifica><![CDATA[ PORTARIA Nº 116.173, DE 9 DE JANEIRO DE 2023]]></Identifica>
    <Data><![CDATA[]]></Data>
    <Ementa />
    <Titulo />
    <SubTitulo />
    <Texto><![CDATA[<p class="identifica">PORTARIA Nº 116.173, DE 9 DE JANEIRO DE 2023</p><p>O Chefe do DEPARTAMENTO DE GESTÃO DE PESSOAS, EDUCAÇÃO, SAÚDE E ORGANIZAÇÃO DO BANCO CENTRAL DO BRASIL, no uso da competência que lhe confere o art. 51, inciso I, do Regimento Interno, aprovado pela Portaria N° 84.287, de 27 de fevereiro de 2015, resolve:</p><p>Conceder aposentadoria a MARISA DE ALMEIDA SCHIMMELPFENG, matrícula nº 6.998.498-0, ocupante do cargo de Analista, Classe Especial, Padrão IV, do Quadro de Pessoal do Banco Central do Brasil, com fundamento no art. 4º, caput e §2, c/c o §6, inciso I e §7, inciso I, da Emenda Constitucional n° 103, de 12 de novembro de 2019, tendo em vista o que consta do Processo 210209.</p><p class="assina">MARCELO FORESTI DE MATHEUS COTA</p>]]></Texto>
  </body>
  <Midias />
</article></xml>