﻿<xml><article id="30089396" name="Portaria de 12 de janeiro - nA 5" idOficio="9350216" pubName="DO2" artType="Portaria" pubDate="13/01/2023" artClass="00018:00053:00000:00000:00000:00000:00000:00000:00000:00000:00017:00000" artCategory="Ministério da Educação/Instituto Federal de Educação, Ciência e Tecnologia Farroupilha" artSize="12" artNotes="" numberPage="21" pdfPage="http://pesquisa.in.gov.br/imprensa/jsp/visualiza/index.jsp?data=13/01/2023&amp;jornal=529&amp;pagina=21" editionNumber="10" highlightType="" highlightPriority="" highlight="" highlightimage="" highlightimagename="" idMateria="20254521">
  <body>
    <Identifica><![CDATA[ PORTARIAS DE 12 DE JANEIRO DE 2023]]></Identifica>
    <Data><![CDATA[]]></Data>
    <Ementa />
    <Titulo />
    <SubTitulo />
    <Texto><![CDATA[<p></p><p class="identifica">PORTARIAS DE 12 DE JANEIRO DE 2023</p><p>O REITOR SUBSTITUTO DO INSTITUTO FEDERAL DE EDUCAÇÃO, CIÊNCIA E TECNOLOGIA FARROUPILHA, nomeado pela Portaria Eletrônica nº 582, de 29 de março de 2021, publicada no Diário Oficial da União de 30 de março de 2021, Seção 2, Página 20, no uso de suas atribuições legais e estatutárias e tendo em vista os termos do processo, resolve:</p><p>Nº 54 - Processo nº 23243.000005/2023-80 Art. 1º Nomear o(a) servidor(a) PHILIPPE DE FARIA CORREA GREY, matrícula Siape nº 2132247, ocupante do cargo de Técnico-Administrativo em Educação - Auditor, para exercer a função de Chefe da Auditoria Interna Substituto, código da função CD-004, do Instituto Federal Farroupilha - Reitoria, pelo período de 31 de janeiro de 2023 a 10 de fevereiro de 2023, em virtude de férias do titular do cargo.</p><p>Nº 55 - Processo nº 23243.000004/2023-35 Art. 1º Nomear o(a) servidor(a) GUSTAVO REIS PINTO, matrícula Siape nº 1757849, ocupante do cargo de Técnico-Administrativo em Educação - Auditor, para exercer a função de Chefe da Auditoria Interna Substituto, código da função CD-004, do Instituto Federal Farroupilha - Reitoria, no período de 16 de janeiro de 2023 a 20 de janeiro de 2023 e de 23 de janeiro de 2023 a 24 de janeiro de 2023, em virtude de férias do titular do cargo.</p><p>Nº 56 - Processo nº 23243.000149/2023-36 Art. 1º Nomear o(a) servidor(a) ARTHUR PEREIRA FRANTZ, matrícula Siape nº 1756640, ocupante do cargo de Professor do Ensino Básico Técnico e Tecnológico, para exercer a função de Reitor Substituto, código da função CD-0001, do Instituto Federal Farroupilha - Reitoria, no período de 16 de janeiro de 2023 até 22de janeiro de 2023, tendo em vista férias da Titular e do Substituto Legal do cargo, no período mencionado.</p><p class="assina">CARLOS RODRIGO LEHN</p><p></p>]]></Texto>
  </body>
  <Midias />
</article></xml>