﻿<xml><article id="30082988" name="DouRTFReitor11012023" idOficio="9348979" pubName="DO2" artType="Portaria" pubDate="13/01/2023" artClass="00018:00111:00000:00000:00000:00000:00000:00000:00000:00000:00017:00005" artCategory="Ministério da Educação/Universidade Federal do Rio de Janeiro" artSize="12" artNotes="" numberPage="31" pdfPage="http://pesquisa.in.gov.br/imprensa/jsp/visualiza/index.jsp?data=13/01/2023&amp;jornal=529&amp;pagina=31" editionNumber="10" highlightType="" highlightPriority="" highlight="" highlightimage="" highlightimagename="" idMateria="20252969">
  <body>
    <Identifica><![CDATA[ PORTARIA Nº 287, DE 11 de Janeiro de 2023]]></Identifica>
    <Data><![CDATA[]]></Data>
    <Ementa />
    <Titulo />
    <SubTitulo />
    <Texto><![CDATA[<p class="identifica">PORTARIA Nº 287, DE 11 de Janeiro de 2023</p><p>A Reitora da Universidade Federal do Rio de Janeiro, no uso de suas atribuições conferidas pelo Decreto de 31 de Maio de 2019, publicado no Diário Oficial da União de 03 de Junho de 2019, resolve:</p><p>Dispensar, RENAN VIEIRA SOUTO LUQUECI, Matrícula Siape nº 3081128, Assistente em Administração, da Função Gratificada de Coordenador de Compras, do(a) Instituto de Ginecologia - IG, FG-5, a partir de 10/01/2023, processo nº 23079.256123/22-17.</p><p class="assina">DENISE PIRES DE CARVALHO</p>]]></Texto>
  </body>
  <Midias />
</article></xml>