﻿<xml><article id="30079643" name="Port 98" idOficio="9348494" pubName="DO2" artType="Portaria" pubDate="13/01/2023" artClass="00018:00117:00001:00000:00000:00000:00000:00000:00000:00000:00013:00002" artCategory="Ministério da Educação/Universidade Federal de Santa Catarina/Gabinete do Reitor" artSize="12" artNotes="" numberPage="32" pdfPage="http://pesquisa.in.gov.br/imprensa/jsp/visualiza/index.jsp?data=13/01/2023&amp;jornal=529&amp;pagina=32" editionNumber="10" highlightType="" highlightPriority="" highlight="" highlightimage="" highlightimagename="" idMateria="20252358">
  <body>
    <Identifica><![CDATA[ PORTARIA Nº 98, DE 11 DE Janeiro DE 2023]]></Identifica>
    <Data><![CDATA[]]></Data>
    <Ementa />
    <Titulo />
    <SubTitulo />
    <Texto><![CDATA[<p class="identifica">PORTARIA Nº 98, DE 11 DE Janeiro DE 2023</p><p>A REITORA EM EXERCÍCIO DA UNIVERSIDADE FEDERAL DE SANTA CATARINA, no uso de suas atribuições, resolve:</p><p>Art. 1º Designar, a partir de 02 de Janeiro de 2023, LETICIA MATTANA, PROFESSOR MAGISTÉRIO SUPERIOR, classe B, nível 1, SIAPE nº 3010854, para exercer a função de Chefe do Departamento de Arquitetura e Urbanismo - ARQ/CTC da Universidade Federal de Santa Catarina, para mandato de 2 anos.</p><p>Art. 2º Atribuir à servidora a função gratificada FG1, integrante do Quadro Distributivo de Cargos de Direção e Funções Gratificadas.(Ref. Sol. 075269/2022)</p><p class="assina">DILCEANE CARRARO</p>]]></Texto>
  </body>
  <Midias />
</article></xml>