﻿<xml><article id="30092715" name="Portaria_IFSP_2023_162" idOficio="9350723" pubName="DO2" artType="Portaria" pubDate="13/01/2023" artClass="00018:00073:00044:00002:00003:00000:00000:00000:00000:00000:00017:00007" artCategory="Ministério da Educação/Instituto Federal de Educação, Ciência e Tecnologia de São Paulo/Pró-Reitoria de Administração/Diretoria Administrativa/Gerência de Recursos Humanos" artSize="12" artNotes="" numberPage="24" pdfPage="http://pesquisa.in.gov.br/imprensa/jsp/visualiza/index.jsp?data=13/01/2023&amp;jornal=529&amp;pagina=24" editionNumber="10" highlightType="" highlightPriority="" highlight="" highlightimage="" highlightimagename="" idMateria="20255403">
  <body>
    <Identifica><![CDATA[ PORTARIA Nº 162/IFSP, DE 12 DE JANEIRO DE 2023]]></Identifica>
    <Data><![CDATA[]]></Data>
    <Ementa />
    <Titulo />
    <SubTitulo />
    <Texto><![CDATA[<p class="identifica">PORTARIA Nº 162/IFSP, DE 12 DE JANEIRO DE 2023</p><p>O REITOR DO INSTITUTO FEDERAL DE EDUCAÇÃO, CIÊNCIA E TECNOLOGIA DE SÃO PAULO, no uso de suas atribuições legais, conferidas pelo Decreto de 5 de abril de 2021, publicado no Diário Oficial da União de 6 de abril de 2021, seção 2, página 1 e o que consta no Processo nº 23305.000662.2023-55, resolve:</p><p>Nomear a servidora LETICIA CAMILA DE ALMEIDA, ocupante do cargo de Auxiliar em Administracao, SIAPE nº 216****, SIAPECAD nº 0194****, lotado(a) no(a) Reitoria, e em exercício no(a) Diretoria Executiva do Gabinete, para ocupar cargo de Cargo de Direção, CD - 04, do(a) Chefia de Gabinete da Reitoria. Efeitos a partir da publicação no Diário Oficial da União.</p><p class="assina">Silmario Batista Dos Santos</p>]]></Texto>
  </body>
  <Midias />
</article></xml>