﻿<xml><article id="30089462" name="01. Portaria COGEP nA 01 - Desig" idOficio="9350222" pubName="DO2" artType="Portaria" pubDate="13/01/2023" artClass="00014:00045:00000:00000:00000:00000:00000:00000:00000:00000:00017:00000" artCategory="Ministério do Desenvolvimento Regional/Superintendência do Desenvolvimento do Centro-Oeste" artSize="12" artNotes="" numberPage="12" pdfPage="http://pesquisa.in.gov.br/imprensa/jsp/visualiza/index.jsp?data=13/01/2023&amp;jornal=529&amp;pagina=12" editionNumber="10" highlightType="" highlightPriority="" highlight="" highlightimage="" highlightimagename="" idMateria="20254613">
  <body>
    <Identifica><![CDATA[PORTARIA COGEP/SUDECO Nº 1, DE 12 DE JANEIRO DE 2023]]></Identifica>
    <Data><![CDATA[]]></Data>
    <Ementa />
    <Titulo />
    <SubTitulo />
    <Texto><![CDATA[<p class="identifica">PORTARIA COGEP/SUDECO Nº 1, DE 12 DE JANEIRO DE 2023</p><p>A SUPERINTENDENTE SUBSTITUTA DA SUPERINTENDÊNCIA DO DESENVOLVIMENTO DO CENTRO-OESTE, no exercício das competências que lhe foram outorgadas pelo Decreto nº 11.057, de 29 abril de 2022 e a Portaria n° 59, de 27 de fevereiro de 2019, publicada no DOU n° 43, de 1 de março de 2019, juntamente com a Portaria GM/ME nº 670, de 18 de dezembro de 2019, e conforme o Processo SEI nº 59800.000072/2023-89, resolve:</p><p>Art. 1º Conceder a Gratificação Temporária do Sistema de Administração dos Recursos de Tecnologia da Informação - GSISP, de Nível Superior, da Coordenação-Geral de Logística e Tecnologia da Informação desta Superintendência, Órgão Seccional do Sistema de Administração dos Recursos de Tecnologia da Informação - SISP, à servidora LEILA RAQUEL SANTANA ALMEIDA, matrícula 206****, ocupante do cargo efetivo de Analista Técnico-Administrativo.</p><p>Art. 2º Esta portaria entra em vigor na data de sua publicação.</p><p class="assina">FRANCIANE SOARES DO NASCIMENTO</p><p></p>]]></Texto>
  </body>
  <Midias />
</article></xml>