﻿<xml><article id="30088858" name="PublicaAAo do dia 13 de janeiro " idOficio="9350152" pubName="DO2" artType="Portaria" pubDate="13/01/2023" artClass="00018:00120:00000:00000:00000:00000:00000:00000:00000:00000:00017:00000" artCategory="Ministério da Educação/Universidade Federal do Sul da Bahia" artSize="12" artNotes="" numberPage="33" pdfPage="http://pesquisa.in.gov.br/imprensa/jsp/visualiza/index.jsp?data=13/01/2023&amp;jornal=529&amp;pagina=33" editionNumber="10" highlightType="" highlightPriority="" highlight="" highlightimage="" highlightimagename="" idMateria="20254393">
  <body>
    <Identifica><![CDATA[ PORTARIA Nº 28, 10 DE JANEIRO DE 2023]]></Identifica>
    <Data><![CDATA[]]></Data>
    <Ementa />
    <Titulo />
    <SubTitulo />
    <Texto><![CDATA[<p class="identifica">PORTARIA Nº 28, 10 DE JANEIRO DE 2023</p><p>O VICE-REITOR, no exercício do cargo de Reitor, da UNIVERSIDADE FEDERAL DO SUL DA BAHIA, no uso de suas atribuições legais e estatutárias, resolve:</p><p>DECLARAR VACÂNCIA, a partir de 16/12/2022, do código de vaga 933435, com fundamento no Art. 33, inciso I da Lei 8.112/90, referente ao cargo Professor do Magistério Superior, ocupado pela servidora ANDREA MATOS DOS SANTOS BRETZ, matrícula SIAPE 3268319, por motivo de exoneração a pedido.</p><p class="assina">Francisco José Gomes Mesquita</p>]]></Texto>
  </body>
  <Midias />
</article></xml>