﻿<xml><article id="30089162" name="DOU2-PRR4-3-PT-3-UNI-PRR4A-00000" idOficio="9350204" pubName="DO2" artType="Portaria" pubDate="13/01/2023" artClass="00043:00010:00021:00000:00000:00000:00000:00000:00000:00000:00017:00003" artCategory="Ministério Público da União/Ministério Público Federal/Procuradoria Regional da República da 4ª Região" artSize="12" artNotes="" numberPage="44" pdfPage="http://pesquisa.in.gov.br/imprensa/jsp/visualiza/index.jsp?data=13/01/2023&amp;jornal=529&amp;pagina=44" editionNumber="10" highlightType="" highlightPriority="" highlight="" highlightimage="" highlightimagename="" idMateria="20254525">
  <body>
    <Identifica><![CDATA[ PORTARIA PRR4 Nº 3, DE 10 DE JANEIRO DE 2023]]></Identifica>
    <Data><![CDATA[]]></Data>
    <Ementa />
    <Titulo />
    <SubTitulo />
    <Texto><![CDATA[<p class="identifica">PORTARIA PRR4 Nº 3, DE 10 DE JANEIRO DE 2023</p><p>O PROCURADOR REGIONAL DA REPÚBLICA, CHEFE DA PROCURADORIA REGIONAL DA REPÚBLICA DA 4ª REGIÃO, no uso das atribuições que lhe conferem a Portaria SG/MPF nº 382, de 5 de maio de 2015, e a Portaria PGR/MPF nº 601, de 29 de setembro de 2021, resolve:</p><p>Exonerar o servidor ANDRÉ DA SILVA KUKLINSKI, ocupante do cargo de Analista do MPU/Direito, matrícula 3.594-7, do cargo em comissão de Assessor Nível IV, CC-04, do gabinete do 23º Ofício Especializado Cível da Procuradoria Regional da República da 4ª Região (GABPRR28).</p><p>Nomear o servidor CARLOS ALEXANDRE GOMES DE MEDEIROS, ocupante do cargo de Analista do MPU/Direito, matrícula nº 6.256-1, para o cargo em comissão de Assessor Nível IV, CC-04, do gabinete do 23º Ofício Especializado Cível da Procuradoria Regional da República da 4ª Região (GABPRR28).</p><p class="assina">ANTÔNIO CARLOS WELTER</p><p></p>]]></Texto>
  </body>
  <Midias />
</article></xml>