﻿<xml><article id="30085261" name="72_portaria_12_janeiro_2023_Arno" idOficio="9349438" pubName="DO2" artType="Portaria" pubDate="13/01/2023" artClass="00018:00067:00001:00000:00000:00000:00000:00000:00000:00000:00017:00000" artCategory="Ministério da Educação/Instituto Federal de Educação, Ciência e Tecnologia do Rio Grande do Norte/Reitoria" artSize="12" artNotes="" numberPage="23" pdfPage="http://pesquisa.in.gov.br/imprensa/jsp/visualiza/index.jsp?data=13/01/2023&amp;jornal=529&amp;pagina=23" editionNumber="10" highlightType="" highlightPriority="" highlight="" highlightimage="" highlightimagename="" idMateria="20253494">
  <body>
    <Identifica><![CDATA[ PORTARIA Nº 72,  DE 12 DE JANEIRO DE 2023]]></Identifica>
    <Data><![CDATA[]]></Data>
    <Ementa />
    <Titulo />
    <SubTitulo />
    <Texto><![CDATA[<p></p><p class="identifica">PORTARIA Nº 72, DE 12 DE JANEIRO DE 2023</p><p>O REITOR DO INSTITUTO FEDERAL DE EDUCAÇÃO, CIÊNCIA E TECNOLOGIA DO RIO GRANDE DO NORTE, no uso de suas atribuições legais, e CONSIDERANDO o que consta no Processo nº 23424.003042.2022-31, de 28 de dezembro de 2022,, resolve:</p><p>I - CONCEDER VACÂNCIA, a pedido, por posse em outro cargo inacumulável, com efeitos a partir de 2 de janeiro de 2023, ao servidor HALISSON LEONARDO ALBUQUERQUE DE ARAÚJO, Matrícula Siape nº 1583876, ocupante do cargo de Odontólogo, lotado no Campus Parnamirim, código do cargo nº 701093, código da vaga nº 0214224, com direito à recondução, com base no inciso VIII, do Art. 33 da Lei nº 8.112, de 11 de dezembro de 1990.</p><p>II - DECLARAR VAGO, com efeitos a partir de 2 de janeiro de 2023, o respectivo cargo.</p><p class="assina">JOSÉ ARNÓBIO DE ARAÚJO FILHO</p><p></p>]]></Texto>
  </body>
  <Midias />
</article></xml>