﻿<xml><article id="30090434" name="Designa_12_01_23_VICEREITOR 2" idOficio="9350420" pubName="DO2" artType="Portaria" pubDate="13/01/2023" artClass="00018:00089:00001:00000:00000:00000:00000:00000:00000:00000:00017:00000" artCategory="Ministério da Educação/Universidade Federal do Ceará/Gabinete do Reitor" artSize="12" artNotes="" numberPage="27" pdfPage="http://pesquisa.in.gov.br/imprensa/jsp/visualiza/index.jsp?data=13/01/2023&amp;jornal=529&amp;pagina=27" editionNumber="10" highlightType="" highlightPriority="" highlight="" highlightimage="" highlightimagename="" idMateria="20254923">
  <body>
    <Identifica><![CDATA[ PORTARIAS de 10 DE JANEIRO DE 2023]]></Identifica>
    <Data><![CDATA[]]></Data>
    <Ementa />
    <Titulo />
    <SubTitulo />
    <Texto><![CDATA[<p class="identifica">PORTARIAS de 10 DE JANEIRO DE 2023</p><p>O Vice-Reitor da Universidade Federal do Ceará, no uso de suas atribuições legais, conferidas através da Portaria nº 36, de 20 de fevereiro de 2020, do Gabinete do Reitor, resolve:</p><p>Nº 224 - Dispensar, a pedido, VALDÊNIO DA SILVA VIEIRA, matrícula SIAPE nº 2244845, da função/cargo de ASSISTENTE TÉCNICO, código: FG-04, da DIVISAO DE OBRAS da SUPERINTENDÊNCIA DE INFRAESTRUTURA E GESTÃO AMBIENTAL desta Universidade, a partir de 09 de janeiro de 2023. (Processo n.° 23067.000717/2023-87).</p><p>Nº 225 - Designar, GRAZIELLE CALDAS ROCHA LEITE, matrícula SIAPE 2318499, para exercer a função/cargo de ASSISTENTE TÉCNICO, código: FG-04, da DIVISÃO DE OBRAS da SUPERINTENDÊNCIA DE INFRAESTRUTURA E GESTÃO AMBIENTAL desta Universidade.</p><p>Esta portaria entra em vigor na data de sua publicação (Processo n.° 23067.000717/2023-87).</p><p class="assina">José Glauco Lobo Filho</p><p class="cargo">Em Exercício</p><p class="identifica">PORTARIA Nº 226, DE 11 DE JANEIRO DE 2023</p><p>O Vice-Reitor da Universidade Federal do Ceará, no uso de suas atribuições legais, conferidas através da Portaria nº 36, de 20 de fevereiro de 2020, do Gabinete do Reitor, resolve:</p><p>Dispensar, a pedido, SANDRA MARIA NUNES MONTEIRO, matrícula SIAPE nº 1121368, da função/cargo de CHEFE DE DEPARTAMENTO, código: FG-01, do DEPARTAMENTO DE FISIOLOGIA E FARMACOLOGIA da FACULDADE DE MEDICINA desta Universidade, a partir de 02 de janeiro de 2023 (Processo n.° 23067.001054/2023-18).</p><p class="assina">José Glauco Lobo Filho</p><p>Em Exercício</p>]]></Texto>
  </body>
  <Midias />
</article></xml>