﻿<xml><article id="30092721" name="DOU-SECAO 02-13.01.23 - PENSAO" idOficio="9350740" pubName="DO2" artType="Portaria" pubDate="13/01/2023" artClass="00018:00121:00000:00000:00000:00000:00000:00000:00000:00000:00017:00000" artCategory="Ministério da Educação/Universidade Federal do Sul e Sudeste do Pará" artSize="12" artNotes="" numberPage="33" pdfPage="http://pesquisa.in.gov.br/imprensa/jsp/visualiza/index.jsp?data=13/01/2023&amp;jornal=529&amp;pagina=33" editionNumber="10" highlightType="" highlightPriority="" highlight="" highlightimage="" highlightimagename="" idMateria="20255422">
  <body>
    <Identifica><![CDATA[ PORTARIA Nº 60, DE 12 DE JANEIRO DE 2022]]></Identifica>
    <Data><![CDATA[]]></Data>
    <Ementa />
    <Titulo />
    <SubTitulo />
    <Texto><![CDATA[<p class="identifica">PORTARIA Nº 60, DE 12 DE JANEIRO DE 2022</p><p>O REITOR DA UNIVERSIDADE FEDERAL DO SUL E SUDESTE DO PARÁ - UNIFESSPA, no uso de suas atribuições, em conformidade com o Decreto Presidencial de 15 de setembro de 2020, publicado no Diário Oficial da União nº 177-A, de 15 de setembro de 2020, resolve:</p><p>Art. 1º Conceder pensão à(o) ANDERSON PITER SILVA NEVES, na qualidade de companheiro do(a) ex-servidor(a) ELIANE SILVA SAMPAIO, ocupante do cargo Professor do Magistério Superior, classe 4, denominação de Assistente A, Nível 502 matrícula SIAPE nº 3142361, do quadro de pessoal desta Universidade, falecido (a) em atividade, em 17/11/2022, com fundamento no inciso IV do art. 3º da Portaria SGP/SEDGG/ME Nº 4645, de 24 de maio de 2022, c/c o art. 217 da Lei nº 8.112, de 11 de dezembro de 1990, e art. 23 e 24 da Emenda Constitucional nº 103 de 12 de novembro de 2019.</p><p>Art. 2º Os efeitos desta Portaria entram em vigor em 17/11/2022.</p><p class="assina">Lúcia Cristina Cavalcante da Silva</p>]]></Texto>
  </body>
  <Midias />
</article></xml>