﻿<xml><article id="30090689" name="Portaria CNMP-CN 002.2023 - Corr" idOficio="9350443" pubName="DO2" artType="Portaria" pubDate="13/01/2023" artClass="00042:00008:00000:00000:00000:00000:00000:00000:00000:00000:00017:00000" artCategory="Conselho Nacional do Ministério Público/Corregedoria Nacional do Ministério Público" artSize="12" artNotes="" numberPage="43" pdfPage="http://pesquisa.in.gov.br/imprensa/jsp/visualiza/index.jsp?data=13/01/2023&amp;jornal=529&amp;pagina=43" editionNumber="10" highlightType="" highlightPriority="" highlight="" highlightimage="" highlightimagename="" idMateria="20254986">
  <body>
    <Identifica><![CDATA[ PORTARIA CNMP-CN Nº 2, DE 12 DE JANEIRO DE 2023]]></Identifica>
    <Data><![CDATA[]]></Data>
    <Ementa />
    <Titulo />
    <SubTitulo />
    <Texto><![CDATA[<p class="identifica">PORTARIA CNMP-CN Nº 2, DE 12 DE JANEIRO DE 2023</p><p>O CORREGEDOR NACIONAL DO MINISTÉRIO PÚBLICO, no uso das atribuições previstas no art. 130-A, § 3°, da Constituição da República e nos arts. 18, incisos I, II, VII e XIV, 67 e 68, do Regimento Interno do Conselho Nacional do Ministério Público;</p><p>CONSIDERANDO que a Constituição da República, em seu art. 37, caput, consagrou o primado da eficiência como um dos princípios basilares da Administração Pública;</p><p>CONSIDERANDO que incumbe à Corregedoria Nacional realizar, de ofício, sindicâncias, correições e inspeções; receber reclamações e representações de qualquer interessado relativas à atuação de membros do Ministério Público e dos seus serviços auxiliares; além de verificar a regularidade dos serviços do Ministério Público em todas as áreas de atuação, havendo ou não evidências de irregularidades (art. 130-A, § 3º, da Constituição da República c/c o art. 18, incisos I, II, VII e XIV e art. 67, caput e § 2º, da Resolução nº 92, de 13 de março de 2013 (RICNMP);</p><p>CONSIDERANDO que a Corregedoria Nacional constitui garantia fundamental de efetividade do Ministério Público como Instituição essencial para o acesso à justiça;</p><p>CONSIDERANDO que, além de detectar eventuais inadequações de ordens disciplinares ou administrativas, tomando as providências necessárias para o equacionamento das distorções constatadas, a Corregedoria Nacional se pauta por uma atuação preventiva-orientativa, buscando conhecer iniciativas inovadoras que possam ser futuramente aplicadas em outras Unidades Ministeriais, sendo imprescindível a verificação in loco do funcionamento dos serviços prestados;</p><p>CONSIDERANDO a nova metodologia correicional envolve as temáticas saúde, educação, meio ambiente, infância e juventude, patrimônio público, violência e vitimização policial, igualdade étnico-racial, segurança alimentar, violência de gênero, defesa da mulher, feminicídio, direitos da população LGBTQIA+, pessoa com deficiência, idoso, consumidor, defesa de outros grupos vulneráveis e direitos das vítimas, todas dentro do espectro amplo de atuação obrigatória do Ministério Público brasileiro, resolve:</p><p>Art 1° - INSTAURAR Correição Extraordinária de Fomento à Resolutividade nas Unidades do Ministério Público do Estado do Amapá, localizadas na cidade de Macapá, com atribuição nas temáticas de saúde, educação, meio ambiente, infância e juventude, patrimônio público, violência e vitimização policial, igualdade étnico-racial, segurança alimentar, violência de gênero, defesa da mulher, feminicídio, direitos da população LGBTQIA+, pessoa com deficiência, idoso, consumidor, defesa de outros grupos vulneráveis e direitos das vítimas, cujos trabalhos serão realizados no período de 07 a 10 de fevereiro de 2023, com o intuito de fomentar as boas práticas resolutivas.</p><p>Art 2° - DESIGNAR o Coordenador-Geral da Corregedoria Nacional do Ministério Público, Doutor Silvio Roberto Oliveira de Amorim Junior, o Chefe de Gabinete da Corregedoria Nacional, Doutor Marcelo José de Guimarães e Moraes, o Coordenador da Coordenadoria de Correições e Inspeções, Doutor Marco Antonio Santos Amorim, o Coordenador da Coordenadoria Disciplinar, Doutor Vinícius Menandro Evangelista de Souza, a Coordenadora da Coordenadoria de Inovações, Doutora Jacqueline Orofino da Silva Zago de Oliveira e o Membro Auxiliar da Corregedoria Nacional Doutor Maurício Coentro Pais de Melo para coordenarem os trabalhos correicionais.</p><p>Art 3° - DESIGNAR os Membros Auxiliares da Corregedoria Nacional, André Bandeira de Melo Queiroz, Manoel Veridiano Fukuara Rebello Pinho, Saulo Jerônimo Barbosa de Almeida, Renee do Ó Souza, Pedro Colaneri Abi-Eçab e Walter Tiyozo Linzmayer Otsuka para integrarem a equipe de trabalho, delegando-lhes poderes para a realização das atividades de correição e dos demais atos necessários ao bom desenvolvimento dos serviços.</p><p>Art 4° - DESIGNAR as servidoras do Conselho Nacional do Ministério Público Alessandra Meireles Silva, Secretária de Gabinete da Corregedoria Nacional, Camila Mattos de Pinho, Assessora Especial da Coordenadoria-Geral da Corregedoria Nacional, Larissa Lago Barbosa Bezerril, Assessora-Chefe da Coordenadoria de Correições e Inspeções e a Superintendente do Ministério Público do Estado do Acre, Antônia Francisca de Oliveira para integrarem a equipe de trabalho, delegando-lhes poderes para a realização da correição e dos demais atos necessários ao bom desenvolvimento dos serviços.</p><p>Art 5° - DETERMINAR, ainda, as seguintes providências:</p><p>a) sejam comunicados os Eminentes Conselheiros do Conselho Nacional do Ministério Público, bem como o Secretário-Geral do CNMP, informando-lhes da presente correição e convidando-os para acompanhar os trabalhos;</p><p>b) sejam comunicados a Exma. Sra. Procuradora-Geral de Justiça e o Exmo. Sr. Corregedor-Geral do Ministério Público do Estado do Amapá, informando-lhes da presente correição e convidando-os para acompanhar os trabalhos;</p><p>c) seja requestado à Corregedoria-Geral do Ministério Público do Estado do Amapá o acesso da equipe de correição aos procedimentos e processos judiciais em trâmite no MP, e</p><p>d) a autuação desta Portaria e respectiva cópia como Procedimento de Correição Extraordinária no âmbito do Ministério Público do Estado do Amapá, providenciando sua publicação no Diário Oficial da União e no portal do Conselho Nacional do Ministério Público.</p><p>Publique-se.</p><p>Brasília, 12º de janeiro de 2022.</p><p class="assina">OSWALDO D´ALBUQUERQUE</p><p></p>]]></Texto>
  </body>
  <Midias />
</article></xml>