﻿<xml><article id="30086167" name="Minutas de 12 de janeiro de 2023" idOficio="9349597" pubName="DO2" artType="Portaria" pubDate="13/01/2023" artClass="00026:00040:00000:00000:00000:00000:00000:00000:00000:00000:00017:00000" artCategory="Ministério da Saúde/Fundação Oswaldo Cruz" artSize="12" artNotes="" numberPage="42" pdfPage="http://pesquisa.in.gov.br/imprensa/jsp/visualiza/index.jsp?data=13/01/2023&amp;jornal=529&amp;pagina=42" editionNumber="10" highlightType="" highlightPriority="" highlight="" highlightimage="" highlightimagename="" idMateria="20253714">
  <body>
    <Identifica><![CDATA[ PORTARIAS DE 12 DE JANEIRO DE 2023]]></Identifica>
    <Data><![CDATA[]]></Data>
    <Ementa />
    <Titulo />
    <SubTitulo />
    <Texto><![CDATA[<p class="identifica">PORTARIAS DE 12 DE JANEIRO DE 2023</p><p>O Presidente da Fundação Oswaldo Cruz em exercício, no uso das atribuições que lhe são conferidas pela Portaria nº 1.421, de 29 de dezembro de 2022, pelo Decreto de 03 de janeiro de 2017, da Presidência da República, e pelo Decreto nº 11.228, de 07 de outubro de 2022 - que aprova o Estatuto e o Quadro demonstrativo dos Cargos em Comissão e das Funções de Confiança da Fiocruz, resolve:</p><p>Nº 30 - Dispensar TAMARA RANGEL VIEIRA do encargo de substituto eventual de diretor do Departamento de Pesquisa em História das Ciências e da Saúde, código FCE 1.07, do Instituto Casa de Oswaldo Cruz da Fundação Oswaldo Cruz.</p><p>Nº 31 - Designar ANDRE FELIPE CANDIDO DA SILVA para o encargo de substituto eventual de diretor do Departamento de Pesquisa em História das Ciências e da Saúde, código FCE 1.07, do Instituto Casa de Oswaldo Cruz da Fundação Oswaldo Cruz.</p><p class="assina">MARIO SANTOS MOREIRA</p>]]></Texto>
  </body>
  <Midias />
</article></xml>