﻿<xml><article id="30093078" name="PT14REGIONALSUL" idOficio="9350797" pubName="DO2" artType="Portaria" pubDate="13/01/2023" artClass="00027:00051:00095:00000:00000:00000:00000:00000:00000:00000:00017:00014" artCategory="Ministério do Trabalho e Previdência/Instituto Nacional do Seguro Social/Superintendência Regional Sul" artSize="12" artNotes="" numberPage="42" pdfPage="http://pesquisa.in.gov.br/imprensa/jsp/visualiza/index.jsp?data=13/01/2023&amp;jornal=529&amp;pagina=42" editionNumber="10" highlightType="" highlightPriority="" highlight="" highlightimage="" highlightimagename="" idMateria="20255504">
  <body>
    <Identifica><![CDATA[ PORTARIA SRSUL/INSS Nº 14, DE 12 DE JANEIRO DE 2023]]></Identifica>
    <Data><![CDATA[]]></Data>
    <Ementa />
    <Titulo />
    <SubTitulo />
    <Texto><![CDATA[<p class="identifica">PORTARIA SRSUL/INSS Nº 14, DE 12 DE JANEIRO DE 2023</p><p>A SUPERINTENDENTE REGIONAL SUL SUBSTITUTA DO INSTITUTO NACIONAL DO SEGURO SOCIAL - INSS, no uso das atribuições que lhe confere o Decreto nº 10.995, de 14 de março de 2022, e considerando a subdelegação de competência de que trata a Portaria PRES/INSS nº 1.510, de 11 de outubro de 2022, bem como o contido no Processo Administrativo nº 35014.006350/2023-18,resolve:</p><p>Dispensar, a contar de 07 de dezembro de 2022, LISANDRO GUERRA SIMOES PIRES, matrícula nº 1.577.925, CPF nº 628.391.XXX-72, da Função Comissionada Executiva de Chefe do Setor de Demandas de Tecnologia da Informação, código FCE 1.02, da Gerência Executiva Porto Alegre/RS, vinculada à Superintendência Regional Sul.</p><p class="assina">MARCIA MATTE FAGUNDES</p>]]></Texto>
  </body>
  <Midias />
</article></xml>