﻿<xml><article id="30084342" name="Portaria de 11-01-2023" idOficio="9349312" pubName="DO2" artType="Portaria" pubDate="13/01/2023" artClass="00018:00063:00004:00000:00000:00000:00000:00000:00000:00000:00017:00000" artCategory="Ministério da Educação/Instituto Federal de Educação, Ciência e Tecnologia da Paraíba/Campus Campina Grande" artSize="12" artNotes="" numberPage="22" pdfPage="http://pesquisa.in.gov.br/imprensa/jsp/visualiza/index.jsp?data=13/01/2023&amp;jornal=529&amp;pagina=22" editionNumber="10" highlightType="" highlightPriority="" highlight="" highlightimage="" highlightimagename="" idMateria="20253332">
  <body>
    <Identifica><![CDATA[ PORTARIA Nº 12,  DE 11 DE JANEIRO DE 2023]]></Identifica>
    <Data><![CDATA[]]></Data>
    <Ementa />
    <Titulo />
    <SubTitulo />
    <Texto><![CDATA[<p class="identifica">PORTARIA Nº 12, DE 11 DE JANEIRO DE 2023</p><p>A Diretora-Geral do Campus Campina Grande do Instituto Federal de Educação, Ciência e Tecnologia da Paraíba, nomeada pela Portaria nº 2.066/2022-Reitoria, de 24 de outubro de 2022, publicada no Diário Oficial da União em 25/10/2022, no uso de suas atribuições legais e considerando o disposto na Portaria nº 2628/2019-Reitoria, de 28/11/2019, resolve:</p><p>I - Designar o servidor Clébio Pereira de Melo, Jornalista, matrícula SIAPE nº 2274079, CPF nº 068.542.884-28, do Quadro Permanente de Pessoal deste Instituto, para exercer a função de Coordenador da Rádio 98,9 FM do Instituto Federal da Paraíba - Campus Campina Grande, Cód. FG - 02;</p><p>II - Esta Portaria entra em vigor na data de sua publicação.</p><p class="assina">ANA CRISTINA ALVES DE OLIVEIRA DANTAS</p>]]></Texto>
  </body>
  <Midias />
</article></xml>