﻿<xml><article id="30085357" name="DOU2-BA-2-PT-3-UNI-PR-BA-0000245" idOficio="9349467" pubName="DO2" artType="Portaria" pubDate="13/01/2023" artClass="00043:00010:00028:00000:00000:00000:00000:00000:00000:00000:00017:00000" artCategory="Ministério Público da União/Ministério Público Federal/Procuradoria da República no Estado da Bahia" artSize="12" artNotes="" numberPage="44" pdfPage="http://pesquisa.in.gov.br/imprensa/jsp/visualiza/index.jsp?data=13/01/2023&amp;jornal=529&amp;pagina=44" editionNumber="10" highlightType="" highlightPriority="" highlight="" highlightimage="" highlightimagename="" idMateria="20253524">
  <body>
    <Identifica><![CDATA[ PORTARIA Nº  3, de 11 de janeiro de 2023]]></Identifica>
    <Data><![CDATA[]]></Data>
    <Ementa />
    <Titulo />
    <SubTitulo />
    <Texto><![CDATA[<p class="identifica">PORTARIA Nº 3, de 11 de janeiro de 2023</p><p>O PROCURADOR-CHEFE SUBSTITUTO DA PROCURADORIA DA REPÚBLICA NA BAHIA, no uso da competência prevista no art. 33, inc. VI, da Portaria SG/MPF nº 382, de 05 de maio de 2015 e tendo em vista o que consta no expediente PR-BA-00100470/2022, resolve:</p><p>Art. 1º Dispensar a servidora DRONA ALMEIDA PEIXOTO, matrícula 3140, ocupante do cargo de Técnica do MPU/Administração, da substituição eventual de Chefe da Assessoria de Pesquisa e Análise Descentralizada(ASSPAD), código CC-2, da Procuradoria da República na Bahia.</p><p>Art. 2º Designar o servidor ROSSANDRO BASTOS MUNIZ, matrícula 6530, ocupante do cargo de Analista do MPU/Gestão Pública, como substituto eventual da função de confiança de Chefe da Assessoria de Pesquisa e Análise Descentralizada(ASSPAD), código CC-2, da Procuradoria da República na Bahia, em vaga decorrente da dispensa de DRONA ALMEIDA PEIXOTO, matrícula 3140.</p><p class="assina">CLAYTTON RICARDO DE JESUS SANTOS</p>]]></Texto>
  </body>
  <Midias />
</article></xml>