﻿<xml><article id="30085711" name="PP2023-0019" idOficio="9349504" pubName="DO2" artType="Portaria" pubDate="13/01/2023" artClass="00019:00034:00001:00000:00000:00000:00000:00000:00000:00000:00017:00000" artCategory="Ministério da Infraestrutura/Agência Nacional de Aviação Civil/Superintendência de Gestão de Pessoas" artSize="12" artNotes="" numberPage="38" pdfPage="http://pesquisa.in.gov.br/imprensa/jsp/visualiza/index.jsp?data=13/01/2023&amp;jornal=529&amp;pagina=38" editionNumber="10" highlightType="" highlightPriority="" highlight="" highlightimage="" highlightimagename="" idMateria="20253596">
  <body>
    <Identifica><![CDATA[ PORTARIA DE PESSOAL Nº 19, DE 6 DE JANEIRO DE 2023]]></Identifica>
    <Data><![CDATA[]]></Data>
    <Ementa />
    <Titulo />
    <SubTitulo />
    <Texto><![CDATA[<p class="identifica">PORTARIA DE PESSOAL Nº 19, DE 6 DE JANEIRO DE 2023</p><p>A SUPERINTENDENTE DE GESTÃO DE PESSOAS, no uso da atribuição que lhe confere o art. 1º, inciso V, da Portaria nº 3.319, de 24 de outubro de 2018, tendo em vista o disposto no art. 38, da Lei nº 8.112, de 11 de dezembro de 1990, e considerando o que consta do Processo nº 00058.075456/2022-81, resolve:</p><p>DISPENSAR RAFAEL XIMENES BORGES, matrícula SIAPE nº 1586983, do encargo de substituto eventual do Cargo Comissionado Técnico de Coordenador de Normas de Aeronavegabilidade, código CCT IV, da Gerência Técnica de Normas e Inovação, da Superintendência de Aeronavegabilidade desta Agência.</p><p class="assina">MARIANA BOABAID DALCANALE ROSA</p>]]></Texto>
  </body>
  <Midias />
</article></xml>