﻿<xml><article id="30086002" name="OF.NA.008.2023" idOficio="9349567" pubName="DO2" artType="Portaria" pubDate="13/01/2023" artClass="00018:00069:00018:00001:00000:00000:00000:00000:00000:00000:00017:00000" artCategory="Ministério da Educação/Instituto Federal de Educação, Ciência e Tecnologia do Rio de Janeiro/Pró-Reitoria de Ensino Básico, Técnico e Tecnológico/Diretoria de Planejamento e Desenvolvimento da Educação" artSize="12" artNotes="" numberPage="23" pdfPage="http://pesquisa.in.gov.br/imprensa/jsp/visualiza/index.jsp?data=13/01/2023&amp;jornal=529&amp;pagina=23" editionNumber="10" highlightType="" highlightPriority="" highlight="" highlightimage="" highlightimagename="" idMateria="20253683">
  <body>
    <Identifica><![CDATA[ PORTARIAS DE 11 de janeiro 2023]]></Identifica>
    <Data><![CDATA[]]></Data>
    <Ementa />
    <Titulo />
    <SubTitulo />
    <Texto><![CDATA[<p></p><p class="identifica">PORTARIAS DE 11 de janeiro 2023</p><p>O REITOR SUBSTITUTO DO INSTITUTO FEDERAL DE EDUCAÇÃO, CIÊNCIA E TECNOLOGIA DO RIO DE JANEIRO, nomeado nos termos da Portaria n° 1760, de 03 de outubro de 2022, publicada no DOU de 07 de outubro de 2022, no uso de suas atribuições legais, e tendo em vista o Processo nº. 23830.000287/2022-08, resolve:</p><p>Nº 80 - Art. 1º Dispensar, a pedido, LUIZ FELIPE SILVA OLIVEIRA, matrícula SIAPE nº 1766849, ocupante do cargo de Professor do Ensino Básico Técnico e Tecnológico do Quadro Permanente do Instituto Federal do Rio de Janeiro, da função de Coordenador do Curso Técnico Integrado em Informática, subordinada à Diretoria de Ensino, campus Niterói, código FCC - nível único; Art. 2º Esta portaria entra em vigor na data de sua publicação.</p><p>Nº 81 - Art. 1º Designar ALEXANDRE DOMINGUES GONÇALVES, matrícula SIAPE nº 1682422, ocupante do cargo de Professor do Ensino Básico Técnico e Tecnológico do Quadro Permanente do Instituto Federal do Rio de Janeiro, para exercer por 2 (dois) anos, o Mandato correspondente à Função Gratificada de Coordenador da do Curso Técnico Integrado em Informática, subordinada à Diretoria de Ensino, campus Niterói, código FCC - nível único; Art. 2º Esta portaria entra em vigor na data de sua publicação.</p><p class="assina">LUIZ FERNANDO SILVA CALDAS</p><p></p><p>(of. nº 08/2023)</p>]]></Texto>
  </body>
  <Midias />
</article></xml>