﻿<xml><article id="30093555" name="Portaria EMCFA-MD nA 175" idOficio="9350917" pubName="DO2" artType="Portaria" pubDate="13/01/2023" artClass="00013:00034:00000:00000:00000:00000:00000:00000:00000:00000:00017:00012" artCategory="Ministério da Defesa/Estado-Maior Conjunto das Forças Armadas" artSize="12" artNotes="" numberPage="10" pdfPage="http://pesquisa.in.gov.br/imprensa/jsp/visualiza/index.jsp?data=13/01/2023&amp;jornal=529&amp;pagina=10" editionNumber="10" highlightType="" highlightPriority="" highlight="" highlightimage="" highlightimagename="" idMateria="20255662">
  <body>
    <Identifica><![CDATA[ Portaria EMCFA-MD  nº  175, de 11 de janeiro de 2023]]></Identifica>
    <Data><![CDATA[]]></Data>
    <Ementa />
    <Titulo />
    <SubTitulo />
    <Texto><![CDATA[<p class="identifica">Portaria EMCFA-MD nº 175, de 11 de janeiro de 2023</p><p>O CHEFE DO GABINETE DO ESTADO-MAIOR CONJUNTO DAS FORÇAS ARMADAS, no uso da competência subdelegada pelo inciso III do art. 1º da Portaria EMCFA-MD nº 4.283, de 10 de agosto de 2022, considerando a Portaria Normativa nº 98/GM-MD, de 20 de dezembro de 2018, o Decreto nº 10.998, de 15 de março de 2022, e os Processos Administrativos nº 60430.000171/2021-33 e nº 60583.003334/2022-77, resolve:</p><p>EXONERAR o Capitão-Tenente (AA) ROBERTO KLAUSEN DA SILVA do cargo de Assistente Técnico Militar, código Grupo 0005 (E), da Subchefia de Política e Estratégia da Chefia de Assuntos Estratégicos do Estado-Maior Conjunto das Forças Armadas, a contar de 8 de dezembro de 2022.</p><p class="assina">Maj Brig Ar FLÁVIO LUIZ DE OLIVEIRA PINTO</p>]]></Texto>
  </body>
  <Midias />
</article></xml>