﻿<xml><article id="30091113" name="Pub Portaria_25 - 12-1-23" idOficio="9350502" pubName="DO2" artType="Portaria" pubDate="13/01/2023" artClass="00018:00116:00002:00000:00000:00000:00000:00000:00000:00000:00017:00000" artCategory="Ministério da Educação/Universidade Federal Rural do Semi-Árido/Gabinete da Reitoria" artSize="12" artNotes="" numberPage="32" pdfPage="http://pesquisa.in.gov.br/imprensa/jsp/visualiza/index.jsp?data=13/01/2023&amp;jornal=529&amp;pagina=32" editionNumber="10" highlightType="" highlightPriority="" highlight="" highlightimage="" highlightimagename="" idMateria="20255067">
  <body>
    <Identifica><![CDATA[ PORTARIA nº  25, DE 12 DE JANEIRO DE 2023]]></Identifica>
    <Data><![CDATA[]]></Data>
    <Ementa />
    <Titulo />
    <SubTitulo />
    <Texto><![CDATA[<p class="identifica">PORTARIA nº 25, DE 12 DE JANEIRO DE 2023</p><p>A REITORA DA UNIVERSIDADE FEDERAL RURAL DO SEMI-ÁRIDO, no uso de suas atribuições conferidas pelo Decreto de 21 de agosto de 2020, publicado na edição extra no Diário Oficial da União de 21 de agosto de 2020, e tendo em vista o Decreto nº 7.232, de 19 de julho de 2010 e suas alterações; o que determina o inciso VI do artigo 44 do Estatuto da universidade; o Termo de Renúncia ao Direito à Posse em Cargo Público assinado pelo nomeado Paulo Vitor de Oliveira, encaminhado ao e-mail do Setor de Ingresso e Dimensionamento - SID, em 7 de janeiro de 2023, resolve:</p><p>Tornar sem efeito a Portaria n° 807, de 26 de dezembro de 2022, publicada no Diário Oficial da União, edição nº 243, seção 2, página 26, de 27 de dezembro de 2022, que trata da nomeação em caráter efetivo de Paulo Vitor de Oliveira, para exercer o cargo de Engenheiro/Engenharia Civil, em virtude de ter abdicado de tomar posse. Esta Portaria entra em vigor na data de sua publicação.</p><p class="assina">LUDIMILLA CARVALHO SERAFIM DE OLIVEIRA</p>]]></Texto>
  </body>
  <Midias />
</article></xml>