﻿<xml><article id="30079610" name="PT18DIAT_13-01" idOficio="9347988" pubName="DO2" artType="Portaria" pubDate="13/01/2023" artClass="00027:00051:00081:00275:00005:00000:00000:00000:00000:00000:00017:00002" artCategory="Ministério do Trabalho e Previdência/Instituto Nacional do Seguro Social/Diretoria de Gestão de Pessoas/Coordenação-Geral de Centralização do Regime Próprio de Previdência Social da União/Divisão de Atendimento do RPPU" artSize="12" artNotes="" numberPage="42" pdfPage="http://pesquisa.in.gov.br/imprensa/jsp/visualiza/index.jsp?data=13/01/2023&amp;jornal=529&amp;pagina=42" editionNumber="10" highlightType="" highlightPriority="" highlight="" highlightimage="" highlightimagename="" idMateria="20251666">
  <body>
    <Identifica><![CDATA[ PORTARIA DIAT-RPPU/CGC-RPPU/DGP/INSS Nº 18, DE 11 DE JANEIRO DE 2023]]></Identifica>
    <Data><![CDATA[]]></Data>
    <Ementa />
    <Titulo />
    <SubTitulo />
    <Texto><![CDATA[<p class="identifica">PORTARIA DIAT-RPPU/CGC-RPPU/DGP/INSS Nº 18, DE 11 DE JANEIRO DE 2023</p><p>CHEFE SUBSTITUTA DA DIVISÃO DE ATENDIMENTO DO REGIME PRÓPRIO DE PREVIDÊNCIA DA UNIÃO, da Coordenação-Geral de Centralização do RPPU, da Diretoria de Gestão de Pessoas do INSS, no uso das atribuições e competências estabelecidas na Portaria DGP/INSS Nº 05 DE 18.04.2022, publicada em BSE de 19.04.2022 e na PORTARIA DGP/INSS Nº 51 de 04.07.2022 publicada em DOU nº 125 de 05.07.2022, resolve:</p><p>Conceder aposentadoria voluntária ao servidor ALVARO JOSÉ DE OLIVEIRA, matrícula SIAPE 0267397, ocupante do cargo de PROFESSOR, Classe D, Padrão 501, do quadro de pessoal permanente do INSTITUTO FEDERAL DE ALAGOAS - IFAL, com fundamento no Artigo 20, § 2º, inciso I da Emenda Constitucional nº 103, de 2019 (Regra de Transição), com proventos integrais calculados com base na remuneração do servidor no cargo efetivo em que se der a aposentadoria e demais vantagens a que faz jus, na forma da lei. Observado o contido no processo SEI nº 35014.000607/2023-10 e Protocolo de Requerimento GET 832941393 do MEU INSS, declarando, em consequência, o referido cargo vago.</p><p>Esta portaria entra em vigor na data de sua publicação.</p><p class="assina">CAMILA DE PAULA PAZ LEME</p>]]></Texto>
  </body>
  <Midias />
</article></xml>