﻿<xml><article id="30087604" name="Portaria nA 5-2023" idOficio="9349910" pubName="DO2" artType="Portaria" pubDate="13/01/2023" artClass="00013:00012:00027:00008:00016:00000:00000:00000:00000:00000:00017:00000" artCategory="Ministério da Defesa/Comando da Marinha/Diretoria-Geral do Pessoal/Diretoria do Pessoal Militar/Serviço de Veteranos e Pensionistas" artSize="12" artNotes="" numberPage="9" pdfPage="http://pesquisa.in.gov.br/imprensa/jsp/visualiza/index.jsp?data=13/01/2023&amp;jornal=529&amp;pagina=9" editionNumber="10" highlightType="" highlightPriority="" highlight="" highlightimage="" highlightimagename="" idMateria="20254057">
  <body>
    <Identifica><![CDATA[ PORTARIA Nº 5/SVPM, DE 11 DE JANEIRO DE 2023]]></Identifica>
    <Data><![CDATA[]]></Data>
    <Ementa />
    <Titulo />
    <SubTitulo />
    <Texto><![CDATA[<p class="identifica">PORTARIA Nº 5/SVPM, DE 11 DE JANEIRO DE 2023</p><p>O DIRETOR DO SERVIÇO DE VETERANOS E PENSIONISTAS DA MARINHA, no uso da subdelegação de competência prevista no anexo F, da Portaria nº 35, de 15 de junho de 2022, do Diretor-Geral do Pessoal da Marinha, e em conformidade com o acordão prolatado nos autos do Processo n° 0233123-40.2017.4.02.5101, pela Egrégia 5ª Turma Especializada do Tribunal Regional Federal da 2ª Região, em trâmite no Juízo da 14ª Vara Federal do Rio de Janeiro, encaminhado para cumprimento por intermédio do Ofício n° 42066/2022/CEOFI2R/PRU2R/PGU/AGU, da Procuradoria-Regional da União da 2ª Região, resolve:</p><p>Art. 1° Tornar sem efeito, por força de decisão judicial, a Portaria n° 266/2022, deste Serviço, publicada no Diário Oficial da União de 04/08/2022 e no Boletim nº 16/2022, Tomo II, da Marinha do Brasil, que reformou o SO-RM1-EF 83.1033.33 ALEXANDRE PINHEIRO.</p><p>Art. 2º Esta Portaria entra em vigor na presente data.</p><p class="assina">CMG (IM) ORNEI PENA ROCHA JUNIOR</p>]]></Texto>
  </body>
  <Midias />
</article></xml>