﻿<xml><article id="30079637" name="Portaria 3PC2 248 e outra de 10 " idOficio="9348616" pubName="DO2" artType="Portaria" pubDate="13/01/2023" artClass="00013:00010:00012:00046:00000:00000:00000:00000:00000:00000:00017:00000" artCategory="Ministério da Defesa/Comando da Aeronáutica/Comando-Geral do Pessoal/Diretoria de Administração do Pessoal" artSize="12" artNotes="" numberPage="6" pdfPage="http://pesquisa.in.gov.br/imprensa/jsp/visualiza/index.jsp?data=13/01/2023&amp;jornal=529&amp;pagina=6" editionNumber="10" highlightType="" highlightPriority="" highlight="" highlightimage="" highlightimagename="" idMateria="20252481">
  <body>
    <Identifica><![CDATA[ PORTARIA DIRAP Nº 248/3PC2, DE 10 DE JANEIRO DE 2023]]></Identifica>
    <Data><![CDATA[]]></Data>
    <Ementa />
    <Titulo />
    <SubTitulo />
    <Texto><![CDATA[<p class="identifica">PORTARIA DIRAP Nº 248/3PC2, DE 10 DE JANEIRO DE 2023</p><p>O DIRETOR DE ADMINISTRAÇÃO DO PESSOAL, no uso da competência que lhe foi subdelegada pela Portaria nº 377/GC3, de 7 de julho de 2011, Art. 1º, inciso VI, publicada no DOU nº 130, Seção 1, de 8 de julho de 2011, e considerando o Processo nº 67241.008718/2022-04, resolve:</p><p>Art. 1° Conceder aposentadoria a ANA MARIA DIAS CRUZ (Nr Ord 4503163), SIAPE nº 1302039, no cargo de Auxiliar de Enfermagem, código 481110, classe "S", padrão III, NI, de acordo com o Art. 4º, § 6°, inciso I e § 8º, da Emenda Constitucional nº 103, de 13 de novembro de 2019. Código de vaga nº 610144.</p><p>Art. 2° Esta portaria entra em vigor na data de sua publicação.</p><p class="assina">Maj Brig Ar FERNANDO CÉSAR DA COSTA E SILVA BRAGA</p><p></p><p class="identifica">PORTARIA DIRAP Nº 264/3PC2, DE 11 DE JANEIRO DE 2023</p><p>O DIRETOR DE ADMINISTRAÇÃO DO PESSOAL, no uso da competência que lhe foi subdelegada pela Portaria nº 377/GC3, de 7 de julho de 2011, Art. 1º, inciso VI, publicada no DOU nº 130, Seção 1, de 8 de julho de 2011, e considerando o Processo nº 67431.003204/2022-17, resolve:</p><p>Art. 1° Retificar a Portaria DIRAP nº 101/3PC2, de 5 de janeiro de 2023, publicada no DOU nº 6, de 9 de janeiro de 2023, Seção 2, referente a aposentadoria de MARTA TANNUS VIANNA ASSUNPÇÃO, (Nr Ord 4560868), SIAPE nº 0205811, onde se lê: ..."MARTA"... , leia-se: ... "MARTHA" ... , permanecendo inalterados os demais termos da Portaria citada.</p><p>Art. 2° Esta portaria entra em vigor na data de sua publicação.</p><p class="assina">Maj Brig Ar FERNANDO CÉSAR DA COSTA E SILVA BRAGA</p><p></p>]]></Texto>
  </body>
  <Midias />
</article></xml>