﻿<xml><article id="30089300" name="Int_Port_179_2022_DIR_Retif" idOficio="9350247" pubName="DO2" artType="Portaria" pubDate="13/01/2023" artClass="00023:00029:00020:00000:00000:00000:00000:00000:00000:00000:00017:00000" artCategory="Ministério de Minas e Energia/Agência Nacional de Energia Elétrica/Diretoria Colegiada da ANEEL" artSize="12" artNotes="" numberPage="40" pdfPage="http://pesquisa.in.gov.br/imprensa/jsp/visualiza/index.jsp?data=13/01/2023&amp;jornal=529&amp;pagina=40" editionNumber="10" highlightType="" highlightPriority="" highlight="" highlightimage="" highlightimagename="" idMateria="20254530">
  <body>
    <Identifica><![CDATA[ RETIFICAÇÃO]]></Identifica>
    <Data><![CDATA[]]></Data>
    <Ementa />
    <Titulo />
    <SubTitulo />
    <Texto><![CDATA[<p class="identifica">RETIFICAÇÃO</p><p>Na Portaria nº 179, de 27 de junho de 2022, constante no Processo nº 48500.005728/2012-65, publicada no DOU nº 122, de 30 de junho de 2022, seção 2, p. 60, onde se lê: "Art. 2º Esta Portaria entra em vigor (...)", leia-se: "Art. 3º Esta Portaria entra em vigor (...)".</p>]]></Texto>
  </body>
  <Midias />
</article></xml>