﻿<xml><article id="30083784" name="Portaria Diretor OtAvio substitu" idOficio="9349209" pubName="DO2" artType="Portaria" pubDate="13/01/2023" artClass="00029:00000:00000:00000:00000:00000:00000:00000:00000:00000:00017:00000" artCategory="Banco Central do Brasil" artSize="12" artNotes="" numberPage="43" pdfPage="http://pesquisa.in.gov.br/imprensa/jsp/visualiza/index.jsp?data=13/01/2023&amp;jornal=529&amp;pagina=43" editionNumber="10" highlightType="" highlightPriority="" highlight="" highlightimage="" highlightimagename="" idMateria="20253135">
  <body>
    <Identifica><![CDATA[ PORTARIA Nº 116.208 DE 12 DE JANEIRO DE 2023]]></Identifica>
    <Data><![CDATA[]]></Data>
    <Ementa />
    <Titulo />
    <SubTitulo />
    <Texto><![CDATA[<p></p><p class="identifica">PORTARIA Nº 116.208 DE 12 DE JANEIRO DE 2023</p><p>O Presidente do Banco Central do Brasil, substituto, no uso das competências contidas no art. 3º do Decreto nº 8.851, de 20 de setembro de 2016, no art. 9º e no inciso IX do art. 12 do Regimento Interno do Banco Central do Brasil, anexo à Portaria nº 84.287, de 27 de fevereiro de 2015, resolve:</p><p>Art. 1º Fica designado OTÁVIO RIBEIRO DAMASO, Diretor de Regulação, para substituir o Presidente no período de 16 a 28 de janeiro de 2023.</p><p>Art. 2º Esta Portaria entra em vigor na data de sua publicação.</p><p class="assina">Otávio Ribeiro Damaso</p>]]></Texto>
  </body>
  <Midias />
</article></xml>