﻿<xml><article id="30079565" name="PENSAO 13-01-2023" idOficio="9348516" pubName="DO2" artType="Portaria" pubDate="13/01/2023" artClass="00018:00105:00001:00000:00000:00000:00000:00000:00000:00000:00017:00000" artCategory="Ministério da Educação/Universidade Federal da Paraíba/Reitoria" artSize="12" artNotes="" numberPage="30" pdfPage="http://pesquisa.in.gov.br/imprensa/jsp/visualiza/index.jsp?data=13/01/2023&amp;jornal=529&amp;pagina=30" editionNumber="10" highlightType="" highlightPriority="" highlight="" highlightimage="" highlightimagename="" idMateria="20252376">
  <body>
    <Identifica><![CDATA[ PORTARIA PROGEP/DLCP Nº 3, DE 9 DE JANEIRO DE 2023]]></Identifica>
    <Data><![CDATA[]]></Data>
    <Ementa />
    <Titulo />
    <SubTitulo />
    <Texto><![CDATA[<p class="identifica">PORTARIA PROGEP/DLCP Nº 3, DE 9 DE JANEIRO DE 2023</p><p>O REITOR DA UNIVERSIDADE FEDERAL DA PARAÍBA, usando das atribuições que lhe confere o artigo 38, inciso XXII, do Estatuto, e tendo em vista o que consta do Processo nº 23074.000497/2023-28, resolve:</p><p>Art. 1º Conceder pensão a SANDRA BARRETO DE QUEIROZ, na qualidade de cônjuge do(a) ex-servidor(a) JOSÉ LEITE DE QUEIROZ FILHO, ocupante do cargo de Professor do Magistério Superior, matricula SIAPE n.º 330728, do quadro de pessoal da Universidade Federal da Paraíba, falecido(a) em inatividade, na data de 26/12/2022, com fundamento no inciso I do art. 3º da Portaria SGP/SEDGG/ME Nº 4645, de 24 de maio de 2022, c/c o art. 217 da Lei nº 8.112, de 11 de dezembro de 1990, e artigos 23 e 24 da Emenda Constitucional nº 103, de 12 de novembro de 2019.</p><p>Art. 2º Os efeitos desta Portaria entram em vigor a partir da data do óbito.</p><p class="assina">VALDINEY VELOSO GOUVEIA</p><p class="identifica">PORTARIA PROGEP/DLCP Nº 9, DE 11 DE JANEIRO DE 2023</p><p>O REITOR DA UNIVERSIDADE FEDERAL DA PARAÍBA, usando das atribuições que lhe confere o artigo 38, inciso XXII, do Estatuto, e tendo em vista o que consta do Processo nº 23074.000798/2023-49, resolve:</p><p>Art. 1º Conceder pensão a JOSÉ LUCIANO GUEDES CUNHA FILHO, na qualidade de cônjuge do(a) ex-servidor(a) ANDRÉA MESQUITA DE MENDONÇA CUNHA, ocupante do cargo de Assistente em Administração, matricula SIAPE n.º 1538189, do quadro de pessoal da Universidade Federal da Paraíba, falecido(a) em atividade na data de 03/01/2023, com fundamento no inciso I do art. 3º da Portaria SGP/SEDGG/ME Nº 4645, de 24 de maio de 2022, c/c o art. 217 da Lei nº 8.112, de 11 de dezembro de 1990 e 23 da Emenda Constitucional nº 103, de 12 de novembro de 2019.</p><p>Art. 2º Os efeitos desta Portaria entram em vigor a partir da data do óbito.</p><p class="assina">VALDINEY VELOSO GOUVEIA</p>]]></Texto>
  </body>
  <Midias />
</article></xml>