﻿<xml><article id="30088423" name="Portaria altera regime jurAdico " idOficio="9350054" pubName="DO2" artType="Portaria" pubDate="13/01/2023" artClass="00019:00001:00000:00000:00000:00000:00000:00000:00000:00000:00017:00000" artCategory="Ministério da Infraestrutura/Gabinete do Ministro" artSize="12" artNotes="" numberPage="38" pdfPage="http://pesquisa.in.gov.br/imprensa/jsp/visualiza/index.jsp?data=13/01/2023&amp;jornal=529&amp;pagina=38" editionNumber="10" highlightType="" highlightPriority="" highlight="" highlightimage="" highlightimagename="" idMateria="20254323">
  <body>
    <Identifica><![CDATA[ PORTARIA Nº 3, DE 12 DE JANEIRO DE 2023]]></Identifica>
    <Data><![CDATA[]]></Data>
    <Ementa />
    <Titulo />
    <SubTitulo />
    <Texto><![CDATA[<p class="identifica">PORTARIA Nº 3, DE 12 DE JANEIRO DE 2023</p><p>O MINISTRO DE ESTADO DOS TRANSPORTES, no uso de suas atribuições legais e em cumprimento à determinação constante na Ação Judicial nº 0802886-20.2022.4.05.8300, observado o contido no Parecer de Força Executória nº 00675/2022/CORESENE/PRU5R/PGU/AGU, de 1º de dezembro de 2022, da Procuradoria Regional da União da 1ª Região, e na Cota nº 03033/2022/CONJUR-MINFRA/CGU/AGU da Consultoria Jurídica junto ao Ministério da Infraestrutura (Processo SEI nº 00418.006444/2022-71), resolve:</p><p>Art. 1º Tornar sem efeito a Portaria nº 3, de 4 de janeiro de 2021, publicada no Diário Oficial da União de 11 de janeiro de 2021, Seção 2, página 38, que restabeleceu o servidor ARMINIO MORAES MEDEIROS, Agente de Vigilância, matrícula SIAPE nº 1367821, ao Regime de Trabalho Celetista de que trata o Decreto-Lei nº 5.452, de 1º de maio de 1943, fundamentada na Portaria Normativa nº 5/2016/SEGRT/MP e no Acórdão nº 303/2015-TCU-Plenário, retornando-o, consequentemente, ao Regime Jurídico Único-Lei nº 8.112, de 11 de dezembro de 1990.</p><p>Art. 2º Esta Portaria entra em vigor na data de sua publicação.</p><p class="assina">JOSÉ RENAN VASCONCELOS CALHEIROS FILHO</p>]]></Texto>
  </body>
  <Midias />
</article></xml>