﻿<xml><article id="30079667" name="ATO portarias 23 e 25" idOficio="9348736" pubName="DO2" artType="Portaria" pubDate="13/01/2023" artClass="00047:00040:00000:00000:00000:00000:00000:00000:00000:00000:00017:00000" artCategory="Poder Judiciário/Tribunal Regional Eleitoral do Tocantins" artSize="12" artNotes="" numberPage="52" pdfPage="http://pesquisa.in.gov.br/imprensa/jsp/visualiza/index.jsp?data=13/01/2023&amp;jornal=529&amp;pagina=52" editionNumber="10" highlightType="" highlightPriority="" highlight="" highlightimage="" highlightimagename="" idMateria="20252657">
  <body>
    <Identifica><![CDATA[ PORTARIA Nº 23 PRES/DG/SGP/COPES, DE 11 de janeiro de 2023]]></Identifica>
    <Data><![CDATA[]]></Data>
    <Ementa />
    <Titulo />
    <SubTitulo />
    <Texto><![CDATA[<p class="identifica">PORTARIA Nº 23 PRES/DG/SGP/COPES, DE 11 de janeiro de 2023</p><p>O PRESIDENTE DO TRIBUNAL REGIONAL ELEITORAL DO TOCANTINS, no uso das atribuições legais e regimentais, ex vi do inciso XXIX, do artigo 20, do Regimento Interno deste Tribunal, considerando o disposto no artigo 33, inciso VIII, da Lei nº 8.112/1990, e conforme o teor dos autos do processo SEI nº 0000264-14.2023.6.27.8000, resolve:</p><p>Art. 1º Declarar vago, a partir de 09/01/2023, o cargo de Técnico Judiciário, Área Administrativa, do Quadro de Pessoal do Tribunal Regional Eleitoral do Tocantins, criado pela Lei nº 10.842, de 20 de fevereiro de 2004, ocupado pela servidora SUZANA KAFURETY SANTOS PRADO, matrícula 30926262, em razão de posse em outro cargo público inacumulável, nos termos art. 33, inciso VIII, da Lei nº 8.112/1990.</p><p>Art. 2º Esta Portaria entra em vigor na data da sua publicação.</p><p class="assina">Des. Helvécio de Brito Maia Neto</p><p class="identifica">PORTARIA Nº 25 PRES/DG/SGP/COPES, DE 11 de janeiro de 2023</p><p>O PRESIDENTE DO TRIBUNAL REGIONAL ELEITORAL DO TOCANTINS, no uso das atribuições legais e regimentais, ex vi do inciso XXIX, do artigo 20, do Regimento Interno deste Tribunal, considerando o disposto no artigo 33, inciso VIII, da Lei nº 8.112/1990, e conforme o teor dos autos do processo SEI nº 0000264-14.2023.6.27.8000, resolve:</p><p>Art. 1º Dispensar a servidora SUZANA KAFURETY SANTOS PRADO, Técnico Judiciário, Área Administrativa, do exercício da função comissionada de Assistente I, nível FC-01, da 26ª Zona Eleitoral, com sede em Ponte Alta do Tocantins, a partir de 09/01/2023.</p><p>Art. 2º Esta Portaria entra em vigor na data da sua publicação.</p><p class="assina">Des. Helvécio de Brito Maia Neto</p>]]></Texto>
  </body>
  <Midias />
</article></xml>