﻿<xml><article id="30093072" name="2023-01-12/9350796/SIGEPE_202555" idOficio="9350796" pubName="DO2" artType="Portaria" pubDate="13/01/2023" artClass="00018:00037:00000:00000:00000:00000:00000:00000:00000:00000:00017:00054" artCategory="Ministério da Educação/Centro Federal de Educação Tecnológica Celso Suckow da Fonseca" artSize="12" artNotes="" numberPage="19" pdfPage="http://pesquisa.in.gov.br/imprensa/jsp/visualiza/index.jsp?data=13/01/2023&amp;jornal=529&amp;pagina=19" editionNumber="10" highlightType="" highlightPriority="" highlight="" highlightimage="" highlightimagename="" idMateria="20255503">
  <body>
    <Identifica><![CDATA[ Portaria CEFET-RJ nº 54, de 12 de Janeiro de 2023]]></Identifica>
    <Data><![CDATA[]]></Data>
    <Ementa />
    <Titulo />
    <SubTitulo />
    <Texto><![CDATA[<p class="identifica">Portaria CEFET-RJ nº 54, de 12 de Janeiro de 2023</p><p>O DIRETOR-GERAL DO CENTRO FEDERAL DE EDUCAÇÃO TECNOLÓGICA CELSO SUCKOW DA FONSECA, nomeado pela Portaria MEC nº 165, de 24/03/2021, publicada no DOU de 25/03/2021, tendo em vista a subdelegação de competência prevista na Portaria MEC nº 1.373, de 18/07/2019, no uso das suas atribuições legais, e considerando o disposto no Ofício nº 017/2022/DIRAP/GABIN, resolve:</p><p>Art. 1º - DISPENSAR a servidora MARINA PEREIRA DANCOUR DE PINHO, ocupante do cargo de Administrador, matrícula SIAPE nº 2268233, da função de Chefe da Divisão de Planejamento e Controle Orçamentário, do Departamento de Gestão Orçamentária, da Diretoria de Administração e Planejamento, código FG-01.</p><p>Art. 2º - DESIGNAR a servidora MARINA PEREIRA DANCOUR DE PINHO, ocupante do cargo de Administrador, matrícula SIAPE nº 2268233, para a função de Chefe da Divisão de Planejamento e Controle Orçamentário, do Departamento de Gestão Orçamentária, da Diretoria de Administração e Planejamento, código FG-02.</p><p>Art. 3º - DISPENSAR o servidor JORGE RIBEIRO APOLINARIO, ocupante do cargo de Assistente em Administração, matrícula SIAPE nº 1449239, da função de Chefe da Seção de Execução Orçamentária, do Departamento de Gestão Orçamentária, da Diretoria de Administração e Planejamento, código FG-02.</p><p>Art. 4º- DESIGNAR o servidor JORGE RIBEIRO APOLINARIO, ocupante do cargo de Assistente em Administração, matrícula SIAPE nº 1449239, para a função de Chefe da Divisão de Execução Orçamentária, do Departamento de Gestão Orçamentária, da Diretoria de Administração e Planejamento, código FG-01.</p><p>Art. 5º - Esta portaria entra em vigor a partir da data de sua publicação no Diário Oficial da União.</p><p class="assina">MAURICIO SALDANHA MOTTA</p><p></p>]]></Texto>
  </body>
  <Midias />
</article></xml>