﻿<xml><article id="30079811" name="SGP001" idOficio="9348430" pubName="DO2" artType="Portaria" pubDate="13/01/2023" artClass="00047:00030:00001:00000:00000:00000:00000:00000:00000:00000:00017:00000" artCategory="Poder Judiciário/Tribunal Regional Eleitoral de Pernambuco/Presidência" artSize="12" artNotes="" numberPage="52" pdfPage="http://pesquisa.in.gov.br/imprensa/jsp/visualiza/index.jsp?data=13/01/2023&amp;jornal=529&amp;pagina=52" editionNumber="10" highlightType="" highlightPriority="" highlight="" highlightimage="" highlightimagename="" idMateria="20252286">
  <body>
    <Identifica><![CDATA[ PORTARIA Nº 11, DE 10 DE JANEIRO DE 2023]]></Identifica>
    <Data><![CDATA[]]></Data>
    <Ementa />
    <Titulo />
    <SubTitulo />
    <Texto><![CDATA[<p class="identifica">PORTARIA Nº 11, DE 10 DE JANEIRO DE 2023</p><p>O DESEMBARGADOR PRESIDENTE DO TRIBUNAL REGIONAL ELEITORAL DE PERNAMBUCO, no uso de suas atribuições legais, com fundamento nos artigos 5º, 9º, inciso I, 10 e 13 a 15, da Lei n.º 8.112, de 11/12/1990; considerando as nomeações realizadas por meio das Portarias n.º 1047, de 19/12/2022, n.º 1050, de 20/12/2022, n.º 1060 e 1061, de 23/12/2022, publicadas no DOU de 28/12/2022; considerando que a desistência do candidato JOAO WANDERLEY DE SIQUEIRA FILHO, classificado em 109ª lugar, pertencente à lista de ampla concorrência, conforme documento n.º 2099646 do SEI n.º 0034797-85.2017.6.17.8000, exige a nomeação de outro candidato da mesma lista, ou seja, de ampla concorrência; considerando também a desistência do candidato ANTONIO BENEDITO DOS SANTOS FILHO, classificado em 114ª lugar, conforme documento n.º 2099990 do SEI n.º 0034797-85.2017.6.17.8000; e considerando o disposto no art. 1º, §1º, "I" da Portaria TSE nº 1.078/2022, já que a vacância decorre de posse em outro cargo inacumulável, resolve:</p><p>a) tornar sem efeito, por desistência, a nomeação do candidato Joao Wanderley de Siqueira Filho, para ocupar o cargo de Técnico Judiciário, Classe A, Padrão 1, Área Administrativa, do Quadro de Pessoal deste Tribunal, criado através da Lei n.º 7.645, de 18/12/1987, publicada na Portaria nº 1047, publicada no DOU n.º 244, em 28/12/2022, cuja vacância decorreu de posse em outro cargo inacumulável da servidora Sheila Oliveira de Paiva, conforme consta na Portaria n.º 931, publicada no DOU n.º 215, em 16/11/2022;</p><p>b) nomear o candidato VINICIUS NOGUEIRA MERGULHAO, classificado em 115º lugar na lista final referente às vagas de ampla concorrência do último concurso público realizado por este Tribunal, para prover o cargo de Técnico Judiciário, Classe A, Padrão 1, Área Administrativa, criado através da Lei n.º 7.645, de 18/12/1987, e vago em decorrência de posse em outro cargo inacumulável da servidora Sheila Oliveira de Paiva, conforme consta na Portaria n.º 931, publicada no DOU n.º 215, em 16/11/2022.</p><p class="assina">Des. ANDRÉ OLIVEIRA DA SILVA GUIMARÃES</p>]]></Texto>
  </body>
  <Midias />
</article></xml>