﻿<xml><article id="30093687" name="PORTARIA DE PESSOAL N 13" idOficio="9350940" pubName="DO2" artType="Portaria" pubDate="13/01/2023" artClass="00018:00081:00000:00000:00000:00000:00000:00000:00000:00000:00017:00003" artCategory="Ministério da Educação/Instituto Nacional de Estudos e Pesquisas Educacionais Anísio Teixeira" artSize="12" artNotes="" numberPage="24" pdfPage="http://pesquisa.in.gov.br/imprensa/jsp/visualiza/index.jsp?data=13/01/2023&amp;jornal=529&amp;pagina=24" editionNumber="10" highlightType="" highlightPriority="" highlight="" highlightimage="" highlightimagename="" idMateria="20255690">
  <body>
    <Identifica><![CDATA[ PORTARIA DE PESSOAL Nº 13, DE 12 DE JANEIRO DE 2023]]></Identifica>
    <Data><![CDATA[]]></Data>
    <Ementa />
    <Titulo />
    <SubTitulo />
    <Texto><![CDATA[<p class="identifica">PORTARIA DE PESSOAL Nº 13, DE 12 DE JANEIRO DE 2023</p><p>O PRESIDENTE SUBSTITUTO DO INSTITUTO NACIONAL DE ESTUDOS E PESQUISAS EDUCACIONAIS ANÍSIO TEIXEIRA, no uso das suas atribuições estabelecidas no Decreto nº 11.204, de 21 de setembro de 2022, e no uso da competência que lhe foi subdelegada na alínea "b" do inciso II do art. 2°, da Portaria/MEC n° 205, de 6 de fevereiro de 2020, resolve:</p><p>Art. 1º Dispensar, a pedido, EDISON FLAVIO FERNANDES, CPF nº ***.572.928-**, da função de Chefe, código FCE-1.01, do Núcleo de Assessoramento aos Estudos Educacionais da Coordenação de Estudos Educacionais da Coordenação-Geral de Estudos Educacionais da Diretoria de Estudos Educacionais do Instituto Nacional de Estudos e Pesquisas Educacionais Anísio Teixeira, a contar de 03 de janeiro de 2023.</p><p>Art. 2º Esta portaria entra em vigor na data de sua publicação.</p><p class="assina">CARLOS EDUARDO MORENO SAMPAIO</p>]]></Texto>
  </body>
  <Midias />
</article></xml>