﻿<xml><article id="30079715" name="Portaria nA 15.2023 - Designar F" idOficio="9342069" pubName="DO2" artType="Portaria" pubDate="13/01/2023" artClass="00018:00053:00007:00000:00000:00000:00000:00000:00000:00000:00017:00004" artCategory="Ministério da Educação/Instituto Federal de Educação, Ciência e Tecnologia Farroupilha/Campus Santo Augusto" artSize="12" artNotes="" numberPage="21" pdfPage="http://pesquisa.in.gov.br/imprensa/jsp/visualiza/index.jsp?data=13/01/2023&amp;jornal=529&amp;pagina=21" editionNumber="10" highlightType="" highlightPriority="" highlight="" highlightimage="" highlightimagename="" idMateria="20243255">
  <body>
    <Identifica><![CDATA[ PORTARIA ELETRÔNICA Nº 15,  DE 6 DE JANEIRO DE 2023]]></Identifica>
    <Data><![CDATA[]]></Data>
    <Ementa />
    <Titulo />
    <SubTitulo />
    <Texto><![CDATA[<p></p><p class="identifica">PORTARIA ELETRÔNICA Nº 15, DE 6 DE JANEIRO DE 2023</p><p></p><p>A Diretora Geral do Instituto Federal Farroupilha - Campus Santo Augusto, no uso de suas atribuições legais, conferidas pela Portaria nº 318, de 18/02/2021, publicada no DOU de 19/02/2021 e considerando a Portaria Eletrônica nº 390, de 06 de abril de 2022 do Gabinete da Reitora do IFFar resolve:</p><p>DESIGNAR o Servidor Fernando Henrique da Rosa Schreiber, matrícula SIAPE nº 1728240, ocupante do cargo de Técnico-Administrativo em Educação - Técnico em Agropecuária, para exercer o cargo de Coordenador de Produção em Exercício, do Instituto Federal Farroupilha - Campus Santo Augusto, Código da Função FG-002, no período de 16 a 26 de janeiro de 2023.</p><p class="assina">Marcia Fink</p><p></p>]]></Texto>
  </body>
  <Midias />
</article></xml>