﻿<xml><article id="30085255" name="Portaria 0140-IFSP" idOficio="9349440" pubName="DO2" artType="Portaria" pubDate="13/01/2023" artClass="00018:00073:00044:00002:00003:00000:00000:00000:00000:00000:00017:00001" artCategory="Ministério da Educação/Instituto Federal de Educação, Ciência e Tecnologia de São Paulo/Pró-Reitoria de Administração/Diretoria Administrativa/Gerência de Recursos Humanos" artSize="12" artNotes="" numberPage="23" pdfPage="http://pesquisa.in.gov.br/imprensa/jsp/visualiza/index.jsp?data=13/01/2023&amp;jornal=529&amp;pagina=23" editionNumber="10" highlightType="" highlightPriority="" highlight="" highlightimage="" highlightimagename="" idMateria="20253496">
  <body>
    <Identifica><![CDATA[ PORTARIA Nº 140/IFSP, DE 11 DE JANEIRO DE 2023]]></Identifica>
    <Data><![CDATA[]]></Data>
    <Ementa />
    <Titulo />
    <SubTitulo />
    <Texto><![CDATA[<p class="identifica">PORTARIA Nº 140/IFSP, DE 11 DE JANEIRO DE 2023</p><p>O REITOR DO INSTITUTO FEDERAL DE EDUCAÇÃO, CIÊNCIA E TECNOLOGIA DE SÃO PAULO, no uso de suas atribuições legais, conferidas pelo Decreto de 5 de abril de 2021, publicado no Diário Oficial da União de 6 de abril de 2021, seção 2, página 1 e o que consta no Processo nº 23305.020158.2022-91, resolve</p><p>Retificar a Portaria nº 837, de 3 de setembro de 2007, DOU nº 172, de 05/09/2007, Seção 2, que trata de Concessão Inicial de Aposentadoria do servidor LAÉRCIO TOLEDO, SIAPE nº 0278985.</p><p>Onde se lê:</p><p>"CONCEDER APOSENTADORIA voluntária, com proventos integrais, com fundamento no artigo 6º da Emenda Constitucional nº 41, de 19/12/03, combinado com os artigos 2º e 5º da Emenda Constitucional nº 47, de 05/07/2005, a LAÉRCIO TOLEDO, matrícula SIAPE nº 278985, Código de Vaga n 215377, no cargo de Assistente de Alunos, Classe C, Nível 1, Padrão 8, em regime de quarenta horas semanais, do Quadro Permanente deste CEFET, com adicional por tempo de serviço no percentual de 09% (nove por cento), a Vantagem Pecuniária Individual instituída pela Lei nº 10.698, de 02/07/2003 e o Incentivo à Qualificação, previsto no Decreto n 5824/2006."</p><p>Leia-se:</p><p>"Conceder Aposentadoria Voluntária com base no Art. 40, §1º, inciso III, alínea 'a', da Constituição Federal, com redação dada pela Emenda Constitucional nº 41/03 , a LAÉRCIO TOLEDO, matrícula SIAPE nº 278985, Código de Vaga n 215377, no cargo de Assistente de Alunos, Classe C, Nível 1, Padrão 8, em regime de quarenta horas semanais, do Quadro Permanente deste IFSP com proventos calculados pela média das contribuições, nos termos do art. 1º, da Lei nº 10.887/04".</p><p></p><p class="assina">Silmário Batista dos Santos</p><p></p>]]></Texto>
  </body>
  <Midias />
</article></xml>