﻿<xml><article id="30079574" name="Portaria 34_2023 Vacancia TATIAN" idOficio="9348585" pubName="DO2" artType="Portaria" pubDate="13/01/2023" artClass="00018:00085:00001:00029:00000:00000:00000:00000:00000:00000:00017:00002" artCategory="Ministério da Educação/Universidade Federal da Bahia/Reitoria/Pró-Reitoria de Desenvolvimento de Pessoas" artSize="12" artNotes="" numberPage="26" pdfPage="http://pesquisa.in.gov.br/imprensa/jsp/visualiza/index.jsp?data=13/01/2023&amp;jornal=529&amp;pagina=26" editionNumber="10" highlightType="" highlightPriority="" highlight="" highlightimage="" highlightimagename="" idMateria="20252510">
  <body>
    <Identifica><![CDATA[ PORTARIA Nº 34,  DE  11 DE JANEIRO DE 2023]]></Identifica>
    <Data><![CDATA[]]></Data>
    <Ementa />
    <Titulo />
    <SubTitulo />
    <Texto><![CDATA[<p class="identifica">PORTARIA Nº 34, DE 11 DE JANEIRO DE 2023</p><p>O Pró-Reitor de Desenvolvimento de Pessoas, no uso de suas atribuições legais previstas na Portaria de delegação de competência nº 448, de 17 de maio de 2011, tendo em vista o que consta do Processo nº 23066.001586/2023-65, resolve:</p><p>- Declarar, a partir de 09 de janeiro de 2023, a vacância do cargo de Assistente em Administração, Nível Intermediário, Classificação D, Capacitação 3, Padrão 02, ocupado por TATIANA MORENO DA SILVA NASCIMENTO COSTA, matrícula SIAPE nº 3121541, lotada na Pró-Reitoria de Extensão desta Universidade, com fundamento no artigo 33, inciso VIII, da Lei 8.112/90.</p><p class="assina">Jeilson Barreto Andrade</p><p></p>]]></Texto>
  </body>
  <Midias />
</article></xml>