﻿<xml><article id="30082991" name="3 PORTARIAS" idOficio="9348979" pubName="DO2" artType="Portaria" pubDate="13/01/2023" artClass="00018:00111:00000:00000:00000:00000:00000:00000:00000:00000:00017:00004" artCategory="Ministério da Educação/Universidade Federal do Rio de Janeiro" artSize="12" artNotes="" numberPage="31" pdfPage="http://pesquisa.in.gov.br/imprensa/jsp/visualiza/index.jsp?data=13/01/2023&amp;jornal=529&amp;pagina=31" editionNumber="10" highlightType="" highlightPriority="" highlight="" highlightimage="" highlightimagename="" idMateria="20252970">
  <body>
    <Identifica><![CDATA[ PORTARIAS DE 11 DE JANEIRO DE 2023]]></Identifica>
    <Data><![CDATA[]]></Data>
    <Ementa />
    <Titulo />
    <SubTitulo />
    <Texto><![CDATA[<p class="identifica">PORTARIAS DE 11 DE JANEIRO DE 2023</p><p>O Pró-Reitor de Pessoal, no uso da competência delegada pela Reitora da Universidade Federal do Rio de Janeiro, através da Portaria nº 10.120 de 16 de dezembro de 2021, publicada no Diário Oficial da União de 17 de dezembro de 2021, resolve:</p><p>Nº 283 - Nomear, nos termos do artigo 9º, inciso I, da Lei 8.112, de 11 de dezembro de 1990, o candidato LEONARDO DE SOUZA FERNANDES DOURADO, habilitado em Concurso Público homologado pela Portaria nº 871 de 05 de novembro de 2021 - DOU 210 de 09 de novembro de 2021, para o cargo de Administrador - Geral, do Quadro Único de Pessoal desta IFE, no regime de 40 horas semanais de trabalho na vaga 278902, conforme processo 23079.256412/2022-16. A posse do(a) nomeado(a) dar-se-á no prazo de 30 (trinta) dias contados da publicação desta no DOU.</p><p>Nº 284 - Nomear, nos termos do artigo 9º, inciso I, da Lei 8.112, de 11 de dezembro de 1990, o candidato MARIANE DO NASCIMENTO OSELAME, habilitado em Concurso Público homologado pela Portaria nº 221, de 23 de março de 2022 - DOU 57, de 24 de março de 2022, para o cargo de Musicoterapeuta, do Quadro Único de Pessoal desta IFE, no regime de 40 horas semanais de trabalho na vaga 825968 conforme processo 23079.256398/2022-42. A posse do (a) nomeado (a) dar-se-á no prazo de 30 (trinta) dias, contados da publicação desta no DOU.</p><p>Nº 285 - Nomear, nos termos do artigo 9º, inciso I, da Lei 8.112, de 11 de dezembro de 1990, o candidato VANDRÉ MATIAS VIDAL, habilitado em Concurso Público homologado pela Portaria nº 221, de 23 de março de 2022 - DOU 57, de 24 de março de 2022, para o cargo de Musicoterapeuta, do Quadro Único de Pessoal desta IFE, no regime de 40 horas semanais de trabalho na vaga 825969 conforme processo 23079.256400/2022- 83. A posse do(a) nomeado(a) dar-se-á no prazo de 30 (trinta) dias contados da publicação desta no DOU.</p><p class="assina">Alexandre Brasil Carvalho da Fonseca</p>]]></Texto>
  </body>
  <Midias />
</article></xml>