﻿<xml><article id="30088360" name="portaria_13_2023 GGPES CG" idOficio="9350051" pubName="DO2" artType="Portaria" pubDate="13/01/2023" artClass="00026:00034:00001:00000:00000:00000:00000:00000:00000:00000:00017:00000" artCategory="Ministério da Saúde/Agência Nacional de Vigilância Sanitária/Gabinete do Diretor-Presidente" artSize="12" artNotes="" numberPage="42" pdfPage="http://pesquisa.in.gov.br/imprensa/jsp/visualiza/index.jsp?data=13/01/2023&amp;jornal=529&amp;pagina=42" editionNumber="10" highlightType="" highlightPriority="" highlight="" highlightimage="" highlightimagename="" idMateria="20254280">
  <body>
    <Identifica><![CDATA[ PORTARIA Nº 13, DE 12 DE JANEIRO DE 2023]]></Identifica>
    <Data><![CDATA[]]></Data>
    <Ementa />
    <Titulo />
    <SubTitulo />
    <Texto><![CDATA[<p class="identifica">PORTARIA Nº 13, DE 12 DE JANEIRO DE 2023</p><p>A Chefe de Gabinete substituta do Diretor-Presidente da Agência Nacional de Vigilância Sanitária, no uso da competência que lhe foi delegada pela Portaria n° 1.596, de 8 de agosto de 2016, alterada pela Portaria nº 1.724, de 5 de setembro de 2016, resolve:</p><p>Designar, no período de 11 a 20/01/2023, a servidora MARIA CRISTINI PIACENTINI BOPPRE, matrícula SIAPE nº 7576379, para exercer o encargo de substituta de Coordenador Estadual, código CCT-IV, da Coordenação Estadual de Vigilância Sanitária de PAF de Santa Catarina, da Coordenação Regional de Vigilância Sanitária de PAF do Sul, da Gerência-Geral de Vigilância Sanitária de Portos, Aeroportos, Fronteiras e Recintos Alfandegados.</p><p class="assina">ERICA FERREIRA DOBBIN</p>]]></Texto>
  </body>
  <Midias />
</article></xml>