﻿<xml><article id="30079664" name="Portaria nA 46 - 11-01-23" idOficio="9348325" pubName="DO2" artType="Portaria" pubDate="13/01/2023" artClass="00012:00014:00001:00000:00000:00000:00000:00000:00000:00000:00017:00000" artCategory="Ministério das Comunicações/Agência Nacional de Telecomunicações/Gabinete da Presidência" artSize="12" artNotes="" numberPage="6" pdfPage="http://pesquisa.in.gov.br/imprensa/jsp/visualiza/index.jsp?data=13/01/2023&amp;jornal=529&amp;pagina=6" editionNumber="10" highlightType="" highlightPriority="" highlight="" highlightimage="" highlightimagename="" idMateria="20252180">
  <body>
    <Identifica><![CDATA[ PORTARIA DE PESSOAL Nº 46, DE 11 DE JANEIRO DE 2023]]></Identifica>
    <Data><![CDATA[]]></Data>
    <Ementa />
    <Titulo />
    <SubTitulo />
    <Texto><![CDATA[<p class="identifica">PORTARIA DE PESSOAL Nº 46, DE 11 DE JANEIRO DE 2023</p><p>O CONSELHO DIRETOR DA AGÊNCIA NACIONAL DE TELECOMUNICAÇÕES, no uso das competências que lhe confere o art. 35, inciso XX, do Decreto nº 2.338, de 7 de outubro de 1997, c/c art. 133, inciso XXXIX, do Regimento Interno da Anatel, aprovado pela Resolução nº 612, de 29 de abril de 2013, CONSIDERANDO a Lei nº 8.112, de 11 de dezembro de 1990; CONSIDERANDO a Lei nº 13.848, de 25 de junho de 2019; CONSIDERANDO o Decreto nº 91.800, de 18 de outubro de 1985; CONSIDERANDO o Decreto nº 1.387, de 7 de fevereiro de 1995; CONSIDERANDO deliberação tomada por meio do Circuito Deliberativo. CONSIDERANDO o constante dos autos do Processo nº 53500.301052/2022-40, resolve:</p><p>Art. 1º Autorizar o afastamento do País:</p><p>a) do Presidente CARLOS MANUEL BAIGORRI, para participar do GSMA Mobile World Congress - MWC23 em Barcelona, Espanha, e de reuniões na sede da União Internacional de Telecomunicações (UIT), em Genebra, Suíça, no período entre 24 de fevereiro e 5 de março de 2023, trânsito incluído, com ônus;</p><p>b) do Conselheiro MOISÉS QUEIROZ MOREIRA, para participar do GSMA Mobile World Congress - MWC23 em Barcelona, Espanha, no período entre 24 de fevereiro e 4 de março de 2023, trânsito incluído, com ônus;</p><p>c) do Conselheiro VICENTE BANDEIRA DE AQUINO NETO, para participar do GSMA Mobile World Congress - MWC23 em Barcelona, Espanha, e de missão a Israel, no período entre 24 de fevereiro e 7 de março de 2023, trânsito incluído, com ônus;</p><p>d) do Conselheiro ARTUR COIMBRA DE OLIVEIRA, para participar do GSMA Mobile World Congress - MWC23 em Barcelona, Espanha, no período entre 24 de fevereiro e 4 de março de 2023, trânsito incluído, com ônus;</p><p>e) do Conselheiro ALEXANDRE REIS SIQUEIRA FREIRE, para participar do GSMA Mobile World Congress - MWC23 em Barcelona, Espanha, e de missão a Israel, no período entre 24 de fevereiro e 7 de março de 2023, trânsito incluído, com ônus.</p><p>Art. 2º Esta Portaria entra em vigor na data de sua publicação no Diário Oficial da União.</p><p class="assina">Carlos Manuel Baigorri</p><p class="cargo">Presidente do Conselho</p>]]></Texto>
  </body>
  <Midias />
</article></xml>