﻿<xml><article id="30092679" name="2 GM - Portaria 53 - Dispensar A" idOficio="9350747" pubName="DO2" artType="Portaria" pubDate="13/01/2023" artClass="00011:00001:00000:00000:00000:00000:00000:00000:00000:00000:00013:00002" artCategory="Ministério da Ciência, Tecnologia e Inovações/Gabinete do Ministro" artSize="12" artNotes="" numberPage="6" pdfPage="http://pesquisa.in.gov.br/imprensa/jsp/visualiza/index.jsp?data=13/01/2023&amp;jornal=529&amp;pagina=6" editionNumber="10" highlightType="" highlightPriority="" highlight="" highlightimage="" highlightimagename="" idMateria="20255390">
  <body>
    <Identifica><![CDATA[ PORTARIA MCTI Nº 53, DE 12 DE JANEIRO DE 2023]]></Identifica>
    <Data><![CDATA[]]></Data>
    <Ementa />
    <Titulo />
    <SubTitulo />
    <Texto><![CDATA[<p class="identifica">PORTARIA MCTI Nº 53, DE 12 DE JANEIRO DE 2023</p><p>A MINISTRA DE ESTADO DA CIÊNCIA, TECNOLOGIA E INOVAÇÃO, no uso da competência que lhe foi delegada pelo artigo 6º do Decreto nº 9.794, de 14 de maio de 2019, publicado no DOU de 15 de maio de 2019, e tendo em vista o disposto no Decreto nº 11.257, de 16 de novembro de 2022, publicado no DOU de 17 de novembro de 2022, resolve:</p><p>Dispensar, a pedido, a partir de 12 de janeiro de 2023, ADRIANA MARQUES BENTO ÁVALOS, CPF ***.543.837-**, da função comissionada executiva de Coordenador-Geral de Controle Interno e Integridade, código FCE 1.13, da Assessoria Especial de Controle Interno deste Ministério, e do encargo de substituta do Chefe da Assessoria Especial de Controle Interno (Processo SEI nº 01245.000324/2023-32).</p><p class="assina">LUCIANA SANTOS</p>]]></Texto>
  </body>
  <Midias />
</article></xml>