﻿<xml><article id="30093261" name="PT1NORDESTE" idOficio="9350805" pubName="DO2" artType="Portaria" pubDate="13/01/2023" artClass="00027:00051:00090:00008:00002:00001:00000:00000:00000:00000:00017:00001" artCategory="Ministério do Trabalho e Previdência/Instituto Nacional do Seguro Social/Superintendência Regional Nordeste/Coordenação de Gestão de Pessoas/Divisão de Gestão de Pessoas/Serviço de Gestão de Pessoas" artSize="12" artNotes="" numberPage="42" pdfPage="http://pesquisa.in.gov.br/imprensa/jsp/visualiza/index.jsp?data=13/01/2023&amp;jornal=529&amp;pagina=42" editionNumber="10" highlightType="" highlightPriority="" highlight="" highlightimage="" highlightimagename="" idMateria="20255513">
  <body>
    <Identifica><![CDATA[ PORTARIA SEMF/SRNE/INSS Nº 1, DE 12 DE JANEIRO DE 2023]]></Identifica>
    <Data><![CDATA[]]></Data>
    <Ementa />
    <Titulo />
    <SubTitulo />
    <Texto><![CDATA[<p></p><p class="identifica">PORTARIA SEMF/SRNE/INSS Nº 1, DE 12 DE JANEIRO DE 2023</p><p>A CHEFE DO SETOR DE GESTÃO DE PESSOAS, no uso das atribuições que lhe confere o Decreto nº 10.995, de 14 de março de 2022, artigo 273, incisos I e XIII do Regimento Interno do INSS, aprovado na forma do Anexo I da Portaria nº 1.532, de 8 de dezembro de 2022, DOU de 12/12/2022, Seção 1, pág. 113/139, art. 15 da lei 9.784 de 29 de Janeiro de 1999, Portaria SRNE/INSS nº 387, de 5 de abril de 2022, publicada no DOU nº 67, em 07/04/2022, Seção 2, bem como o contido no Processo SEI nº 35014.001875/2023-59, resolve:</p><p>Art. 1º Declarar, a contar de 4 de janeiro de 2023, a vacância do cargo efetivo de Técnico do Seguro Social, ocupado pela servidora MICHELLI JESUS DA CRUZ SANTANA, matrícula nº 1956635, CPF nº 001.727.XXX-30, Classe "B", Padrão III, do Quadro de Pessoal Permanente deste Instituto, em decorrência de posse em outro cargo inacumulável, com fundamento no art. 33, inciso VIII, da Lei nº 8.112, de 11 de dezembro de 1990.</p><p>Art. 2º Esta Portaria entra em vigor na data de sua publicação.</p><p class="assina">MONIQUE NOGUEIRA GALVÃO</p>]]></Texto>
  </body>
  <Midias />
</article></xml>