﻿<xml><article id="30093048" name="2023-01-12/9350794/SIGEPE_202554" idOficio="9350794" pubName="DO2" artType="Portaria" pubDate="13/01/2023" artClass="00018:00068:00011:00008:00000:00000:00000:00000:00000:00000:00017:00011" artCategory="Ministério da Educação/Instituto Federal de Educação, Ciência e Tecnologia do Rio Grande do Sul/Campus Restinga/Gabinete" artSize="12" artNotes="" numberPage="23" pdfPage="http://pesquisa.in.gov.br/imprensa/jsp/visualiza/index.jsp?data=13/01/2023&amp;jornal=529&amp;pagina=23" editionNumber="10" highlightType="" highlightPriority="" highlight="" highlightimage="" highlightimagename="" idMateria="20255441">
  <body>
    <Identifica><![CDATA[ Portaria GAB-RST/IFRS nº 11, de 12 de Janeiro de 2023]]></Identifica>
    <Data><![CDATA[]]></Data>
    <Ementa />
    <Titulo />
    <SubTitulo />
    <Texto><![CDATA[<p class="identifica">Portaria GAB-RST/IFRS nº 11, de 12 de Janeiro de 2023</p><p>      A DIRETORA-GERAL SUBSTITUTA DO CAMPUS RESTINGA DO INSTITUTO FEDERAL DE EDUCAÇÃO, CIÊNCIA E TECNOLOGIA DO RIO GRANDE DO SUL, no uso das atribuições quelhe são conferidas pela Portaria nº 228, de 07.10.2021, resolve:</p><p>           Art. 1º TORNAR SEM EFEITO a Portaria nº 003, de 09 de janeiro de 2023.</p><p>           Art. 2º DESIGNAR a servidora DIVANE FLORENI SOARES LEAL, Professora EBTT, matrícula SIAPE nº 1798005, para a função de Coordenadora de Desenvolvimento Institucional do Campus Restinga, Código FG-0001.</p><p>           Art. 3º Esta portaria entra em vigor nesta data.</p><p class="assina">THAIS TEIXEIRA DA SILVA</p><p class="cargo">Chefe de Gabinete</p>]]></Texto>
  </body>
  <Midias />
</article></xml>