﻿<xml><article id="30089768" name="DOU_13-01-2023 Assinatura 12-01-" idOficio="9350297" pubName="DO2" artType="Ato" pubDate="13/01/2023" artClass="00046:00001:00000:00000:00000:00000:00000:00000:00000:00000:00001:00000" artCategory="Poder Legislativo/Câmara dos Deputados" artSize="12" artNotes="" numberPage="46" pdfPage="http://pesquisa.in.gov.br/imprensa/jsp/visualiza/index.jsp?data=13/01/2023&amp;jornal=529&amp;pagina=46" editionNumber="10" highlightType="" highlightPriority="" highlight="" highlightimage="" highlightimagename="" idMateria="20254748">
  <body>
    <Identifica><![CDATA[ ATOS DO PRESIDENTE de  12 DE JANEIRO DE 2023]]></Identifica>
    <Data><![CDATA[]]></Data>
    <Ementa />
    <Titulo />
    <SubTitulo />
    <Texto><![CDATA[<p class="identifica">ATOS DO PRESIDENTE de 12 DE JANEIRO DE 2023</p><p>O PRESIDENTE DA CÂMARA DOS DEPUTADOS, no uso das atribuições que lhe confere o artigo 1º, inciso I, alínea "a" do Ato da Mesa n.º 205, de 28 de junho de 1990, resolve:</p><p>DISPENSAR, de acordo com o artigo 35, inciso I, da Lei n° 8.112, de 11 de dezembro de 1990, MAISA CRISTIANE DE SOUZA BARBOSA LÔBO, ponto nº 5583, ocupante de cargo da Categoria Funcional de Técnico Legislativo - atribuição Assistente Administrativo, Classe Especial, Padrão 10, da função comissionada de Revisor de Pronunciamento, FC-1, da Coordenação de Revisão, do Departamento de Taquigrafia Revisão e Redação, do Quadro de Pessoal da Câmara dos Deputados.</p><p>O PRESIDENTE DA CÂMARA DOS DEPUTADOS, no uso das atribuições que lhe confere o artigo 1º, inciso I, alínea "a" do Ato da Mesa n.º 205, de 28 de junho de 1990, e o artigo 6º da Lei nº 8.112, de 11 de dezembro de 1990, resolve:</p><p>DESIGNAR, na forma do artigo 13 da Resolução n.º 21, de 4 de novembro de 1992, CHRISTIANE DO RÊGO MONTEIRO FERREIRA, ponto n° 5828, ocupante de cargo da Categoria Funcional de Analista Legislativo - atribuição Taquígrafo Legislativo, Classe Especial, Padrão 10, para exercer a função comissionada de Revisor de Pronunciamento, FC-1, da Coordenação de Revisão, do Departamento de Taquigrafia Revisão e Redação, do Quadro de Pessoal da Câmara dos Deputados.</p><p class="assina">Arthur Lira</p>]]></Texto>
  </body>
  <Midias />
</article></xml>