﻿<xml><article id="30085375" name="DOU2-SE-1-PT-2-UNI-PR-SE-0000090" idOficio="9349467" pubName="DO2" artType="Portaria" pubDate="13/01/2023" artClass="00043:00010:00048:00000:00000:00000:00000:00000:00000:00000:00017:00000" artCategory="Ministério Público da União/Ministério Público Federal/Procuradoria da República no Estado de Sergipe" artSize="12" artNotes="" numberPage="45" pdfPage="http://pesquisa.in.gov.br/imprensa/jsp/visualiza/index.jsp?data=13/01/2023&amp;jornal=529&amp;pagina=45" editionNumber="10" highlightType="" highlightPriority="" highlight="" highlightimage="" highlightimagename="" idMateria="20253527">
  <body>
    <Identifica><![CDATA[ PORTARIA PRSE Nº  2, de 11 de janeiro de 2023]]></Identifica>
    <Data><![CDATA[]]></Data>
    <Ementa />
    <Titulo />
    <SubTitulo />
    <Texto><![CDATA[<p class="identifica">PORTARIA PRSE Nº 2, de 11 de janeiro de 2023</p><p>A PROCURADORA-CHEFE DA PROCURADORIA DA REPÚBLICA EM SERGIPE, no exercício das atribuições previstas pelo art. 33, VI, do Regimento Interno Administrativo do Ministério Público Federal, aprovado pela Portaria SG/MPF Nº 382, de 5 de maio de 2015, e</p><p>Considerando a solicitação contida no expediente PR-SE-00052578/2022, resolve:</p><p>Art. 1º Dispensar a servidora KAROLINE CABRAL VEIGA DA ROCHA CAVALCANTE, ocupante do cargo de Analista do MPU/Direito, matrícula nº 15942, da função de ASSISTENTE NÍVEL II, FC-2, ID-18769, do Gabinete do Procurador da República José Rômulo Silva Almeida, na Procuradoria da República em Sergipe.</p><p>Art. 2º Designar a servidora ÉRICA FABIANNE OLIVEIRA SOUZA, ocupante do cargo de Técnica do MPU/Administração, matrícula nº 23584, para exercer a referida função.</p><p>Art. 3º Esta Portaria entra em vigor na data de sua publicação.</p><p class="assina">EUNICE DANTAS CARVALHO</p>]]></Texto>
  </body>
  <Midias />
</article></xml>