﻿<xml><article id="30093366" name="Port. SubstituiAAo Evaldo de OLi" idOficio="9350837" pubName="DO2" artType="Portaria" pubDate="13/01/2023" artClass="00047:00004:00001:00000:00000:00000:00000:00000:00000:00000:00017:00000" artCategory="Poder Judiciário/Superior Tribunal de Justiça/Presidência" artSize="12" artNotes="" numberPage="49" pdfPage="http://pesquisa.in.gov.br/imprensa/jsp/visualiza/index.jsp?data=13/01/2023&amp;jornal=529&amp;pagina=49" editionNumber="10" highlightType="" highlightPriority="" highlight="" highlightimage="" highlightimagename="" idMateria="20255556">
  <body>
    <Identifica><![CDATA[ PORTARIA STJ/GP Nº 606, DE 19 DE DEZEMBRO DE 2022]]></Identifica>
    <Data><![CDATA[]]></Data>
    <Ementa />
    <Titulo />
    <SubTitulo />
    <Texto><![CDATA[<p class="identifica">PORTARIA STJ/GP Nº 606, DE 19 DE DEZEMBRO DE 2022</p><p>A PRESIDENTE DO SUPERIOR TRIBUNAL DE JUSTIÇA, usando de suas atribuições legais e considerando o disposto no art. 21-B do Regimento Interno e nas Portarias STJ/GP n. 364 de 23 de agosto de 2022 e n. 361 da mesma data, resolve:</p><p>Art. 1º Designar o Juiz Federal Evaldo de Oliveira Fernandes Filho, convocado para atuar como juiz auxiliar desta Presidência, para substituir o Secretário-Geral do Conselho da Justiça Federal no período de 9 a 27 de janeiro de 2023.</p><p>Art. 2º Esta portaria entra em vigor na data da sua publicação.</p><p class="assina">Min. MARIA THEREZA DE ASSIS MOURA</p>]]></Texto>
  </body>
  <Midias />
</article></xml>