﻿<xml><article id="30079523" name="2022-01-11 - Portaria 59 -SUGEPE" idOficio="9348686" pubName="DO2" artType="Portaria" pubDate="13/01/2023" artClass="00018:00132:00009:00000:00000:00000:00000:00000:00000:00000:00017:00001" artCategory="Ministério da Educação/Fundação Universidade Federal do ABC/Superintendência de Gestão de Pessoas" artSize="12" artNotes="" numberPage="35" pdfPage="http://pesquisa.in.gov.br/imprensa/jsp/visualiza/index.jsp?data=13/01/2023&amp;jornal=529&amp;pagina=35" editionNumber="10" highlightType="" highlightPriority="" highlight="" highlightimage="" highlightimagename="" idMateria="20252612">
  <body>
    <Identifica><![CDATA[ PORTARIA Nº 59, DE 10 DE JANEIRO DE 2023]]></Identifica>
    <Data><![CDATA[]]></Data>
    <Ementa />
    <Titulo />
    <SubTitulo />
    <Texto><![CDATA[<p class="identifica">PORTARIA Nº 59, DE 10 DE JANEIRO DE 2023</p><p>O SUPERINTENDENTE DE GESTÃO DE PESSOAS DA FUNDAÇÃO UNIVERSIDADE FEDERAL DO ABC (UFABC), nomeado pela Portaria de Pessoal da Reitoria nº 897, de 18/07/2022, publicada no Diário Oficial da União (DOU) nº 135, de 19/07/2022, considerando as competências delegadas pela Portaria da Reitoria nº 874, de 17/08/2020, publicada no DOU nº 158 de 18/08/2020, no uso das atribuições a ele conferidas, resolve:</p><p>Rescindir, a pedido, nos termos do Art. 12, II, da Lei 8.745/93, o contrato de trabalho de Professor Visitante de MATHIAS JOURDAIN DE ALENCASTRO, SIAPE 1218384, a contar de 10/01/2023.</p><p class="assina">DIOGO FRANCISCO PAULO DA ROCHA</p>]]></Texto>
  </body>
  <Midias />
</article></xml>