﻿<xml><article id="30091713" name="2022-01-12 - Portaria 70-78 - SU" idOficio="9350578" pubName="DO2" artType="Portaria" pubDate="13/01/2023" artClass="00018:00132:00009:00000:00000:00000:00000:00000:00000:00000:00017:00003" artCategory="Ministério da Educação/Fundação Universidade Federal do ABC/Superintendência de Gestão de Pessoas" artSize="12" artNotes="" numberPage="35" pdfPage="http://pesquisa.in.gov.br/imprensa/jsp/visualiza/index.jsp?data=13/01/2023&amp;jornal=529&amp;pagina=35" editionNumber="10" highlightType="" highlightPriority="" highlight="" highlightimage="" highlightimagename="" idMateria="20255150">
  <body>
    <Identifica><![CDATA[ PORTARIAS DE 12 DE JANEIRO DE 2023]]></Identifica>
    <Data><![CDATA[]]></Data>
    <Ementa />
    <Titulo />
    <SubTitulo />
    <Texto><![CDATA[<p class="identifica">PORTARIAS DE 12 DE JANEIRO DE 2023</p><p>O SUPERINTENDENTE DE GESTÃO DE PESSOAS DA FUNDAÇÃO UNIVERSIDADE FEDERAL DO ABC (UFABC), nomeado pela Portaria da Reitoria nº 897, de 18/07/2022, publicada no Diário Oficial da União (DOU) nº 135, de 19/07/2022, considerando as competências delegadas pela Portaria da Reitoria nº 874, de 17/08/2020, publicada no DOU nº 158 de 18/08/2020, no uso das atribuições a ele conferidas, resolve:</p><p>Nº 70 - Tornar pública a autorização do Senhor Reitor da UFABC para a viagem ao exterior, com ônus limitado para a UFABC, do(a) servidor(a) ANA LIGIA BARBOUR SCOTT, SIAPE 1563992, conforme PCDP nº 5/23, para participar de missão científica, em Estrasburgo (França), pelo período de 02/03/2023 a 04/06/2023, incluindo trânsito. (processo 23006.027588/2022-16)</p><p>Nº 71 - Tornar pública a autorização do Senhor Reitor da UFABC para a viagem ao exterior, com ônus limitado para a UFABC, do(a) servidor(a) CARLOS ALBERTO KAMIENSKI, SIAPE 2196309, conforme PCDP nº 6/23, para participar de Estágio Pós Doutoral, em Bologna (Itália), pelo período de 01/05/2023 a 30/04/2024, incluindo trânsito. (processo 23006.017549/2022-01)</p><p>Nº 72 - Tornar pública a autorização do Senhor Reitor da UFABC para a viagem ao exterior, com ônus limitado para a UFABC, do(a) servidor(a) LUANA SUCUPIRA PEDROZA, SIAPE 2218228, conforme PCDP nº 8/23, para participar de programa de internacionalização em conjunto com a pós-graduação em nanociências e materiais avançados, em Stony Brook - New York (Estados Unidos da América), pelo período de 01/03/2023 a 31/05/2023, incluindo trânsito. (processo 23006.027595/2022-18)</p><p>Nº 73 - Tornar pública a autorização do Senhor Reitor da UFABC para prorrogação da viagem ao exterior sem ônus para a UFABC, do(a) servidor(a) CECILIA BERTONI MARTHA HADLER CHIRENTI, SIAPE 1677691, conforme PCDP nº 15/22 e alterações, para participação de projeto de pesquisa em astrofísica no NASA Goddard Space Fight Center, em College Park - Maryland (Estados Unidos da América), pelo período de 11/03/2020 a 31/01/2024, incluindo trânsito. (Processo 23006.001369/2019-01).</p><p>Nº 74 - Tornar pública a autorização do Senhor Reitor da UFABC para a viagem ao exterior, com ônus limitado para a UFABC, do(a) servidor(a) SOLANGE WAGNER LOCATELLI, SIAPE 2312902, conforme PCDP nº 11/23, para participar de visita acadêmica e oferecimento de curso de formação de professores na Universidade de Kwazulu-Natal, em Durban (África do Sul), pelo período de 28/01/2023 a 12/02/2023, incluindo trânsito.</p><p>Nº 75 - Tornar pública a autorização do Senhor Reitor da UFABC para a viagem ao exterior, com ônus limitado para a UFABC, do(a) servidor(a) OLEXANDR ZHYDENKO, SIAPE 1768463, conforme PCDP nº 13/23, para participar de colaboração científica com pesquisadores da Universidade de Silesia em Opava, Opava (República Tcheca), pelo período de 27/02/2023 a 26/05/2023, incluindo trânsito. (processo 23006.027496/2022-28)</p><p>Nº 76 - Tornar pública a autorização da Senhora Vice-Reitora da UFABC para a viagem ao exterior, com ônus limitado para a UFABC, do(a) servidor(a) ROLDAO DA ROCHA JUNIOR, SIAPE 1574260, conforme PCDP nº 12/23, para implementação do Auxílio à Pesquisa Regular FAPESP referente ao desenvolvimento de programa de pesquisa sobre a teoria das interações fundamentais, em Boston (Estados Unidos da América), pelo período de 15/07/2023 a 11/09/2023, incluindo trânsito. (processo 23006.000493/2023-28)</p><p>Nº 78 - Tornar pública a autorização da Senhora Vice-Reitora da UFABC para a viagem ao exterior, com ônus limitado para a UFABC, do(a) servidor(a) MARIA CECILIA LEONEL GOMES DOS REIS, SIAPE 1902464, conforme PCDP nº 21/23, para participar de Pós-doc para pesquisa no CNRS, em Paris (França), pelo período de 01/09/2023 a 31/08/2024, incluindo trânsito.</p><p class="assina">DIOGO FRANCISCO PAULO DA ROCHA</p>]]></Texto>
  </body>
  <Midias />
</article></xml>