﻿<xml><article id="30093345" name="P8RF318" idOficio="9350834" pubName="DO2" artType="Portaria" pubDate="13/01/2023" artClass="00015:00045:00432:00100:00000:00000:00000:00000:00000:00000:00017:00000" artCategory="Ministério da Economia/Secretaria Especial da Receita Federal do Brasil/Subsecretaria-Geral da Receita Federal do Brasil/Superintendência Regional da Receita Federal do Brasil 8ª Região Fiscal" artSize="12" artNotes="" numberPage="18" pdfPage="http://pesquisa.in.gov.br/imprensa/jsp/visualiza/index.jsp?data=13/01/2023&amp;jornal=529&amp;pagina=18" editionNumber="10" highlightType="" highlightPriority="" highlight="" highlightimage="" highlightimagename="" idMateria="20255553">
  <body>
    <Identifica><![CDATA[ PORTARIA SRRF08 Nº 318, DE 11 DE JANEIRO DE 2023]]></Identifica>
    <Data><![CDATA[]]></Data>
    <Ementa />
    <Titulo />
    <SubTitulo />
    <Texto><![CDATA[<p class="identifica">PORTARIA SRRF08 Nº 318, DE 11 DE JANEIRO DE 2023</p><p>O SUPERINTENDENTE DA RECEITA FEDERAL DO BRASIL NA 8ª REGIÃO FISCAL, no uso das atribuições que lhe são conferidas pelos artigos 359 e 364 do Regimento Interno da Secretaria Especial da Receita Federal do Brasil, aprovado pela Portaria ME nº 284, de 27 de julho de 2020, e considerando o disposto no artigo 21, parágrafo 4º da Portaria RFB/SUCOR/COTEC nº 117, de 31 de outubro de 2022, resolve:</p><p>Art. 1º Delegar competência ao servidor Leandro Augusto Mazzei Batista, matrícula nº 01295038 e CPF nº 256.029.578-47, para atuar em seu nome nas transações de encaminhar solicitações e autorizar habilitações dos usuários no Sistema E-Fau.</p><p>Art. 2º Esta portaria entra em vigor na data de sua publicação no Diário Oficial da União e tem vigência até 31 de dezembro de 2023.</p><p class="assina">JOSÉ ROBERTO MAZARIN</p>]]></Texto>
  </body>
  <Midias />
</article></xml>