﻿<xml><article id="30083400" name="Portaria EMCFA-MD nA 82" idOficio="9349106" pubName="DO2" artType="Portaria" pubDate="13/01/2023" artClass="00013:00034:00000:00000:00000:00000:00000:00000:00000:00000:00017:00002" artCategory="Ministério da Defesa/Estado-Maior Conjunto das Forças Armadas" artSize="12" artNotes="" numberPage="9" pdfPage="http://pesquisa.in.gov.br/imprensa/jsp/visualiza/index.jsp?data=13/01/2023&amp;jornal=529&amp;pagina=9" editionNumber="10" highlightType="" highlightPriority="" highlight="" highlightimage="" highlightimagename="" idMateria="20253093">
  <body>
    <Identifica><![CDATA[ Portaria EMCFA-MD  nº  82, de 5 de janeiro de 2023]]></Identifica>
    <Data><![CDATA[]]></Data>
    <Ementa />
    <Titulo />
    <SubTitulo />
    <Texto><![CDATA[<p class="identifica">Portaria EMCFA-MD nº 82, de 5 de janeiro de 2023</p><p>O CHEFE DO GABINETE DO ESTADO-MAIOR CONJUNTO DAS FORÇAS ARMADAS, no uso da competência subdelegada pelo inciso V do art. 1º da Portaria EMCFA-MD nº 4.283, de 10 de agosto de 2022, considerando a Portaria Normativa nº 98/GM-MD, de 20 de dezembro de 2018, o Decreto nº 10.998, de 15 de março de 2022, e o Processo Administrativo nº 60081.000088/2022-52, resolve:</p><p>DISPENSAR o Cabo (FAB) JEAN CARLOS RODRIGUES da função de Especialista, código Nível II, da Chefia de Educação e Cultura do Estado-Maior Conjunto das Forças Armadas, a contar de 19 de dezembro de 2022.</p><p class="assina">Maj Brig Ar FLÁVIO LUIZ DE OLIVEIRA PINTO</p>]]></Texto>
  </body>
  <Midias />
</article></xml>