﻿<xml><article id="30092631" name="PORTARIAS DE 12 DE JANEIRO DE 20" idOficio="9350704" pubName="DO2" artType="Portaria" pubDate="13/01/2023" artClass="00018:00062:00001:00000:00000:00000:00000:00000:00000:00000:00017:00000" artCategory="Ministério da Educação/Instituto Federal de Educação, Ciência e Tecnologia do Pará/Reitoria" artSize="12" artNotes="" numberPage="22" pdfPage="http://pesquisa.in.gov.br/imprensa/jsp/visualiza/index.jsp?data=13/01/2023&amp;jornal=529&amp;pagina=22" editionNumber="10" highlightType="" highlightPriority="" highlight="" highlightimage="" highlightimagename="" idMateria="20255384">
  <body>
    <Identifica><![CDATA[ PORTARIAS DE 12 DE JANEIRO DE 2023]]></Identifica>
    <Data><![CDATA[]]></Data>
    <Ementa />
    <Titulo />
    <SubTitulo />
    <Texto><![CDATA[<p class="identifica">PORTARIAS DE 12 DE JANEIRO DE 2023</p><p>O REITOR DO INSTITUTO FEDERAL DE EDUCAÇÃO, CIÊNCIA E TECNOLOGIA DO PARÁ, reconduzido através do Decreto Presidencial de 31 de julho de 2019, publicado no D.O.U. de 1º de agosto de 2019, seção 2, página 1, no uso das atribuições que lhe conferem os art. 15 do Estatuto e art. 16 do Regimento Geral deste Instituto e considerando o disposto no processo administrativo nº 23051.022934/2022-80, resolve:</p><p>Nº 86 - Art. 1º Dispensar, a partir de 29 de dezembro de 2022, o servidor MARCELO DE SOUZA RIBEIRO, matrícula SIAPE 1822883, ocupante do cargo de Professor EBTT, da função de Coordenador do Curso de Licenciatura em Física do Campus Belém deste Instituto, código FUC-01.</p><p>Nº 87 - Art. 1º Designar o servidor JOÃO PAULO DA SILVA ALVES, matrícula SIAPE 1943199, ocupante do cargo de Professor EBTT, para exercer a função de Coordenador do Curso de Licenciatura em Física do Campus Belém deste Instituto, código FUC-01.</p><p>Art. 2º Esta portaria vigorará pelo período de 13 de janeiro de 2023 até 12 de janeiro de 2025, atendendo ao disposto no Artigo 15, § 4º da Lei Nº 8.112/90 c/c os Artigos 30 e 39 da Resolução nº 534/2021/CONSUP/IFPA, de 03/11/2021.</p><p>O REITOR DO INSTITUTO FEDERAL DE EDUCAÇÃO, CIÊNCIA E TECNOLOGIA DO PARÁ, reconduzido através do Decreto Presidencial de 31 de julho de 2019, publicado no D.O.U. de 1º de agosto de 2019, seção 2, página 1, no uso das atribuições que lhe conferem os art. 15 do Estatuto e art. 16 do Regimento Geral deste Instituto e considerando o disposto no processo administrativo nº 23051.026525/2022-26, resolve:</p><p>Nº 98 - Art. 1º PRORROGAR, pelo período de 07 de fevereiro de 2023 a 06 de fevereiro de 2024, a vigência do contrato de GLAUCO CLEBER BATISTA PINHEIRO, CPF XXX.286.952-XX, como Professor do Ensino Básico, Técnico e Tecnológico Substituto, Área de Atuação: Pedagogia/Educação do Campo, carga horária de 40 (quarenta) horas semanais, com lotação no Campus Breves deste Instituto, em decorrência de afastamento para Pós-Graduação do Professor Jeovani de Jesus Couto, matrícula SIAPE 1277285, de acordo com o disposto no inciso IX, art. 37, da Constituição Federal; inciso IV, art. 2° e inciso I, parágrafo único, art. 4º, da Lei Nº 8.745/93.</p><p>O REITOR DO INSTITUTO FEDERAL DE EDUCAÇÃO, CIÊNCIA E TECNOLOGIA DO PARÁ, reconduzido através do Decreto Presidencial de 31 de julho de 2019, publicado no D.O.U. de 1º de agosto de 2019, seção 2, página 1, no uso das atribuições que lhe conferem os art. 15 do Estatuto e art. 16 do Regimento Geral deste Instituto e considerando o disposto no processo administrativo nº 23051.026338/2022-31, resolve:</p><p>Nº 99 - Art. 1º Dispensar a pedido, a partir de 03 de janeiro de 2023, o servidor FÁBIO DA SILVA PEREIRA, matrícula SIAPE 2342229, ocupante do cargo de Tradutor e Intérprete de Linguagem de Sinais, da função de Coordenador do Núcleo de Atendimento a Pessoas com Necessidades Educacionais Especificas do Campus Marabá Industrial deste Instituto, código FG-01.</p><p class="assina">CLAUDIO ALEX JORGE DA ROCHA</p><p></p>]]></Texto>
  </body>
  <Midias />
</article></xml>