﻿<xml><article id="30089294" name="Aposentadoria ANTONIO AUGUSTO CO" idOficio="9350252" pubName="DO2" artType="Portaria" pubDate="13/01/2023" artClass="00018:00053:00000:00000:00000:00000:00000:00000:00000:00000:00017:00000" artCategory="Ministério da Educação/Instituto Federal de Educação, Ciência e Tecnologia Farroupilha" artSize="12" artNotes="" numberPage="20" pdfPage="http://pesquisa.in.gov.br/imprensa/jsp/visualiza/index.jsp?data=13/01/2023&amp;jornal=529&amp;pagina=20" editionNumber="10" highlightType="" highlightPriority="" highlight="" highlightimage="" highlightimagename="" idMateria="20254537">
  <body>
    <Identifica><![CDATA[ PORTARIA Nº 53,  DE 12 DE JANEIRO DE 2023]]></Identifica>
    <Data><![CDATA[]]></Data>
    <Ementa />
    <Titulo />
    <SubTitulo />
    <Texto><![CDATA[<p></p><p class="identifica">PORTARIA Nº 53, DE 12 DE JANEIRO DE 2023</p><p>O REITOR SUBSTITUTO DO INSTITUTO FEDERAL DE EDUCAÇÃO, CIÊNCIA E TECNOLOGIA FARROUPILHA, nomeado pela Portaria Eletrônica nº 582, de 29 de março de 2021, publicada no Diário Oficial da União de 30 de março de 2021, Seção 2, Página 20, no uso de suas atribuições legais e estatutárias, com fundamento no Art. 20 § 2º I - PEDAGIO da EC nº 103, de 13/11/2019, e nos termos do Processo nº 23238.002719/2022-11, resolve:</p><p>Art. 1º Conceder aposentadoria voluntária, a contar de 13 de janeiro de 2023, com proventos integrais, ao servidor ANTONIO AUGUSTO CORTIANA TAMBARA, ocupante do cargo de Professor do Ensino Básico, Técnico e Tecnológico, código de vaga nº 350515, matrícula SIAPE nº 1107655, Classe D, Padrão 501, do Quadro Permanente de Pessoal do Instituto Federal de Educação, Ciência e Tecnologia Farroupilha - Campus São Vicente do Sul, com fundamento no Art. 20 § 2º I - PEDAGIO da EC nº 103 de 13/11/2019. Processo Eletrônico nº 23238.002719/2022-11.</p><p>Art. 2º Declarar vago o referido cargo.</p><p class="assina">CARLOS RODRIGO LEHN</p><p></p>]]></Texto>
  </body>
  <Midias />
</article></xml>