﻿<xml><article id="30083222" name="297" idOficio="9349071" pubName="DO2" artType="Portaria" pubDate="13/01/2023" artClass="00018:00111:00017:00000:00000:00000:00000:00000:00000:00000:00017:00002" artCategory="Ministério da Educação/Universidade Federal do Rio de Janeiro/Pró-Reitoria de Pessoal" artSize="12" artNotes="" numberPage="31" pdfPage="http://pesquisa.in.gov.br/imprensa/jsp/visualiza/index.jsp?data=13/01/2023&amp;jornal=529&amp;pagina=31" editionNumber="10" highlightType="" highlightPriority="" highlight="" highlightimage="" highlightimagename="" idMateria="20253014">
  <body>
    <Identifica><![CDATA[ PORTARIA Nº 297, de 11 DE JANEIRO DE 2023]]></Identifica>
    <Data><![CDATA[]]></Data>
    <Ementa />
    <Titulo />
    <SubTitulo />
    <Texto><![CDATA[<p class="identifica">PORTARIA Nº 297, de 11 DE JANEIRO DE 2023</p><p>O Pró-Reitor de Pessoal da Universidade Federal do Rio de Janeiro, no uso da competência delegada pela Portaria nº 10.120, de 16 de dezembro de 2021, publicada no Diário Oficial da União nº 237 de 17 de dezembro de 2021 e considerando o disposto no Processo n° 23079.231423/2022-85, resolve:</p><p>Conceder pensão temporária a Daniele Faxas da Silva Rocha, companheiro(a) do(a) ex-servidor(a) Decio de Oliveira Manno, matrícula SIAPE nº 0368470, cargo Professor do Magistério Superior, Classe 6, Nível 604, com fundamento no art. 23 da Emenda Constitucional 103/2019; na Emenda Constitucional nº 41/2003, c/c o art. 2º, inciso I, da Lei nº 10.887/2004, art. 217, inciso III e art. 222, VII, alínea "b", item 5, da Lei nº 8.112/1990, conforme redação conferida pela Lei nº 13.135/2015 e pela Portaria ME Nº 424, de 29 de dezembro de 2020, observado também o art. 3º, §1º da EC 103/2019, a partir de 25/05/2022, data do requerimento, com fundamento no art. 219, inciso II, da Lei 8112/1990.</p><p class="assina">Alexandre Brasil Carvalho da Fonseca</p>]]></Texto>
  </body>
  <Midias />
</article></xml>