﻿<xml><article id="30084445" name="AFA RET_8537" idOficio="9349318" pubName="DO2" artType="Retificação" pubDate="13/01/2023" artClass="00015:00062:00000:00000:00000:00000:00000:00000:00000:00000:00024:00000" artCategory="Ministério da Economia/Banco do Brasil S.A." artSize="12" artNotes="" numberPage="18" pdfPage="http://pesquisa.in.gov.br/imprensa/jsp/visualiza/index.jsp?data=13/01/2023&amp;jornal=529&amp;pagina=18" editionNumber="10" highlightType="" highlightPriority="" highlight="" highlightimage="" highlightimagename="" idMateria="20253338">
  <body>
    <Identifica><![CDATA[ RETIFICAÇÃO]]></Identifica>
    <Data><![CDATA[]]></Data>
    <Ementa />
    <Titulo />
    <SubTitulo />
    <Texto><![CDATA[<p></p><p class="identifica">RETIFICAÇÃO</p><p>Na publicação de afastamento do País no DOU de 29 de dezembro de 2022, edição nº 245, Seção 2, página 28, de PEDRO BRAMONT, Diretor, onde se lê: "..., no período de 13 a 21 de janeiro de 2023, ...", leia-se: "..., no período de 17 a 21 de janeiro de 2023, ..."</p>]]></Texto>
  </body>
  <Midias />
</article></xml>