﻿<xml><article id="30086651" name="JANILSON LIMA SOUZA" idOficio="9349686" pubName="DO2" artType="Portaria" pubDate="13/01/2023" artClass="00018:00137:00001:00014:00000:00000:00000:00000:00000:00000:00017:00000" artCategory="Ministério da Educação/Fundação Universidade Federal do Maranhão/Gabinete da Reitoria/Pró-Reitoria de Recursos Humanos" artSize="12" artNotes="" numberPage="35" pdfPage="http://pesquisa.in.gov.br/imprensa/jsp/visualiza/index.jsp?data=13/01/2023&amp;jornal=529&amp;pagina=35" editionNumber="10" highlightType="" highlightPriority="" highlight="" highlightimage="" highlightimagename="" idMateria="20253821">
  <body>
    <Identifica><![CDATA[ PORTARIA Nº 23, de 12 de janeiro de 2023]]></Identifica>
    <Data><![CDATA[]]></Data>
    <Ementa />
    <Titulo />
    <SubTitulo />
    <Texto><![CDATA[<p class="identifica">PORTARIA Nº 23, de 12 de janeiro de 2023</p><p>O REITOR DA UNIVERSIDADE FEDERAL DO MARANHÃO, no uso de suas atribuições legais, estatutárias e regimentais; com base no artigo 7º do Decreto nº 7.485/2011, publicado no DOU de 19.05.2011, alterado pelo Decreto nº 8.259, publicado no DOU de 30.05.2014; considerando os artigos 9, 10, 13 e 20 da Lei n° 8.112/90, com redação dada pela Lei nº 9.527/1997, a Lei nº 12.772/2012, alterada pela Lei nº 12.863/2013; e em face ao contido no processo nº 23115.000412/2023-52, resolve:</p><p>Nomear, em virtude de habilitação em concurso público de provas e títulos, homologado pelo Edital PROGEP 105, publicado no DOU de 29/06/2021, JANILSON LIMA SOUZA, para ocupar o cargo de Professor do Magistério do Ensino Básico, Técnico e Tecnológico, Classe Professor DI, Nível de Vencimento 1, sob o regime de trabalho de Dedicação Exclusiva, na área de Química no código de vaga nº 0317065, junto a(o) Colégio Universitário-COLUN.</p><p>A posse ocorrerá no prazo de até 30 (trinta) dias, contados a partir da publicação desta Portaria no Diário Oficial da União.</p><p class="assina">NATALINO SALGADO FILHO</p>]]></Texto>
  </body>
  <Midias />
</article></xml>