﻿<xml><article id="30079892" name="01 - Port Recond FCC - Sergio Mu" idOficio="9348423" pubName="DO2" artType="Portaria" pubDate="13/01/2023" artClass="00018:00076:00005:00000:00000:00000:00000:00000:00000:00000:00017:00000" artCategory="Ministério da Educação/Instituto Federal de Educação, Ciência e Tecnologia do Sudeste de Minas Gerais/Campus Rio Pomba" artSize="12" artNotes="" numberPage="24" pdfPage="http://pesquisa.in.gov.br/imprensa/jsp/visualiza/index.jsp?data=13/01/2023&amp;jornal=529&amp;pagina=24" editionNumber="10" highlightType="" highlightPriority="" highlight="" highlightimage="" highlightimagename="" idMateria="20252323">
  <body>
    <Identifica><![CDATA[ Portaria campusrpB/ifMgSE nº 1,  de 10 de janeiro de 2023]]></Identifica>
    <Data><![CDATA[]]></Data>
    <Ementa />
    <Titulo />
    <SubTitulo />
    <Texto><![CDATA[<p></p><p class="identifica">Portaria campusrpB/ifMgSE nº 1, de 10 de janeiro de 2023</p><p>O Diretor-Geral do Instituto Federal de Educação, Ciência e Tecnologia do Sudeste de Minas Gerais - Campus Rio Pomba, no uso de suas atribuições legais, conferidas pela Portaria nº. 545/2021, de 17-05-21, publicada no Diário Oficial da União de 18-05-21 e Competência delegada pela Portaria nº. 19/2014 - Diário Oficial da União de 15-01-2014, resolve:</p><p>Art. 1º RECONDUZIR o servidor Sergio Muinhos Barroso Lima, matrícula SIAPE 227****, para a função de Coordenador do Curso de Ciência da Computação, código FCC, do IF Sudeste MG - Campus Rio Pomba, a partir de 22.12.2022.</p><p>Art. 2° Esta Portaria entra em vigor na data de sua publicação no Diário Oficial da União.</p><p class="assina">JOSE MANOEL MARTINS</p><p></p>]]></Texto>
  </body>
  <Midias />
</article></xml>