﻿<xml><article id="30093726" name="SUBSTITUIAAO jose adriani carlos" idOficio="9350949" pubName="DO2" artType="Ato" pubDate="13/01/2023" artClass="00047:00021:00004:00000:00000:00000:00000:00000:00000:00000:00001:00000" artCategory="Poder Judiciário/Tribunal Regional Eleitoral do Espírito Santo/Secretaria de Administração e Orçamento" artSize="12" artNotes="" numberPage="51" pdfPage="http://pesquisa.in.gov.br/imprensa/jsp/visualiza/index.jsp?data=13/01/2023&amp;jornal=529&amp;pagina=51" editionNumber="10" highlightType="" highlightPriority="" highlight="" highlightimage="" highlightimagename="" idMateria="20255681">
  <body>
    <Identifica><![CDATA[ ATO nº 9, de 12 de janeiro de 2023]]></Identifica>
    <Data><![CDATA[]]></Data>
    <Ementa />
    <Titulo />
    <SubTitulo />
    <Texto><![CDATA[<p class="identifica">ATO nº 9, de 12 de janeiro de 2023</p><p>O Desembargador José Paulo Calmon Nogueira da Gama, Presidente do Tribunal Regional Eleitoral do Espírito Santo, no uso de suas atribuições legais e regimentais, resolve:</p><p>Efetuar a designação para substituição na forma seguinte: SERVIDOR SUBSTITUTO: Carlos Alberto da Rocha Pádua Filho; SERVIDOR SUBSTITUÍDO: José Adriani Brunelli Desteffani; CARGO EM COMISSÃO: Secretário de Administração e Orçamento - CJ.03; MOTIVO DA SUBSTITUIÇÃO: Férias do titular; PERÍODO DA SUBSTITUIÇÃO: 16.01.2023 a 22.01.2023; FUNDAMENTAÇÃO LEGAL: art. 38 e parágrafos da Lei nº 8.112/90, com redação conferida pela Lei nº 9.527/97 c/c a Resolução TRE nº 146/10.</p><p class="assina">José Paulo Calmon Nogueira da Gama</p>]]></Texto>
  </body>
  <Midias />
</article></xml>