﻿<xml><article id="30082565" name="Despacho 12 01 2023" idOficio="9348899" pubName="DO2" artType="Despacho" pubDate="13/01/2023" artClass="00018:00117:00001:00000:00000:00000:00000:00000:00000:00000:00013:00004" artCategory="Ministério da Educação/Universidade Federal de Santa Catarina/Gabinete do Reitor" artSize="12" artNotes="" numberPage="33" pdfPage="http://pesquisa.in.gov.br/imprensa/jsp/visualiza/index.jsp?data=13/01/2023&amp;jornal=529&amp;pagina=33" editionNumber="10" highlightType="" highlightPriority="" highlight="" highlightimage="" highlightimagename="" idMateria="20252841">
  <body>
    <Identifica><![CDATA[ Despacho de 12 de janeiro de 2023]]></Identifica>
    <Data><![CDATA[]]></Data>
    <Ementa />
    <Titulo />
    <SubTitulo />
    <Texto><![CDATA[<p class="identifica">Despacho de 12 de janeiro de 2023</p><p>A Reitora em exercício da Universidade Federal de Santa Catarina, no uso de suas atribuições legais e estatutárias, AUTORIZA o afastamento do país de:</p><p>GRAZIELE ALANO GESSER, SIAPE 2940170, ocupante do cargo de Administrador, lotada no Departamento de Gestão Patrimonial - DGP/PROAD, para participação no Congresso XXI Colóquio Internacional De Gestão Universitária - CIG - em Loja Equador, pelo período de 16/01/2023 a 23/01/2023, com ônus UFSC (processo 23080.001096/2023-81).</p><p class="assina">DILCEANE CARRARO</p>]]></Texto>
  </body>
  <Midias />
</article></xml>