﻿<xml><article id="30085690" name="Portaria 53.2023 Rommel__GFU9Y7" idOficio="9349510" pubName="DO2" artType="Portaria" pubDate="13/01/2023" artClass="00018:00050:00000:00000:00000:00000:00000:00000:00000:00000:00017:00002" artCategory="Ministério da Educação/Instituto Federal de Educação, Ciência e Tecnologia Catarinense" artSize="12" artNotes="" numberPage="20" pdfPage="http://pesquisa.in.gov.br/imprensa/jsp/visualiza/index.jsp?data=13/01/2023&amp;jornal=529&amp;pagina=20" editionNumber="10" highlightType="" highlightPriority="" highlight="" highlightimage="" highlightimagename="" idMateria="20253580">
  <body>
    <Identifica><![CDATA[ PORTARIA nº  53,  de 12 de janeiro de 2023]]></Identifica>
    <Data><![CDATA[]]></Data>
    <Ementa />
    <Titulo />
    <SubTitulo />
    <Texto><![CDATA[<p class="identifica">PORTARIA nº 53, de 12 de janeiro de 2023</p><p>O REITOR SUBSTITUTO DO INSTITUTO FEDERAL CATARINENSE, no uso da competência que lhe foi subdelegada pela Portaria nº 1003/2022, de 31/05/2022, publicada no Diário Oficial da União em 01/06/2022, pág. 34, seção 2, considerando o que consta no Processo nº 23348.000176/2023-31, resolve:</p><p>Art. 1º DISPENSAR o servidor ROMMEL SOUZA DA SILVA, ocupante do cargo de Engenheiro Civil, Matrícula Siape nº ****261, como titular da função gratificada de Coordenador de Fiscalização de Obras, cód.FG-01.</p><p>Art. 2º Esta portaria entra em vigor na data de sua publicação.</p><p class="assina">LUCAS SPILLERE BARCHINSKI</p><p class="cargo">Em Exercício</p>]]></Texto>
  </body>
  <Midias />
</article></xml>