﻿<xml><article id="30093609" name="PORTARIA NA 13 - Designar ROBERT" idOficio="9350934" pubName="DO2" artType="Portaria" pubDate="13/01/2023" artClass="00028:00001:00000:00000:00000:00000:00000:00000:00000:00000:00013:00002" artCategory="Ministério do Turismo/Gabinete do Ministro" artSize="12" artNotes="" numberPage="43" pdfPage="http://pesquisa.in.gov.br/imprensa/jsp/visualiza/index.jsp?data=13/01/2023&amp;jornal=529&amp;pagina=43" editionNumber="10" highlightType="" highlightPriority="" highlight="" highlightimage="" highlightimagename="" idMateria="20255683">
  <body>
    <Identifica><![CDATA[ PORTARIA DE PESSOAL MTUR Nº 13, DE 12 DE JANEIRO DE 2023]]></Identifica>
    <Data><![CDATA[]]></Data>
    <Ementa />
    <Titulo />
    <SubTitulo />
    <Texto><![CDATA[<p class="identifica">PORTARIA DE PESSOAL MTUR Nº 13, DE 12 DE JANEIRO DE 2023</p><p>A MINISTRA DE ESTADO DO TURISMO, no uso de suas atribuições e tendo em vista o disposto no art. 38 da Lei nº 8.112, de 11 de dezembro de 1990, no Decreto nº 11.267, de 29 de novembro de 2022, e no inciso II, do §1º do art. 3º da Portaria Mtur nº 60, de 30 de dezembro de 2022, resolve:</p><p>DESIGNAR ROBERTO DE SOUSA SILVA, matrícula SIAPE nº 1810504, para exercer o encargo de substituto eventual do cargo de Secretário Nacional do Audiovisual, código CCE 1.17, da Secretaria Especial de Cultura deste Ministério, no período de 12 a 23 de janeiro de 2023.</p><p class="assina">DANIELA CARNEIRO</p>]]></Texto>
  </body>
  <Midias />
</article></xml>