﻿<xml><article id="30090431" name="Vacancia_12_01_23_progep" idOficio="9350420" pubName="DO2" artType="Portaria" pubDate="13/01/2023" artClass="00018:00089:00043:00000:00000:00000:00000:00000:00000:00000:00017:00001" artCategory="Ministério da Educação/Universidade Federal do Ceará/Pró-Reitoria de Gestão de Pessoas" artSize="12" artNotes="" numberPage="27" pdfPage="http://pesquisa.in.gov.br/imprensa/jsp/visualiza/index.jsp?data=13/01/2023&amp;jornal=529&amp;pagina=27" editionNumber="10" highlightType="" highlightPriority="" highlight="" highlightimage="" highlightimagename="" idMateria="20254924">
  <body>
    <Identifica><![CDATA[ PORTARIA Nº  237,  DE 11 DE JANEIRO DE 2023]]></Identifica>
    <Data><![CDATA[]]></Data>
    <Ementa />
    <Titulo />
    <SubTitulo />
    <Texto><![CDATA[<p class="identifica">PORTARIA Nº 237, DE 11 DE JANEIRO DE 2023</p><p>O Pro - Reitor de Gestão de Pessoas da Universidade Federal do Ceará, no uso de suas atribuições legais e estatutárias, conforme disposto na Portaria nº 1831 de 12.05.2017 do senhor Reitor, resolve:</p><p>Declarar Vago, o cargo de Tecnico de Laboratorio Area, Código de Vaga nº 0255520, do quadro de pessoal desta Universidade, ocupado pelo servidor JOSE MAURICIO LIMA BARRETO, SIAPE nº 1851871, lotado(a) no(a) Divisão de Obras, em virtude de exoneração, de acordo com art. 33, Inciso I, da Lei 8.112/90, a pedido, a partir de 09 de janeiro de 2023 (Processo nº 23067.000299/2023-28).</p><p class="assina">Marcus Vinicius Veras Machado</p><p></p>]]></Texto>
  </body>
  <Midias />
</article></xml>