﻿<xml><article id="30086405" name="ATO Portaria Diretoria-Geral 2" idOficio="9349670" pubName="DO2" artType="Portaria" pubDate="13/01/2023" artClass="00047:00020:00002:00000:00000:00000:00000:00000:00000:00000:00017:00000" artCategory="Poder Judiciário/Tribunal Regional Eleitoral do Distrito Federal/Diretoria-Geral" artSize="12" artNotes="" numberPage="51" pdfPage="http://pesquisa.in.gov.br/imprensa/jsp/visualiza/index.jsp?data=13/01/2023&amp;jornal=529&amp;pagina=51" editionNumber="10" highlightType="" highlightPriority="" highlight="" highlightimage="" highlightimagename="" idMateria="20253780">
  <body>
    <Identifica><![CDATA[ Portaria Nº 2, DE 10 DE JANEIRO DE 2023]]></Identifica>
    <Data><![CDATA[]]></Data>
    <Ementa />
    <Titulo />
    <SubTitulo />
    <Texto><![CDATA[<p class="identifica">Portaria Nº 2, DE 10 DE JANEIRO DE 2023</p><p>A DIRETORA-GERAL SUBSTITUTA DO TRIBUNAL REGIONAL ELEITORAL DO DISTRITO FEDERAL, no uso de suas atribuições legais, tendo em vista a delegação de competência constante do inciso XXVIII do art. 31 da Resolução TRE-DF nº 7.881/2021, de acordo com a Portaria Presidência Nº 84/2021 e o teor do Processo Administrativo nº 0012193-27.2022.6.07.8100, resolve:</p><p>Art. 1º Designar para substituir o titular da função comissionada de Chefe da Seção de Apoio ao Usuário da Coordenadoria de Infraestrutura da Secretaria de Tecnologia da Informação e Comunicação, código FC-6, nos seus afastamentos e impedimentos legais ou regulamentares:</p><p>I - JOAO PEDRO KOERICH, Técnico Judiciário, Área Administrativa, do Quadro de Pessoal Permanente deste Tribunal, como 1º substituto.</p><p>Art. 2º Revogar a Portaria Diretoria-Geral Nº 147, de 05/12/2022, publicada no DOU de 02/01/2022.</p><p class="assina">Lúcia Carvalho Bitar Yung-Tay</p>]]></Texto>
  </body>
  <Midias />
</article></xml>