﻿<xml><article id="30089044" name="Portaria-43-2023" idOficio="9350183" pubName="DO2" artType="Portaria" pubDate="13/01/2023" artClass="00047:00045:00001:00000:00000:00000:00000:00000:00000:00000:00017:00005" artCategory="Poder Judiciário/Tribunal Regional do Trabalho da 4ª Região/Presidência/Diretoria-Geral de Coordenação Administrativa" artSize="12" artNotes="" numberPage="54" pdfPage="http://pesquisa.in.gov.br/imprensa/jsp/visualiza/index.jsp?data=13/01/2023&amp;jornal=529&amp;pagina=54" editionNumber="10" highlightType="" highlightPriority="" highlight="" highlightimage="" highlightimagename="" idMateria="20254491">
  <body>
    <Identifica><![CDATA[ PORTARIA nº 43, de 11 de janeiro de 2023]]></Identifica>
    <Data><![CDATA[]]></Data>
    <Ementa />
    <Titulo />
    <SubTitulo />
    <Texto><![CDATA[<p class="identifica">PORTARIA nº 43, de 11 de janeiro de 2023</p><p>O VICE-PRESIDENTE DO TRIBUNAL REGIONAL DO TRABALHO DA 4ª REGIÃO, no exercício da Presidência, no uso de suas atribuições, e considerando o que consta no PA nº 121/2023, resolve:</p><p>DESIGNAR o servidor EDERSON DESCOVI FARIAS (96750), ocupante do cargo de Técnico Judiciário, Área Administrativa, para exercer, em substituição, o cargo em comissão de COORDENADOR-CJ1, da Coordenadoria de Controle da Direção do Foro de Cachoeirinha, no período de 09-01-2023 a 27-01-2023, no impedimento legal do titular.</p><p class="assina">RICARDO HOFMEISTER DE ALMEIDA MARTINS COSTA</p>]]></Texto>
  </body>
  <Midias />
</article></xml>