﻿<xml><article id="30079748" name="Portaria 34 (DOU 13.01)" idOficio="9348412" pubName="DO2" artType="Portaria" pubDate="13/01/2023" artClass="00018:00114:00000:00000:00000:00000:00000:00000:00000:00000:00017:00000" artCategory="Ministério da Educação/Universidade Federal Rural de Pernambuco" artSize="12" artNotes="" numberPage="32" pdfPage="http://pesquisa.in.gov.br/imprensa/jsp/visualiza/index.jsp?data=13/01/2023&amp;jornal=529&amp;pagina=32" editionNumber="10" highlightType="" highlightPriority="" highlight="" highlightimage="" highlightimagename="" idMateria="20252272">
  <body>
    <Identifica><![CDATA[ PORTARIA  Nº 34, DE 11 DE JANEIRO DE 2023]]></Identifica>
    <Data><![CDATA[]]></Data>
    <Ementa />
    <Titulo />
    <SubTitulo />
    <Texto><![CDATA[<p class="identifica">PORTARIA Nº 34, DE 11 DE JANEIRO DE 2023</p><p>O VICE-REITOR DA UNIVERSIDADE FEDERAL RURAL DE PERNAMBUCO, nomeado pela Portaria GR/UFRPE nº 408/2020, de 13 de maio de 2020, publicada no Diário Oficial da União em 14 de maio de 2020, no uso de suas atribuições legais e estatutárias, resolve:</p><p>Art. 1º RETIFICAR a Portaria GR/UFRPE nº 32/2023, de 10/01/2023, publicada Diário Oficial da União de 11/01/2023, Seção 2, página 24, que designou o(a) servidor(a) MARCELO JOSÉ SANTOS DA SILVA, Matrícula SIAPE nº 2608012, para exercer a Função (FG-01) de Coordenador(a) da Coordenadoria de Serviços Computacionais da Secretaria de Tecnologias Digitais - CSC.DSC, nos termos a seguir, permanecendo os demais termos inalterados: (Processo UFRPE nº 23082.000135/2023-11)</p><p>Onde se lê:</p><p>[...] Processo UFRPE nº 23082.035198/2022-07</p><p>Leia-se:</p><p>[...] Processo UFRPE nº 23082.000135/2023-11</p><p class="assina">GABRIEL RIVAS DE MELO</p>]]></Texto>
  </body>
  <Midias />
</article></xml>