﻿<xml><article id="30082580" name="PORTARIA NA 11 DE 11 DE JANEIRO " idOficio="9348913" pubName="DO2" artType="Portaria" pubDate="13/01/2023" artClass="00018:00090:00000:00000:00000:00000:00000:00000:00000:00000:00017:00011" artCategory="Ministério da Educação/Universidade Federal do Delta do Parnaíba" artSize="12" artNotes="" numberPage="28" pdfPage="http://pesquisa.in.gov.br/imprensa/jsp/visualiza/index.jsp?data=13/01/2023&amp;jornal=529&amp;pagina=28" editionNumber="10" highlightType="" highlightPriority="" highlight="" highlightimage="" highlightimagename="" idMateria="20252780">
  <body>
    <Identifica><![CDATA[ PORTARIA Nº 11, DE 11 DE JANEIRO DE 2023]]></Identifica>
    <Data><![CDATA[]]></Data>
    <Ementa />
    <Titulo />
    <SubTitulo />
    <Texto><![CDATA[<p class="identifica">PORTARIA Nº 11, DE 11 DE JANEIRO DE 2023</p><p>O REITOR DA UNIVERSIDADE FEDERAL DO DELTA DO PARNAÍBA - UFDPar, nomeado pela Portaria nº 2.120, de 10 de dezembro de 2019, do Ministério da Educação - MEC, no uso de suas atribuições legais, considerando o processo nº 23855.006810/2022-50, resolve:</p><p>Art. 1° Designar a servidora LUANA GABRIELLE DE FRANÇA FERREIRA, SIAPE nº 1810549, para exercer a Função Gratificada, FG-01, de Chefe da Divisão de Promoção de Segurança no Trabalho e Riscos Ambientais, da Pró-Reitoria de Gestão de Pessoas, da Universidade Federal do Delta do Parnaíba, a partir de 12 de janeiro de 2023.</p><p>Art. 2º Esta Portaria entra em vigor na data de sua publicação.</p><p class="assina">Alexandro Marinho Oliveira</p><p></p>]]></Texto>
  </body>
  <Midias />
</article></xml>