﻿<xml><article id="30084730" name="Edital nA 003_2023_PROGEP - Susp" idOficio="9349366" pubName="DO2" artType="Edital" pubDate="13/01/2023" artClass="00099:00018:00091:00019:00000:00000:00000:00000:00000:00000:00000:00015:00000" artCategory="Editais e Avisos/Ministério da Educação" artSize="12" artNotes="" numberPage="57" pdfPage="http://pesquisa.in.gov.br/imprensa/jsp/visualiza/index.jsp?data=13/01/2023&amp;jornal=529&amp;pagina=57" editionNumber="10" highlightType="" highlightPriority="" highlight="" highlightimage="" highlightimagename="" idMateria="20253412">
  <body>
    <Identifica><![CDATA[ EDITAL Nº 3, DE 12 DE JANEIRO DE 2023]]></Identifica>
    <Data><![CDATA[]]></Data>
    <Ementa />
    <Titulo />
    <SubTitulo />
    <Texto><![CDATA[<p class="identifica">EDITAL Nº 3, DE 12 DE JANEIRO DE 2023</p><p>A Pró-Reitora de Gestão de Pessoas da Universidade Federal do Espírito Santo, em conformidade com as disposições estabelecidas pelo Decreto nº 7.862, de 08 de dezembro de 2012, pela Portaria do ME nº 244, de 15/06/2020, pelas Instruções Normativas SGP/SEDGG/ME nº 45, de 15/06/2020 e nº 63, de 29/06/2021, e tendo em vista o que consta nos Processos digitais do quadro abaixo, resolve:</p><p>1. Tornar pública a relação de aposentados e pensionista que terão o pagamento do provento/pensão suspenso por motivo de não atendimento à convocação e respectiva notificação para realizar a prova de vida anual:</p><p /><p></p><table><tr /><tr><td rowspan="1" colspan="1"><p>NOME</p></td><td rowspan="1" colspan="1"><p>SIAPE</p></td><td rowspan="1" colspan="1"><p>PROCESSO</p></td></tr><tr><td rowspan="1" colspan="1"><p>ZULEIDA MENDES</p></td><td rowspan="1" colspan="1"><p>296840</p></td><td rowspan="1" colspan="1"><p>23068.001085/2023-69</p></td></tr><tr><td rowspan="1" colspan="1"><p>MARIA DAS GRAÇAS PICCOLO ZUANY</p></td><td rowspan="1" colspan="1"><p>295694</p></td><td rowspan="1" colspan="1"><p>23068.001096/2023-49</p></td></tr><tr><td rowspan="1" colspan="1"><p>MARIA DE FATIMA RANGER</p></td><td rowspan="1" colspan="1"><p>290165</p></td><td rowspan="1" colspan="1"><p>23068.001102/2023-68</p></td></tr><tr><td rowspan="1" colspan="1"><p>SERAPHINA LOSS FRANZINI ZANOTTI</p></td><td rowspan="1" colspan="1"><p>295422</p></td><td rowspan="1" colspan="1"><p>23068.001114/2023-92</p></td></tr><tr><td rowspan="1" colspan="1"><p>SUZANA MARIA VILLAÇA SOARES</p></td><td rowspan="1" colspan="1"><p>6309712</p></td><td rowspan="1" colspan="1"><p>23068.1116/2023-81</p></td></tr></table><p>2. A suspensão do pagamento será efetivada na folha de pagamento do mês de JANEIRO/2023.</p><p>3. O restabelecimento do pagamento fica condicionado à realização da prova de vida, mediante comparecimento pessoal do interessado em qualquer agência do seu banco de recebimento de proventos/pensão ou na Seção de Atendimento e Recadastramento desta Pró-Reitoria, localizada no prédio da Reitoria, 1º andar, na Av. Fernando Ferrari, nº 514, Goiabeiras, Vitória-ES, portando documento de identidade oficial e CPF nos termos do Art. 4º, da IN SGP/SEDGG/ME n. 45 de 15/06/20 ou ainda mediante o aplicativo móvel nos termos do Art. 4º, III da IN n. 45 SGP/SEDGG/ME de 15/06/20.</p><p>4. O crédito do pagamento restabelecido será efetivado na primeira folha de pagamento disponível para inclusão.</p><p>5. Na hipótese de moléstia grave ou de impossibilidade de locomoção do aposentado ou do pensionista deverá ser solicitado o agendamento de visita técnica, pelo telefone (27) 4009-2974 e/ou 3145-5311 ou pelo e-mail sare.progep@ufes.br, para comprovação de vida do titular do benefício, ficando o pagamento restabelecido provisoriamente até que seja realizada a visita.</p><p class="assina">ARIANA LIRIO PANDINI FONSECA</p><p></p>]]></Texto>
  </body>
  <Midias />
</article></xml>