﻿<xml><article id="30079736" name="Port. FCC - 55" idOficio="9341875" pubName="DO2" artType="Portaria" pubDate="13/01/2023" artClass="00018:00100:00017:00000:00000:00000:00000:00000:00000:00000:00017:00000" artCategory="Ministério da Educação/Universidade Federal de Minas Gerais/Pró-Reitoria de Recursos Humanos" artSize="12" artNotes="" numberPage="30" pdfPage="http://pesquisa.in.gov.br/imprensa/jsp/visualiza/index.jsp?data=13/01/2023&amp;jornal=529&amp;pagina=30" editionNumber="10" highlightType="" highlightPriority="" highlight="" highlightimage="" highlightimagename="" idMateria="20242990">
  <body>
    <Identifica><![CDATA[ PORTARIA Nº 55, DE 3 DE JANEIRO DE 2023]]></Identifica>
    <Data><![CDATA[]]></Data>
    <Ementa />
    <Titulo />
    <SubTitulo />
    <Texto><![CDATA[<p class="identifica">PORTARIA Nº 55, DE 3 DE JANEIRO DE 2023</p><p>A Pró-Reitora de Recursos Humanos da Universidade Federal de Minas Gerais, no uso da atribuição que lhe confere a Portaria de Delegação de Competências nº 3258, de 03/05/2022, da Magnífica Reitora, e considerando o teor do processo nº 23072.274139/2022-63, resolve:</p><p>Designar a servidora Raquel Oliveira Santos Teixeira, matrícula SIAPE nº 2659180, ocupante do cargo efetivo de Professor do Magistério Superior, para exercer a Função Comissionada de Coordenação de Curso - FCC, do Colegiado de Graduação em Ciências Socioambientais, da Faculdade de Filosofia e Ciências Humanas, com mandato de 2 (dois) anos, a partir da data de publicação desta Portaria no Diário Oficial da União.</p><p class="assina">MARIA MÁRCIA MAGELA MACHADO</p>]]></Texto>
  </body>
  <Midias />
</article></xml>