﻿<xml><article id="30091474" name="PORTARIA GPR 39" idOficio="9350590" pubName="DO2" artType="Portaria" pubDate="13/01/2023" artClass="00047:00041:00002:00000:00000:00000:00000:00000:00000:00000:00017:00039" artCategory="Poder Judiciário/Tribunal de Justiça do Distrito Federal e dos Territórios/Presidência" artSize="12" artNotes="" numberPage="52" pdfPage="http://pesquisa.in.gov.br/imprensa/jsp/visualiza/index.jsp?data=13/01/2023&amp;jornal=529&amp;pagina=52" editionNumber="10" highlightType="" highlightPriority="" highlight="" highlightimage="" highlightimagename="" idMateria="20255126">
  <body>
    <Identifica><![CDATA[ PORTARIA GPR Nº 39, DE 6 DE JANEIRO DE 2023]]></Identifica>
    <Data><![CDATA[]]></Data>
    <Ementa />
    <Titulo />
    <SubTitulo />
    <Texto><![CDATA[<p class="identifica">PORTARIA GPR Nº 39, DE 6 DE JANEIRO DE 2023</p><p>O PRESIDENTE DO TRIBUNAL DE JUSTIÇA DO DISTRITO FEDERAL E DOS TERRITÓRIOS, no uso de sua competência legal e tendo em vista o contido no PA Nº 1000248/2023, resolve:</p><p>Art. 1º Designar SÁVIO CHAVES CARDOSO DA SILVA, matrícula N. 319.769, Técnico Judiciário, Área Apoio Especializado, Especialidade Programação de Sistemas, do Quadro de Pessoal deste Tribunal, para substituir o titular da Função Comissionada, FC-05, de Supervisor Núcleo de Produtos de Software III, nos seus impedimentos legais e eventuais, ficando dispensado EMERSON LUIZ VENERATO BANDEIRA, matrícula N. 319.227, Técnico Judiciário, Área Apoio Especializado, Especialidade Programação de Sistemas, do Quadro de Pessoal deste Tribunal.</p><p>Art. 2º Esta Portaria entra em vigor na data de sua publicação.</p><p class="assina">Des. CRUZ MACEDO</p>]]></Texto>
  </body>
  <Midias />
</article></xml>