﻿<xml><article id="30082901" name="PORTARIA NA 5 DE 11-01-2023" idOficio="9348990" pubName="DO2" artType="Portaria" pubDate="13/01/2023" artClass="00014:00046:00014:00000:00000:00000:00000:00000:00000:00000:00017:00005" artCategory="Ministério do Desenvolvimento Regional/Superintendência do Desenvolvimento do Nordeste/Gabinete" artSize="12" artNotes="" numberPage="12" pdfPage="http://pesquisa.in.gov.br/imprensa/jsp/visualiza/index.jsp?data=13/01/2023&amp;jornal=529&amp;pagina=12" editionNumber="10" highlightType="" highlightPriority="" highlight="" highlightimage="" highlightimagename="" idMateria="20252892">
  <body>
    <Identifica><![CDATA[ PORTARIA  Nº 5, DE 11 DE JANEIRO DE 2023]]></Identifica>
    <Data><![CDATA[]]></Data>
    <Ementa />
    <Titulo />
    <SubTitulo />
    <Texto><![CDATA[<p></p><p class="identifica">PORTARIA Nº 5, DE 11 DE JANEIRO DE 2023</p><p>O SUPERINTENDENTE DA SUPERINTENDÊNCIA DO DESENVOLVIMENTO DO NORDESTE - SUDENE, no uso das atribuições que lhe confere o art. 16 do inciso IV do anexo I ao Decreto nº 11.056, de 29 de abril de 2022, publicado no D.O.U. Edição 81, Seção 01, de 02 de maio de 2022 e considerando o constante nos autos do Processo 59336.003037/2021-83, resolve:</p><p>Art. 1º Designar os servidores FLÁVIA ALVES TORRES, matrícula SIAPE nº 2097943, ocupante do cargo efetivo de Técnico em Secretariado, ANTÔNIO FÉLIX ARAÚJO FILHO, matrícula SIAPE nº 676300, ocupante do cargo efetivo de Agente Administrativo, e CARMEN LÚCIA COUTO FONSECA, matrícula SIAPE nº 676628, ocupante do cargo efetivo de Administradora, sob a presidência do primeiro, para constituir uma Comissão de Procedimento Administrativo Disciplinar, com o objetivo de melhor elucidar os fatos e obter uma manifestação clara.</p><p>Art. 2º Esta Portaria entra em vigor na data de sua publicação no DOU.</p><p class="assina">General MARCO CÉSAR DE MORAES</p><p class="cargo">Substituto</p>]]></Texto>
  </body>
  <Midias />
</article></xml>