﻿<xml><article id="30089393" name="PORTARIA REI_IFTO NA 26_2023 DE " idOficio="9350261" pubName="DO2" artType="Portaria" pubDate="13/01/2023" artClass="00018:00079:00001:00000:00000:00000:00000:00000:00000:00000:00017:00000" artCategory="Ministério da Educação/Instituto Federal de Educação, Ciência e Tecnologia do Tocantins/Reitoria" artSize="12" artNotes="" numberPage="24" pdfPage="http://pesquisa.in.gov.br/imprensa/jsp/visualiza/index.jsp?data=13/01/2023&amp;jornal=529&amp;pagina=24" editionNumber="10" highlightType="" highlightPriority="" highlight="" highlightimage="" highlightimagename="" idMateria="20254587">
  <body>
    <Identifica><![CDATA[ PORTARIA REI/IFTO Nº 26, DE 12 DE JANEIRO DE 2023]]></Identifica>
    <Data><![CDATA[]]></Data>
    <Ementa />
    <Titulo />
    <SubTitulo />
    <Texto><![CDATA[<p class="identifica">PORTARIA REI/IFTO Nº 26, DE 12 DE JANEIRO DE 2023</p><p>A REITORA EM SUBSTITUIÇÃO DO INSTITUTO FEDERAL DE EDUCAÇÃO, CIÊNCIA E TECNOLOGIA DO TOCANTINS, nomeada pela Portaria REI/IFTO nº 1656/2022, de 13 de dezembro de 2022, publicada no Diário Oficial da União de 15 de dezembro de 2022, seção 2, no uso de suas atribuições legais e regimentais, resolve:</p><p>Art. 1º Dispensar a servidora Maristela Tavares Gonçalves, matrícula Siape nº 1956651, ocupante do cargo de técnico de laboratório, da função de secretária de Gabinete, código FG-2, do Campus Araguatins, do Instituto Federal de Educação, Ciência e Tecnologia do Tocantins.</p><p>Art. 2º Esta Portaria entra em vigor no dia 12 de janeiro de 2023.</p><p>Art. 3º Encaminhe-se à Diretoria de Gestão de Pessoas para providências.</p><p class="assina">NELMA BARBOSA DA SILVA</p><p></p>]]></Texto>
  </body>
  <Midias />
</article></xml>