﻿<xml><article id="30087709" name="Port-39-2023-DPM-ReversaodeOfici" idOficio="9349897" pubName="DO2" artType="Portaria" pubDate="13/01/2023" artClass="00013:00012:00027:00008:00000:00000:00000:00000:00000:00000:00017:00001" artCategory="Ministério da Defesa/Comando da Marinha/Diretoria-Geral do Pessoal/Diretoria do Pessoal Militar" artSize="12" artNotes="" numberPage="9" pdfPage="http://pesquisa.in.gov.br/imprensa/jsp/visualiza/index.jsp?data=13/01/2023&amp;jornal=529&amp;pagina=9" editionNumber="10" highlightType="" highlightPriority="" highlight="" highlightimage="" highlightimagename="" idMateria="20254142">
  <body>
    <Identifica><![CDATA[ PORTARIA Nº 39/DPM, DE 12 DE JANEIRO DE 2023]]></Identifica>
    <Data><![CDATA[]]></Data>
    <Ementa />
    <Titulo />
    <SubTitulo />
    <Texto><![CDATA[<p class="identifica">PORTARIA Nº 39/DPM, DE 12 DE JANEIRO DE 2023</p><p>O DIRETOR DO PESSOAL DA MARINHA, no uso da subdelegação de competência que lhe confere o contido na alínea c, inciso V, art. 1º, anexo B, da Portaria nº 35/2022, da DGPM e nos termos do disposto no art. 86 da Lei nº 6.880/1980, resolve:</p><p>Art. 1º Reverter ao respectivo Corpo e Quadro, a partir de 06DEZ2022, o CF (Md) 04.0459.04 HIRO DE LIMA BRANDÃO MURAKAMI, por ter sido considerado apto para o Serviço Ativo da Marinha.</p><p>Art. 2º Reverter ao respectivo Corpo e Quadro, a partir de 08DEZ2022, o CT 09.0243.79 LUCAS MARQUES SERRÃO, por ter sido considerado apto para o Serviço Ativo da Marinha.</p><p>Art. 3º Retroagir, para efeitos administrativos, conforme descrito nos artigos anteriores.</p><p>Art. 4º Esta Portaria entra em vigor na presente data.</p><p class="assina">V. Alte HENRIQUE RENATO BAPTISTA DE SOUZA</p><p></p>]]></Texto>
  </body>
  <Midias />
</article></xml>