﻿<xml><article id="30089168" name="DOU2-SP-1-PT-11-UNI-PR-SP-000030" idOficio="9350204" pubName="DO2" artType="Portaria" pubDate="13/01/2023" artClass="00043:00010:00047:00000:00000:00000:00000:00000:00000:00000:00017:00011" artCategory="Ministério Público da União/Ministério Público Federal/Procuradoria da República no Estado de São Paulo" artSize="12" artNotes="" numberPage="45" pdfPage="http://pesquisa.in.gov.br/imprensa/jsp/visualiza/index.jsp?data=13/01/2023&amp;jornal=529&amp;pagina=45" editionNumber="10" highlightType="" highlightPriority="" highlight="" highlightimage="" highlightimagename="" idMateria="20254527">
  <body>
    <Identifica><![CDATA[ PORTARIA Nº 11, DE 11 DE JANEIRO DE 2023]]></Identifica>
    <Data><![CDATA[]]></Data>
    <Ementa />
    <Titulo />
    <SubTitulo />
    <Texto><![CDATA[<p class="identifica">PORTARIA Nº 11, DE 11 DE JANEIRO DE 2023</p><p>O PROCURADOR-CHEFE DA PROCURADORIA DA REPÚBLICA NO ESTADO DE SÃO PAULO, no uso de suas atribuições previstas no inciso II, artigo 50 da Lei Complementar nº 75, de 20 de maio de 1993, e no Regimento Interno Administrativo do MPF, aprovado pela Portaria n.º SG/MPF n.º 382, de 05 de maio de 2015, resolve:</p><p>Dispensar, a partir de 09/01/2023, o servidor RICARDO AUGUSTO DA SILVA TOMÁS, Matrícula nº 31259, ocupante do cargo de Técnico do MPU/Administração, da Função de chefe do Setor Administrativo, FC-1, da Procuradoria da República no Município de Itapeva.</p><p class="assina">MARCOS ANGELO GRIMONE</p>]]></Texto>
  </body>
  <Midias />
</article></xml>