﻿<xml><article id="30079673" name="Portarias de Pessoal 11.01.23 - " idOficio="9348561" pubName="DO2" artType="Portaria" pubDate="13/01/2023" artClass="00018:00064:00004:00000:00000:00000:00000:00000:00000:00000:00017:00000" artCategory="Ministério da Educação/Instituto Federal de Educação, Ciência e Tecnologia do Paraná/Gabinete" artSize="12" artNotes="" numberPage="22" pdfPage="http://pesquisa.in.gov.br/imprensa/jsp/visualiza/index.jsp?data=13/01/2023&amp;jornal=529&amp;pagina=22" editionNumber="10" highlightType="" highlightPriority="" highlight="" highlightimage="" highlightimagename="" idMateria="20252466">
  <body>
    <Identifica><![CDATA[ PORTARIA DE PESSOAL DEAC/GR/IFPR Nº 30, DE 11 DE JANEIRO DE 2023]]></Identifica>
    <Data><![CDATA[]]></Data>
    <Ementa />
    <Titulo />
    <SubTitulo />
    <Texto><![CDATA[<p></p><p class="identifica">PORTARIA DE PESSOAL DEAC/GR/IFPR Nº 30, DE 11 DE JANEIRO DE 2023</p><p>O Reitor em exercício do Instituto Federal de Educação, Ciência e Tecnologia do Paraná, no uso da competência que lhe confere a Portaria nº 1.194, de 01 de outubro de 2021, publicada no Diário Oficial da União do dia 04 de outubro de 2021, seção 2, página 25, resolve:</p><p>Dispensar OLAVO JOSE LUIZ JUNIOR, SIAPE nº 1761403, Professor do Ensino Básico, Técnico e Tecnológico, da função de Coordenador do Curso Técnico em Desenvolvimento de Sistemas, FCC, do Campus Assis Chateaubriand, a partir da publicação no Diário Oficial da União.</p><p class="assina">PAULO TETUO YAMAMOTO</p>]]></Texto>
  </body>
  <Midias />
</article></xml>