﻿<xml><article id="30079514" name="Mat. JAN 1 - 13" idOficio="9347672" pubName="DO2" artType="Portaria" pubDate="13/01/2023" artClass="00013:00012:00008:00044:00006:00000:00000:00000:00000:00000:00017:00009" artCategory="Ministério da Defesa/Comando da Marinha/Comando de Operações Navais/5º Distrito Naval/Centro de Intendência da Marinha em Rio Grande" artSize="12" artNotes="" numberPage="8" pdfPage="http://pesquisa.in.gov.br/imprensa/jsp/visualiza/index.jsp?data=13/01/2023&amp;jornal=529&amp;pagina=8" editionNumber="10" highlightType="" highlightPriority="" highlight="" highlightimage="" highlightimagename="" idMateria="20251290">
  <body>
    <Identifica><![CDATA[ PORTARIA Nº 13/Com5°DN, DE 5 DE JANEIRO DE 2023]]></Identifica>
    <Data><![CDATA[]]></Data>
    <Ementa />
    <Titulo />
    <SubTitulo />
    <Texto><![CDATA[<p></p><p class="identifica">PORTARIA Nº 13/Com5°DN, DE 5 DE JANEIRO DE 2023</p><p>O COMANDANTE DO 5° DISTRITO NAVAL, no uso de suas atribuições e tendo em vista o previsto no art. 3°, § 1°, alínea b, inciso III da Lei n° 6.880/1980 e o contido nas Normas sobre Tarefa por Tempo Certo e Designação para o Serviço Ativo (DGPM-314 - 6ª Revisão), resolve:</p><p>Art. 1° Dispensar ex offício, a partir de 19 de janeiro de 2023, o SO-RM1-ME 81.1201.33 JOSÉ CLÁUDIO FREIRE DA SILVA da prestação da Tarefa por Tempo Certo, prevista na Portaria n° 29/2022 deste Comando, de acordo com o contido na subalínea I, alínea b do inciso 2.7.1 da DGPM-314 (6a Revisão).</p><p>Art. 2° Esta Portaria entra em vigor na presente data.</p><p class="assina">Vice-Almirante SÍLVIO LUÍS DOS SANTOS</p><p></p>]]></Texto>
  </body>
  <Midias />
</article></xml>