﻿<xml><article id="30086696" name="Port2-2023-MB-MD" idOficio="9349692" pubName="DO2" artType="Portaria" pubDate="13/01/2023" artClass="00013:00012:00001:00000:00000:00000:00000:00000:00000:00000:00017:00000" artCategory="Ministério da Defesa/Comando da Marinha/Gabinete do Comandante" artSize="12" artNotes="" numberPage="7" pdfPage="http://pesquisa.in.gov.br/imprensa/jsp/visualiza/index.jsp?data=13/01/2023&amp;jornal=529&amp;pagina=7" editionNumber="10" highlightType="" highlightPriority="" highlight="" highlightimage="" highlightimagename="" idMateria="20253854">
  <body>
    <Identifica><![CDATA[ PORTARIA Nº  2/MB/MD, DE 11 DE JANEIRO DE 2023]]></Identifica>
    <Data><![CDATA[]]></Data>
    <Ementa />
    <Titulo />
    <SubTitulo />
    <Texto><![CDATA[<p class="identifica">PORTARIA Nº 2/MB/MD, DE 11 DE JANEIRO DE 2023</p><p>O COMANDANTE DA MARINHA, no uso das atribuições que lhe são conferidas pelo inciso II do art. 1° do Decreto n° 90.703, de 18 de dezembro de 1984, combinado com o art. 4° da Lei Complementar n° 97, de 9 de junho de 1999, resolve:</p><p>Art. 1° Exonerar, a partir da presente data, por necessidade do serviço, o Capitão-Tenente 13.0799.30 ANDERSON ALONSO LACERDA RANGEL do cargo de Comandante do Aviso Hidroceanográfico Fluvial Rio Solimões.</p><p>Art. 2° Esta Portaria entra em vigor na presente data.</p><p class="assina">MARCOS SAMPAIO OLSEN</p><p></p>]]></Texto>
  </body>
  <Midias />
</article></xml>