﻿<xml><article id="30092625" name="PDRJ9N1" idOficio="9350736" pubName="DO2" artType="Portaria" pubDate="13/01/2023" artClass="00015:00045:00432:00021:00027:00000:00000:00000:00000:00000:00017:00000" artCategory="Ministério da Economia/Secretaria Especial da Receita Federal do Brasil/Subsecretaria-Geral da Receita Federal do Brasil/Subsecretaria de Tributação e Contencioso/Delegacia de Julgamento da Receita Federal do Brasil 09" artSize="12" artNotes="" numberPage="18" pdfPage="http://pesquisa.in.gov.br/imprensa/jsp/visualiza/index.jsp?data=13/01/2023&amp;jornal=529&amp;pagina=18" editionNumber="10" highlightType="" highlightPriority="" highlight="" highlightimage="" highlightimagename="" idMateria="20255357">
  <body>
    <Identifica><![CDATA[ PORTARIA DRJ09 Nº 1,  DE 12 DE JANEIRO DE 2023]]></Identifica>
    <Data><![CDATA[]]></Data>
    <Ementa />
    <Titulo />
    <SubTitulo />
    <Texto><![CDATA[<p class="identifica">PORTARIA DRJ09 Nº 1, DE 12 DE JANEIRO DE 2023</p><p></p><p>A DELEGADA DA DELEGACIA DE JULGAMENTO DA RECEITA FEDERAL DO BRASIL 09, no uso das atribuições que lhe confere o inciso II do art. 362 do Anexo I do Regimento Interno da Secretaria da Receita Federal do Brasil, aprovado pela Portaria ME nº 284 de 27 de julho de 2020, publicada no DOU de 27 de julho de 2020, seção 1-B, resolve:</p><p>Designar LEONARDO HONÓRIO DOS SANTOS, Auditor-Fiscal da Receita Federal do Brasil, matrícula Siapecad nº 01571618, em exercício na Oitava Turma da DRJ09, para atuar como julgador "ad hoc" na Quarta Turma de Julgamento da DRJ09, na sessão do dia 18 de janeiro de 2023.</p><p class="assina">IVANI SUAVE</p>]]></Texto>
  </body>
  <Midias />
</article></xml>