﻿<xml><article id="30079871" name="0009 Disponibilizar a requisiAAo" idOficio="9346502" pubName="DO2" artType="Portaria" pubDate="13/01/2023" artClass="00026:00001:00000:00000:00000:00000:00000:00000:00000:00000:00017:00000" artCategory="Ministério da Saúde/Gabinete do Ministro" artSize="12" artNotes="" numberPage="41" pdfPage="http://pesquisa.in.gov.br/imprensa/jsp/visualiza/index.jsp?data=13/01/2023&amp;jornal=529&amp;pagina=41" editionNumber="10" highlightType="" highlightPriority="" highlight="" highlightimage="" highlightimagename="" idMateria="20249612">
  <body>
    <Identifica><![CDATA[ PORTARIA DE PESSOAL GM/MS Nº 9, DE 9 DE JANEIRO DE 2023]]></Identifica>
    <Data><![CDATA[]]></Data>
    <Ementa />
    <Titulo />
    <SubTitulo />
    <Texto><![CDATA[<p class="identifica">PORTARIA DE PESSOAL GM/MS Nº 9, DE 9 DE JANEIRO DE 2023</p><p>A MINISTRA DE ESTADO DA SAÚDE, considerando o disposto no art. 93 da Lei nº 8.112, de 11 de dezembro de 1990, regulamentado pelo Decreto nº 10.835, de 14 de outubro de 2021, publicado no Diário Oficial da União de 15 seguinte, e, ainda, pelo art. 2º da Lei nº 9.007, de 17 de março de 1995, e demais informações que constam do Processo nº 00261.002383/2022-01, resolve:</p><p>Art. 1º Disponibilizar a requisição do servidor MÁRCIO FREDERICO TREVISAN MENDONÇA, matrícula no SIAPE nº 1737249, pertencente do Quadro de Pessoal do Ministério da Saúde, para exercer suas atividades na Presidência da República, com exercício na Coordenação-Geral de Fiscalização da Autoridade Nacional de Proteção de Dados.</p><p>Art. 2º O ônus pela remuneração é do órgão requisitado.</p><p>Art. 3º Torna-se sem efeito o disposto nesta Portaria caso o servidor não se apresente ao órgão requisitante no prazo de trinta dias.</p><p>Art. 4º Esta Portaria entra em vigor na data de sua publicação.</p><p class="assina">NÍSIA TRINDADE LIMA</p>]]></Texto>
  </body>
  <Midias />
</article></xml>