﻿<xml><article id="30093651" name="portarias-PROGESP DOU 12.01.23 e" idOficio="9350925" pubName="DO2" artType="Portaria" pubDate="13/01/2023" artClass="00018:00109:00985:00000:00000:00000:00000:00000:00000:00000:00017:00000" artCategory="Ministério da Educação/Universidade Federal do Rio Grande do Norte/Pró-Reitoria de Gestão de Pessoas" artSize="12" artNotes="" numberPage="30" pdfPage="http://pesquisa.in.gov.br/imprensa/jsp/visualiza/index.jsp?data=13/01/2023&amp;jornal=529&amp;pagina=30" editionNumber="10" highlightType="" highlightPriority="" highlight="" highlightimage="" highlightimagename="" idMateria="20255675">
  <body>
    <Identifica><![CDATA[ PORTARIAS DE 12 DE JANEIRO DE 2023]]></Identifica>
    <Data><![CDATA[]]></Data>
    <Ementa />
    <Titulo />
    <SubTitulo />
    <Texto><![CDATA[<p class="identifica">PORTARIAS DE 12 DE JANEIRO DE 2023</p><p>A PRÓ-REITORA DE GESTÃO DE PESSOAS DA UNIVERSIDADE FEDERAL DO RIO GRANDE DO NORTE, usando da atribuição conferida pela Portaria n.º 1.270/95-R, de 23/10/1995, publicada no Boletim de Serviço n.º 059, de 10/11/1995, e considerando o que consta do Processo nº 23077.104076/2022-39, resolve:</p><p>Nº 69 - Conceder pensão vitalícia, com efeitos a partir da data do óbito, a NANCI RODRIGUES LUZ (cônjuge), de acordo com os arts. 23 e 24, § 1º, inciso I e § 2º da Emenda Constitucional n.º 103, de 12/11/2019, publicada no DOU de 13/11/2019, combinado com o artigo 16, inciso I da Lei n.º 8.213/91, com redação dada pela Lei n.º 13.146/2015, e com o Art. 3º, inciso I, da Portaria SGP/SEDGG/ME nº. 4645, de 24 de maio de 2022, calculada com base no valor integral dos proventos a que fazia jus o(a) ex-servidor(a) EDSON LUIS BANDEIRA LUZ, matrícula SIAPE nº 0277038, falecido(a) em 05 de julho de 2022.</p><p>A PRÓ-REITORA DE GESTÃO DE PESSOAS DA UNIVERSIDADE FEDERAL DO RIO GRANDE DO NORTE, usando da atribuição conferida pela Portaria nº 1.270-R, de 23/10/1995, de acordo com o Artigo 20 da Emenda Constitucional nº 103 de 12/11/2019, publicada no DOU de 13/11/2019 e o § 3º, inciso I do mesmo artigo, considerando o que consta do processo nº 23077.132433/2022-59, resolve:</p><p>Nº 74 - Conceder aposentadoria voluntária, com a totalidade da remuneração calculada de acordo com o Artigo 20, § 2°, inciso I da EC 103/2019, observado o disposto no § 8° do artigo 4° da referida Emenda Constitucional, a NOELI VITORINO LUSTOSA, SECRETARIO EXECUTIVO, Nível de Classificação E, Nível de Capacitação IV, Padrão de Vencimento 08 do Quadro de Pessoal da Universidade, Matrícula SIAPE nº 1918824, lotado(a) no(a) DIREÇÃO DO CCSA.</p><p class="assina">MIRIAN DANTAS DOS SANTOS</p>]]></Texto>
  </body>
  <Midias />
</article></xml>