﻿<xml><article id="30079529" name="2. Port 15 - Designa LIVIA REJAN" idOficio="9348636" pubName="DO2" artType="Portaria" pubDate="13/01/2023" artClass="00018:00001:00000:00000:00000:00000:00000:00000:00000:00000:00017:00003" artCategory="Ministério da Educação/Gabinete do Ministro" artSize="12" artNotes="" numberPage="19" pdfPage="http://pesquisa.in.gov.br/imprensa/jsp/visualiza/index.jsp?data=13/01/2023&amp;jornal=529&amp;pagina=19" editionNumber="10" highlightType="" highlightPriority="" highlight="" highlightimage="" highlightimagename="" idMateria="20252594">
  <body>
    <Identifica><![CDATA[ PORTARIA Nº 15, DE 11 DE JANEIRO DE 2023]]></Identifica>
    <Data><![CDATA[]]></Data>
    <Ementa />
    <Titulo />
    <SubTitulo />
    <Texto><![CDATA[<p class="identifica">PORTARIA Nº 15, DE 11 DE JANEIRO DE 2023</p><p>O MINISTRO DE ESTADO DA EDUCAÇÃO, no uso da atribuição que lhe confere o art. 87, parágrafo único, inciso IV, da Constituição, e em observância ao disposto no art. 38 da Lei nº 8.112, de 11 de dezembro de 1990, bem como no Decreto nº 11.238, de 18 de outubro de 2022, resolve:</p><p>DESIGNAR LÍVIA REJANE MIGUEL AMARAL SCHUMANN, matrícula Siape nº 1701282, para exercer o encargo de substituta eventual da função de Coordenadora-Geral, código FCE 1.13, da Coordenação-Geral de Processos de Suporte à Avaliação, da Diretoria de Avaliação, da Coordenação de Aperfeiçoamento de Pessoal de Nível Superior - Capes, conforme o Processo nº 23038.020981/2022-01.</p><p class="assina">CAMILO SOBREIRA DE SANTANA</p>]]></Texto>
  </body>
  <Midias />
</article></xml>