﻿<xml><article id="30085387" name="Portaria-32-2023" idOficio="9349471" pubName="DO2" artType="Portaria" pubDate="13/01/2023" artClass="00047:00045:00001:00000:00000:00000:00000:00000:00000:00000:00017:00001" artCategory="Poder Judiciário/Tribunal Regional do Trabalho da 4ª Região/Presidência" artSize="12" artNotes="" numberPage="54" pdfPage="http://pesquisa.in.gov.br/imprensa/jsp/visualiza/index.jsp?data=13/01/2023&amp;jornal=529&amp;pagina=54" editionNumber="10" highlightType="" highlightPriority="" highlight="" highlightimage="" highlightimagename="" idMateria="20253532">
  <body>
    <Identifica><![CDATA[ PORTARIA nº 32, de 10 de janeiro de 2023]]></Identifica>
    <Data><![CDATA[]]></Data>
    <Ementa />
    <Titulo />
    <SubTitulo />
    <Texto><![CDATA[<p class="identifica">PORTARIA nº 32, de 10 de janeiro de 2023</p><p>O VICE-PRESIDENTE DO TRIBUNAL REGIONAL DO TRABALHO DA 4ª REGIÃO, no exercício da presidência, no uso de suas atribuições, e considerando o que consta no PA nº 9736/2022, resolve:</p><p>TORNAR SEM EFEITO, a contar da publicação, a Portaria nº 4.985, de 20-10-2022, publicada no Diário Oficial da União de 25-10-2022, que designou o servidor JOSUE ANTENOGENES MATOS RIBEIRO JUNIOR (113646), ocupante do cargo de Analista Judiciário, Área Administrativa, para exercer, em substituição, o cargo em comissão de DIRETOR DE SECRETARIA-CJ3, na 4ª Vara do Trabalho de Canoas, nos impedimentos legais do titular.</p><p class="assina">RICARDO HOFMEISTER DE ALMEIDA MARTINS COSTA</p>]]></Texto>
  </body>
  <Midias />
</article></xml>