﻿<xml><article id="30091230" name="PORTARIA DE PESSOAL PROGEPE-UFJF" idOficio="9350569" pubName="DO2" artType="Portaria" pubDate="13/01/2023" artClass="00018:00098:00001:00000:00000:00000:00000:00000:00000:00000:00017:00000" artCategory="Ministério da Educação/Universidade Federal de Juiz de Fora/Gabinete do Reitor" artSize="12" artNotes="" numberPage="29" pdfPage="http://pesquisa.in.gov.br/imprensa/jsp/visualiza/index.jsp?data=13/01/2023&amp;jornal=529&amp;pagina=29" editionNumber="10" highlightType="" highlightPriority="" highlight="" highlightimage="" highlightimagename="" idMateria="20255100">
  <body>
    <Identifica><![CDATA[ PORTARIA DE PESSOAL PROGEPE/UFJF Nº 35, DE 12 DE JANEIRO DE 2023]]></Identifica>
    <Data><![CDATA[]]></Data>
    <Ementa />
    <Titulo />
    <SubTitulo />
    <Texto><![CDATA[<p class="identifica">PORTARIA DE PESSOAL PROGEPE/UFJF Nº 35, DE 12 DE JANEIRO DE 2023</p><p>O REITOR DA UNIVERSIDADE FEDERAL DE JUIZ DE FORA, no exercício de suas atribuições legais, regimentais e estatutárias, e</p><p>CONSIDERANDO o constante dos autos do processo nº 23071.900147/2023-68, resolve:</p><p>Art. 1º Nomear a servidora BEATRIZ FRANCISCO FARAH, SIAPE 1727308, para substituir CASSIANO CAON AMORIM, SIAPE 2292866, PRÓ-REITOR DE GRADUAÇÃO, código CD-02, em virtude de férias do mesmo, no período de 19/12/2022 a 02/01/2023, conforme Processo 23071.946425/2022-42, convalidando os atos praticados do início do período mencionado até a publicação desta.</p><p>Art. 2º Nomear a servidora RAQUEL KELLI ASSIS BRUNELLI MACHADO, SIAPE 2349003, para substituir EDSON VIEIRA DA FONSECA FARIA, SIAPE 1148335, SECRETÁRIO GERAL DO GABINETE DA REITORIA, código CD-03, em virtude de férias do mesmo, no período de 22/12/2022 a 20/01/2023, conforme Processo 23071.946953/2022-00, convalidando os atos praticados do início do período mencionado até a publicação desta.</p><p>Art. 3º Nomear a servidora KELLI BORGES DOS SANTOS, SIAPE 3544296, para substituir ANGÉLICA DA CONCEIÇÃO OLIVEIRA COELHO, SIAPE 2025291, DIRETORA DA FACULDADE DE ENFERMAGEM, código CD-03, em virtude de férias da mesma, no período de 02/01/2023 a 13/01/2023, conforme Processo 23071.947170/2022-35, convalidando os atos praticados do início do período mencionado até a publicação desta.</p><p>Art. 4º Nomear a servidora PATRÍCIA FERREIRA MORENO CHRISTOFOLETTI, SIAPE 2968577, para substituir FABRÍCIO DA SILVA TEIXEIRA CARVALHO, SIAPE 2528670, DIRETOR DO INSTITUTO DE ARTES E DESIGN, código CD-03, em virtude de férias do mesmo, no período de 16/01/2023 a 17/02/2023, conforme Processo 23071.9467287/2022-19.</p><p>Art. 5º Nomear o servidor MARCOS MARTINS BORGES, SIAPE 2177479, para substituir HENRIQUE ANTÔNIO CARVALHO BRAGA, SIAPE 1148463, DIRETOR DA FACULDADE DE ENGENHARIA, código CD-03, em virtude de férias do mesmo, no período de 01/12/2022 a 15/12/2022 e em virtude de licença para tratamento de saúde do mesmo de 20/12/2022 a 20/12/2022, conforme Processo 23071.9467287/2022-19, convalidando os atos praticados do início do período mencionado até a publicação desta.</p><p>Art. 6º Nomear o servidor WAGNER BARBOSA BATELLA, SIAPE 1833980, para substituir FERNANDO PERLATTO BOM JARDIM, SIAPE 2798305, DIRETOR DO INSTITUTO DE CIÊNCIAS HUMANAS, código CD-03, em virtude de férias do mesmo, no período de 01/12/2022 a 10/12/2022, conforme Processo 23071.947430/2022-72, convalidando os atos praticados do início do período mencionado até a publicação desta.</p><p>Art. 7º Nomear o servidor ROBERT WILLER FARINAZZO VITRAL, SIAPE 1146462, para substituir MÁRCIO JOSÉ DA SILVA CAMPOS, SIAPE 2140356, para a função de DIRETOR DA FACULDADE DE ODONTOLOGIA, código CD-03, em virtude de férias do mesmo, nos períodos de 09/12/2022 a 02/01/2023 e de 13/02/2023 a 17/02/2023, conforme Processo 23071.900211/2023-19, convalidando os atos praticados do início do período mencionado até a publicação desta.</p><p>Art. 8º Nomear a servidora MARCELLA ALVES MASCARENHAS NARDELLI, SIAPE 2000705, para substituir LUCIANA GASPAR MELQUÍADES DUARTE, SIAPE 3379561, DIRETORA DA FACULDADE DE DIREITO, código CD-03, em virtude de férias da mesma, no período de 09/01/2023 a 03/02/2023, conforme Processo 23071.900659/2023-24, convalidando os atos praticados do início do período mencionado até a publicação desta.</p><p>Art. 9º Nomear o servidor MARCEL DE TOLEDO VIEIRA, SIAPE 2283401, para substituir EDUARDO BARRERE, SIAPE 1677789, DIRETOR DO INSTITUTO DE CIÊNCIAS EXATAS, código CD-03, em virtude de férias do mesmo, no período de 02/01/2023 a 18/01/2023, conforme Processo 23071.900782/2023-45, convalidando os atos praticados do início do período mencionado até a publicação desta</p><p>Art. 10. Esta Portaria Administrativa entra em vigor na data de sua publicação no DOU.</p><p class="assina">MARCUS VINICIUS DAVID</p>]]></Texto>
  </body>
  <Midias />
</article></xml>