﻿<xml><article id="30086537" name="PORTARIA _8_2023" idOficio="9349643" pubName="DO2" artType="Portaria" pubDate="13/01/2023" artClass="00047:00007:00001:00000:00000:00000:00000:00000:00000:00000:00017:00003" artCategory="Poder Judiciário/Tribunal Regional Federal da 1ª Região/Presidência" artSize="12" artNotes="" numberPage="51" pdfPage="http://pesquisa.in.gov.br/imprensa/jsp/visualiza/index.jsp?data=13/01/2023&amp;jornal=529&amp;pagina=51" editionNumber="10" highlightType="" highlightPriority="" highlight="" highlightimage="" highlightimagename="" idMateria="20253761">
  <body>
    <Identifica><![CDATA[ PORTARIA Nº 8, DE 12 DE JANEIRO DE 2023]]></Identifica>
    <Data><![CDATA[]]></Data>
    <Ementa />
    <Titulo />
    <SubTitulo />
    <Texto><![CDATA[<p class="identifica">PORTARIA Nº 8, DE 12 DE JANEIRO DE 2023</p><p>O VICE-PRESIDENTE DO TRIBUNAL REGIONAL FEDERAL DA 1ª REGIÃO, NO EXERCÍCIO DA PRESIDÊNCIA, no uso de suas atribuições legais e regimentais, e tendo em vista o constante nos autos do PAe 0018020-49.2022.4.01.8004, resolve:</p><p>I - COLOCAR À DISPOSIÇÃO da Sede da Seção Judiciária da Bahia, nos termos do art. 93, I, da Lei n. 8.112/1990 c/c a Resolução n. 05/2008-CJF, a servidora LAIS MARQUES CIDREIRA DOMITILO COSTA, Analista Judiciária, Área Judiciária, do Quadro de Pessoal da Subseção Judiciária de Cascavel, removida pelo SINAR para a Subseção Judiciária de Itabuna, para exercer função comissionada.</p><p>II - CONCEDER à servidora supracitada 10 (dez) dias de trânsito, nos termos do disposto no art. 18 da Lei n° 8.112/90.</p><p class="assina">Des. MARCOS AUGUSTO DE SOUSA</p>]]></Texto>
  </body>
  <Midias />
</article></xml>