﻿<xml><article id="30083204" name="162" idOficio="9349071" pubName="DO2" artType="Portaria" pubDate="13/01/2023" artClass="00018:00111:00000:00000:00000:00000:00000:00000:00000:00000:00017:00001" artCategory="Ministério da Educação/Universidade Federal do Rio de Janeiro" artSize="12" artNotes="" numberPage="31" pdfPage="http://pesquisa.in.gov.br/imprensa/jsp/visualiza/index.jsp?data=13/01/2023&amp;jornal=529&amp;pagina=31" editionNumber="10" highlightType="" highlightPriority="" highlight="" highlightimage="" highlightimagename="" idMateria="20253013">
  <body>
    <Identifica><![CDATA[ PORTARIA Nº 162, DE 6 DE JANEIRO DE 2023]]></Identifica>
    <Data><![CDATA[]]></Data>
    <Ementa />
    <Titulo />
    <SubTitulo />
    <Texto><![CDATA[<p class="identifica">PORTARIA Nº 162, DE 6 DE JANEIRO DE 2023</p><p>A REITORA DA UNIVERSIDADE FEDERAL DO RIO DE JANEIRO, considerando o disposto no art. 93 da Lei nº 8.112, de 11 de dezembro de 1990, regulamentado pelo Decreto nº 10.835, de 14 de outubro de 2021, publicado no Diário Oficial da União de 15 de outubro de 2021, e, ainda, pela Lei nº 9.007, de 17 de março de 1995, pelo disposto no inciso V, do art. 60 da Lei nº 13.844, de 18 de junho de 2019 e demais informações que constam do processo nº 23079.258060/2022-25, resolve:</p><p>Art. 1º Disponibilizar a requisição do(a) servidor(a) RAFAEL COLETTO CARDOSO, matrícula nº 2076122, pertencente ao Quadro de Pessoal da Universidade Federal do Rio de Janeiro, para exercício no(a) Ministério do Trabalho e Previdência.</p><p>Art. 2º O ônus pela remuneração ou salário é do órgão requisitado.</p><p>Art. 3º Torna-se sem efeito o disposto nesta Portaria caso o servidor não se apresente ao órgão requisitante no prazo de trinta dias.</p><p>Art. 4º Esta Portaria entra em vigor na data da sua publicação.</p><p class="assina">DENISE PIRES DE CARVALHO</p>]]></Texto>
  </body>
  <Midias />
</article></xml>