﻿<xml><article id="30092988" name="2023-01-12/9350809/SIGEPE_202554" idOficio="9350809" pubName="DO2" artType="Portaria" pubDate="13/01/2023" artClass="00018:00114:00002:00000:00000:00000:00000:00000:00000:00000:00017:00043" artCategory="Ministério da Educação/Universidade Federal Rural de Pernambuco/Gabinete do Reitor" artSize="12" artNotes="" numberPage="32" pdfPage="http://pesquisa.in.gov.br/imprensa/jsp/visualiza/index.jsp?data=13/01/2023&amp;jornal=529&amp;pagina=32" editionNumber="10" highlightType="" highlightPriority="" highlight="" highlightimage="" highlightimagename="" idMateria="20255483">
  <body>
    <Identifica><![CDATA[ Portaria GBR/UFRPE nº 43, de 12 de Janeiro de 2023]]></Identifica>
    <Data><![CDATA[]]></Data>
    <Ementa />
    <Titulo />
    <SubTitulo />
    <Texto><![CDATA[<p class="identifica">Portaria GBR/UFRPE nº 43, de 12 de Janeiro de 2023</p><p>O VICE-REITOR DA UNIVERSIDADE FEDERAL RURAL DE PERNAMBUCO, nomeado pela Portaria GR/UFRPE nº 408/2020, de 13 de maio de 2020, publicada no Diário Oficial da União em 14 de maio de 2020, no uso de suas atribuições legais e estatutárias, e tendo em vista o que consta no Processo UFRPE nº 23082.029977/2022-65, resolve:</p><p>Art. 1º DESIGNAR para exercer a Função (FCC) de Coordenador(a) da Pós-Graduação em Física Aplicada da Pró-Reitoria de Pós-Graduação - PRPG, o(a) servidor(a) JOSE FERRAZ DE MOURA NUNES FILHO, do Quadro Único de Pessoal desta Universidade, Matrícula SIAPE nº 2258157, a partir da data da publicação desta portaria no Diário Oficial da União, conforme Despacho nº 061/2023-GR-UFRPE, de 11/01/2023, constante no processo mencionado.</p><p>Art. 2º Em decorrência, a partir da mesma data, revogar os efeitos da Portaria GR/UFRPE nº 995/2022, de 22/08/2022, publicada no DOU de 24/08/2022, seção 02, página 31, e dispensar o(a) servidor(a) ANDERSON LUIZ DA ROCHA E BARBOSA, Matrícula SIAPE nº 2569797, da função supracitada.</p><p class="assina">GABRIEL RIVAS DE MELO</p>]]></Texto>
  </body>
  <Midias />
</article></xml>