﻿<xml><article id="30092219" name="PORTARIA 13-01-23" idOficio="9350678" pubName="DO2" artType="Portaria" pubDate="13/01/2023" artClass="00007:00003:00052:00000:00000:00000:00000:00000:00000:00000:00017:00000" artCategory="Ministério da Agricultura, Pecuária e Abastecimento/Secretaria Executiva/Departamento de Gestão de Pessoas e de Gestão do Conhecimento" artSize="12" artNotes="" numberPage="5" pdfPage="http://pesquisa.in.gov.br/imprensa/jsp/visualiza/index.jsp?data=13/01/2023&amp;jornal=529&amp;pagina=5" editionNumber="10" highlightType="" highlightPriority="" highlight="" highlightimage="" highlightimagename="" idMateria="20255277">
  <body>
    <Identifica><![CDATA[ PORTARIA Nº 10, DE 5 DE JANEIRO DE 2023]]></Identifica>
    <Data><![CDATA[]]></Data>
    <Ementa />
    <Titulo />
    <SubTitulo />
    <Texto><![CDATA[<p class="identifica">PORTARIA Nº 10, DE 5 DE JANEIRO DE 2023</p><p>A DIRETORA DO DEPARTAMENTO DE GESTÃO DE PESSOAS E DE GESTÃO DO CONHECIMENTO, DO MINISTÉRIO DA AGRICULTURA E PECUÁRIA, no uso da competência que lhe foi delegada pelo artigo 1º, incisos II e III, da Portaria SE/MAPA nº 13, de 11 de novembro de 2022, publicada no Diário Oficial de 16 subsequente e tendo em vista o que consta do processo nº 21082.000977/2022-58, resolve:</p><p>Art. 1º Conceder pensão vitalícia a MARIA DO CARMO SILVA DE MENEZES, na condição de cônjuge do ex-servidor AGNELO FRANCISCO DA SILVA, matrícula SIAPE nº 31314, ativo no cargo de Auxiliar Operacional de Serviços Diversos, do Quadro de Pessoal deste Ministério, com fundamento nos arts. 217, inciso III, 219, inciso I, e 222, inciso VII, alínea "b", item 6, da Lei nº 8.112, de 1990, com redação dada pela Lei nº 13.135, de 2015, combinado com os arts. 23 e 24, caputs, da Emenda Constitucional nº 103, de 2019, com vigência a contar de 25 de dezembro de 2022, data do falecimento do ex-servidor.</p><p>Art. 2º Esta Portaria entra em vigor na data de sua publicação.</p><p class="assina">SARA MARTINS</p><p class="identifica">PORTARIA Nº 16, DE 6 DE JANEIRO DE 2023</p><p>A DIRETORA DO DEPARTAMENTO DE GESTÃO DE PESSOAS E DE GESTÃO DO CONHECIMENTO, DO MINISTÉRIO DA AGRICULTURA E PECUÁRIA, no uso da competência que lhe foi delegada pelo artigo 1º, incisos II e III, da Portaria SE/MAPA nº 13, de 11 de novembro de 2022, publicada no Diário Oficial de 16 subsequente e tendo em vista o que consta do processo nº 21082.000963/2022-34, resolve:</p><p>Art. 1º Conceder pensão vitalícia a MARINALVA BORGES DA FONSECA, na condição de cônjuge do ex-servidor HELENYTON IGLESSIAS DA FONSECA, matrícula SIAPE nº 0028398, aposentado no cargo de Motorista, Classe S, Padrão III, do Quadro de Pessoal deste Ministério, com fundamento nos arts. 217, inciso I, 219, inciso I, e 222, inciso VII, alínea "b", item 6, da Lei nº 8.112, de 1990, com redação dada pela Lei nº 13.135, de 2015, combinado com os arts. 23 e 24, caputs, da Emenda Constitucional nº 103, de 2019, com vigência a contar de 04 de novembro de 2022, data do falecimento do ex-servidor.</p><p>Art. 2º Esta Portaria entra em vigor na data de sua publicação.</p><p class="assina">SARA MARTINS</p><p class="identifica">PORTARIA Nº 17, DE 6 DE JANEIRO DE 2023</p><p>A DIRETORA DO DEPARTAMENTO DE GESTÃO DE PESSOAS E DE GESTÃO DO CONHECIMENTO, DO MINISTÉRIO DA AGRICULTURA E PECUÁRIA, no uso da competência que lhe foi delegada pelo artigo 1º, incisos II e III, da Portaria SE/MAPA nº 13, de 11 de novembro de 2022, publicada no Diário Oficial de 16 subsequente e tendo em vista o que consta do processo nº 21082.000962/2022-90, resolve:</p><p>Art. 1º Conceder pensão vitalícia a DINALVA MARISE DE ARAÚJO MELO, na condição de cônjuge do ex-servidor JORGE AMERICO DE MELO, matrícula SIAPE nº 0028489, aposentado no cargo de Agente Administrativo, Classe S, Padrão III, do Quadro de Pessoal deste Ministério, com fundamento nos arts. 217, inciso I, 219, inciso I, e 222, inciso VII, alínea "b", item 6, da Lei nº 8.112, de 1990, com redação dada pela Lei nº 13.135, de 2015, combinado com os arts. 23 e 24, caputs, da Emenda Constitucional nº 103, de 2019, com vigência a contar de 09 de dezembro de 2022, data do falecimento do ex-servidor.</p><p>Art. 2º Esta Portaria entra em vigor na data de sua publicação.</p><p class="assina">SARA MARTINS</p>]]></Texto>
  </body>
  <Midias />
</article></xml>