﻿<xml><article id="30084526" name="PORTARIA CRM-PI NA 005-2023 - NO" idOficio="9349329" pubName="DO2" artType="Portaria" pubDate="13/01/2023" artClass="00048:00369:00000:00000:00000:00000:00000:00000:00000:00000:00017:00000" artCategory="Entidades de Fiscalização do Exercício das Profissões Liberais/Conselho Regional de Medicina do Estado do Piauí" artSize="12" artNotes="" numberPage="56" pdfPage="http://pesquisa.in.gov.br/imprensa/jsp/visualiza/index.jsp?data=13/01/2023&amp;jornal=529&amp;pagina=56" editionNumber="10" highlightType="" highlightPriority="" highlight="" highlightimage="" highlightimagename="" idMateria="20253371">
  <body>
    <Identifica><![CDATA[ PORTARIA CRM-PI Nº 5, DE 12 DE JANEIRO DE 2023]]></Identifica>
    <Data><![CDATA[]]></Data>
    <Ementa />
    <Titulo />
    <SubTitulo />
    <Texto><![CDATA[<p class="identifica">PORTARIA CRM-PI Nº 5, DE 12 DE JANEIRO DE 2023</p><p>O CONSELHO REGIONAL DE MEDICINA DO ESTADO DO PIAUÍ, Entidade de Fiscalização da Profissão Médica, instituída pela Lei n.º 3.268/57 e regulamentada pelo Decreto n.º 6.821/2009 que alterou o Decreto n.º 44.045/58, alterada pela Lei n.º 11.000/2004, com sede na Rua Goiás, n.º 991, Ilhotas, Teresina-PI, CNPJ n.º 11.002.359/0001-14, por intermédio de seu representante legal infra-assinado, no uso de suas atribuições legais e regimentais,</p><p>Vem NOMEAR o candidato MILLER MATEUS CASTRO TEIXEIRA - RG n.º 2.978.670 - SSP/PI, CPF n° 040.382.503-26, nos termos do Edital n.º 001/2022, publicado no DOU de 06 de junho de 2022, para exercer o cargo de Assistente Administrativo na sede do CRM-PI, à Rua Goiás, 991, Ilhotas, Teresina-Pl, em decorrência da vacância do referido cargo de provimento efetivo do quadro de pessoal deste CRM-PI. A POSSE do mencionado Assistente Administrativo dar-se-á no próximo dia 16 de janeiro de 2023, na sede deste CRM-PI.</p><p class="assina">DAGOBERTO BARROS DA SILVEIRA</p>]]></Texto>
  </body>
  <Midias />
</article></xml>