﻿<xml><article id="30082706" name="PT SRNE NA 10 IZYS VAL DE OLIVEI" idOficio="9348920" pubName="DO2" artType="Portaria" pubDate="13/01/2023" artClass="00027:00051:00090:00000:00000:00000:00000:00000:00000:00000:00017:00010" artCategory="Ministério do Trabalho e Previdência/Instituto Nacional do Seguro Social/Superintendência Regional Nordeste" artSize="12" artNotes="" numberPage="42" pdfPage="http://pesquisa.in.gov.br/imprensa/jsp/visualiza/index.jsp?data=13/01/2023&amp;jornal=529&amp;pagina=42" editionNumber="10" highlightType="" highlightPriority="" highlight="" highlightimage="" highlightimagename="" idMateria="20252867">
  <body>
    <Identifica><![CDATA[ PORTARIA SRNE/INSS Nº 10, DE 11 DE JANEIRO DE 2023]]></Identifica>
    <Data><![CDATA[]]></Data>
    <Ementa />
    <Titulo />
    <SubTitulo />
    <Texto><![CDATA[<p class="identifica">PORTARIA SRNE/INSS Nº 10, DE 11 DE JANEIRO DE 2023</p><p>O SUPERINTENDENTE-REGIONAL NORDESTE, no uso das atribuições que lhe confere o Decreto nº 10.995, de 14 de março de 2022, e considerando a subdelegação de competência de que trata a Portaria PRES/INSS nº 1.510, de 11 de outubro de 2022, bem como o contido no Processo nº 35014.004908/2023-12, resolve:</p><p>Dispensar, a pedido, IZYS VAL DE OLIVEIRA, matrícula nº 1.607.034, CPF nº 014.765.XXX-77, da Função Comissionada Executiva de Chefe da Seção de Análise de Monitoramento e Cobrança Administrativa de Benefícios, código FCE 1.04, da Gerência-Executiva Teresina/PI.</p><p class="assina">RODRIGO DIAS MEIRELES</p><p class="cargo">Substituto</p>]]></Texto>
  </body>
  <Midias />
</article></xml>