﻿<xml><article id="30090464" name="PORT 6 EXERC PROV Secao 2" idOficio="9350400" pubName="DO2" artType="Portaria" pubDate="13/01/2023" artClass="00018:00002:00021:00000:00000:00000:00000:00000:00000:00000:00017:00000" artCategory="Ministério da Educação/Secretaria Executiva/Subsecretaria de Assuntos Administrativos" artSize="12" artNotes="" numberPage="19" pdfPage="http://pesquisa.in.gov.br/imprensa/jsp/visualiza/index.jsp?data=13/01/2023&amp;jornal=529&amp;pagina=19" editionNumber="10" highlightType="" highlightPriority="" highlight="" highlightimage="" highlightimagename="" idMateria="20254904">
  <body>
    <Identifica><![CDATA[ PORTARIA Nº 6, DE 11 DE JANEIRO DE 2023]]></Identifica>
    <Data><![CDATA[]]></Data>
    <Ementa />
    <Titulo />
    <SubTitulo />
    <Texto><![CDATA[<p></p><p class="identifica">PORTARIA Nº 6, DE 11 DE JANEIRO DE 2023</p><p>A SUBSECRETÁRIA DE ASSUNTOS ADMINISTRATIVOS DO MINISTÉRIO DA EDUCAÇÃO, de conformidade com a delegação de competência outorgada pelo art. 1º da Portaria SEGEP/MP nº 1.166, publicada no DOU de 12 de julho de 2012; considerando o disposto no §2º do art. 84 da Lei nº 8.112, de 11 de dezembro de 1990; e por força de decisão da 2ª Vara Federal Cível e Criminal da Subseção Judiciária de Sinop/MT, nos autos do Mandado de Segurança nº 1005124-65.2022.4.01.3603, resolve efetivar o seguinte exercício provisório:</p><p>Servidora: ZULMA GESSICA VASQUEZ LOPES</p><p>Mat. Siape: 3258268</p><p>Cargo: Assistente em Administração</p><p>Origem: Fundação Universidade Federal de Mato Grosso</p><p>Para: Instituto Federal de Santa Catarina - Campus Tubarão</p><p>Processo: 23108.095624/2022-18</p><p>Art. 1º Caberá ao órgão de destino apresentar a servidora ao seu órgão de origem, ao término do exercício provisório.</p><p>Art. 2º Esta Portaria entra em vigor na data de sua publicação.</p><p class="assina">CARLA BAKSYS PINTO</p><p></p>]]></Texto>
  </body>
  <Midias />
</article></xml>