﻿<xml><article id="30093414" name="Port48P" idOficio="9350865" pubName="DO2" artType="Portaria" pubDate="13/01/2023" artClass="00007:00058:00001:00000:00000:00000:00000:00000:00000:00000:00017:00000" artCategory="Ministério da Agricultura, Pecuária e Abastecimento/Instituto Nacional de Colonização e Reforma Agrária/Gabinete" artSize="12" artNotes="" numberPage="5" pdfPage="http://pesquisa.in.gov.br/imprensa/jsp/visualiza/index.jsp?data=13/01/2023&amp;jornal=529&amp;pagina=5" editionNumber="10" highlightType="" highlightPriority="" highlight="" highlightimage="" highlightimagename="" idMateria="20255595">
  <body>
    <Identifica><![CDATA[ PORTARIA Nº 48, DE 12 DE JANEIRO DE 2023]]></Identifica>
    <Data><![CDATA[]]></Data>
    <Ementa />
    <Titulo />
    <SubTitulo />
    <Texto><![CDATA[<p class="identifica">PORTARIA Nº 48, DE 12 DE JANEIRO DE 2023</p><p>O PRESIDENTE DO INSTITUTO NACIONAL DE COLONIZAÇÃO E REFORMA AGRÁRIA SUBSTITUTO - INCRA, no uso da competência que lhe foi subdelegada pela Portaria/MAPA/nº 509, de 08 de novembro de 2022, publicada no Diário Oficial da União do dia 09 seguinte, e considerando o que consta no Processo Administrativo nº 54000.004352/2023-68, resolve:</p><p>EXONERAR GILMAR TIETBOHL RODRIGUES, do cargo de Superintendente Regional, da Superintendência Regional do Incra no Estado do Rio Grande do Sul, código CCE-1.13.</p><p class="assina">CÉSAR FERNANDO SCHIAVON ALDRIGHI</p>]]></Texto>
  </body>
  <Midias />
</article></xml>