﻿<xml><article id="30092039" name="Of. 558 - PORTARIA NA 28 2023 GR" idOficio="9350649" pubName="DO2" artType="Portaria" pubDate="13/01/2023" artClass="00018:00145:00001:00000:00000:00000:00000:00000:00000:00000:00017:00002" artCategory="Ministério da Educação/Fundação Universidade Federal de Rondônia/Reitoria" artSize="12" artNotes="" numberPage="36" pdfPage="http://pesquisa.in.gov.br/imprensa/jsp/visualiza/index.jsp?data=13/01/2023&amp;jornal=529&amp;pagina=36" editionNumber="10" highlightType="" highlightPriority="" highlight="" highlightimage="" highlightimagename="" idMateria="20255213">
  <body>
    <Identifica><![CDATA[ PORTARIA Nº 28/GR/UNIR, DE 12 DE JANEIRO DE 2023]]></Identifica>
    <Data><![CDATA[]]></Data>
    <Ementa />
    <Titulo />
    <SubTitulo />
    <Texto><![CDATA[<p class="identifica">PORTARIA Nº 28/GR/UNIR, DE 12 DE JANEIRO DE 2023</p><p>O VICE-REITOR DA FUNDAÇÃO UNIVERSIDADE FEDERAL DE RONDÔNIA (UNIR), no uso das atribuições que lhe são conferidas mediante o artigo 7º da Lei nº 7.011, de 08 de julho de 1982; os artigos 11 e 13 do Estatuto da UNIR; a Portaria nº 950/2019/GR/UNIR, de 23 de dezembro de 2019, publicada no DOU nº 248, de 24/12/2019, seção 2, p. 36; e considerando o que consta no processo nº 23118.016739/2022-35, resolve:</p><p>Art. 1º Designar o servidor docente JACINTO PEDRO PINTO LEÃO, SIAPE nº 1325138, ocupante do cargo de Professor do Magistério Superior, lotado no Departamento Acadêmico de Ciências da Educação (DACE), para a função de Chefe pró-tempore do Departamento Acadêmico de Ciências da Educação (DACE), Campus Guajará-Mirim, Função Comissionada de Coordenação de Cursos (FCC), pelo período de 60 (sessenta) dias, a contar de 14/01/2023, em razão de processo eleitoral não concluído.</p><p>Art. 2º Designar o servidor docente HILTER GOMES VIDEIRA, SIAPE nº 3280707, para a função de Vice-chefe pró-tempore do Departamento Acadêmico de Ciências da Educação (DACE), Campus Guajará-Mirim, pelo período de 60 (sessenta) dias, a contar de 14/01/2023, em razão de processo eleitoral não concluído.</p><p>Art. 3º Esta portaria entra em vigor na data de sua publicação no Diário Oficial a União.</p><p class="assina">José Juliano Cedaro</p>]]></Texto>
  </body>
  <Midias />
</article></xml>