﻿<xml><article id="30092871" name="ATO Portaria SGP NA 11" idOficio="9350757" pubName="DO2" artType="Portaria" pubDate="13/01/2023" artClass="00047:00001:00008:00005:00000:00000:00000:00000:00000:00000:00017:00011" artCategory="Poder Judiciário/Supremo Tribunal Federal/Secretaria do Tribunal/Secretaria de Gestão de Pessoas" artSize="12" artNotes="" numberPage="49" pdfPage="http://pesquisa.in.gov.br/imprensa/jsp/visualiza/index.jsp?data=13/01/2023&amp;jornal=529&amp;pagina=49" editionNumber="10" highlightType="" highlightPriority="" highlight="" highlightimage="" highlightimagename="" idMateria="20255401">
  <body>
    <Identifica><![CDATA[ Portaria SGP Nº 11, DE 12 DE janeiro DE 2023]]></Identifica>
    <Data><![CDATA[]]></Data>
    <Ementa />
    <Titulo />
    <SubTitulo />
    <Texto><![CDATA[<p class="identifica">Portaria SGP Nº 11, DE 12 DE janeiro DE 2023</p><p>O SECRETÁRIO DE GESTÃO DE PESSOAS DO SUPREMO TRIBUNAL FEDERAL, no uso das atribuições conferidas pelo Regulamento da Secretaria do Supremo Tribunal Federal e tendo em vista o art. 35, II, da Lei nº 8.112, de 11 dezembro de 1990, resolve:</p><p>Dispensar, a pedido, JAQUELINE GEBRIM E SILVA, Técnico Judiciário, área Administrativa, da função comissionada de Assistente II, nível FC-2, da Gerência da Folha de Pagamentos de Ativos.</p><p class="assina">CÍCERO RODRIGUES DE OLIVEIRA GOMES</p>]]></Texto>
  </body>
  <Midias />
</article></xml>