﻿<xml><article id="30090885" name="ATO PORTARIA 533" idOficio="9350511" pubName="DO2" artType="Portaria" pubDate="13/01/2023" artClass="00015:00041:00034:00008:00009:00000:00000:00000:00000:00000:00017:00015" artCategory="Ministério da Economia/Secretaria Especial de Desburocratização, Gestão e Governo Digital/Secretaria de Gestão e Desempenho de Pessoal/Departamento de Centralização de Serviços de Inativos, Pensionistas e Órgãos Extintos/Divisão de Pessoal no Ex-Território Federal de Rondônia" artSize="12" artNotes="" numberPage="16" pdfPage="http://pesquisa.in.gov.br/imprensa/jsp/visualiza/index.jsp?data=13/01/2023&amp;jornal=529&amp;pagina=16" editionNumber="10" highlightType="" highlightPriority="" highlight="" highlightimage="" highlightimagename="" idMateria="20255015">
  <body>
    <Identifica><![CDATA[ PORTARIA Nº 533,  DE 10 DE JANEIRO DE 2023]]></Identifica>
    <Data><![CDATA[]]></Data>
    <Ementa />
    <Titulo />
    <SubTitulo />
    <Texto><![CDATA[<p class="identifica">PORTARIA Nº 533, DE 10 DE JANEIRO DE 2023</p><p>O CHEFE DA DIVISÃO DE PESSOAL NO EX-TERRITÓRIO FEDERAL DE RONDÔNIA DO DEPARTAMENTO DE CENTRALIZAÇÃO DE SERVIÇOS DE INATIVOS E PENSIONISTAS DO MINISTÉRIO DA ECONOMIA, no uso da competência que lhe foi delegada pela Portaria SGP Nº 2662, de 24 de março de 2022, publicada no DOU de 25 de março de 2022, resolve:</p><p>Art. 1º Enquadrar o servidor FRANCISCO APARECIDO FERREIRA, matricula SIAPE nº 0693685, na Carreira de Magistério do Ensino Básico, Técnico e Tecnológico, estruturada pela Lei 12.772, de 28 de dezembro de 2012, a contar de 26 de Setembro de 2022, com posicionamento na Classe D, Nível 401, fundamentada na Portaria nº 232, de 23 de Setembro de 2022, publicado na Seção 2, Pág. 25, do DOU de 26 de Setembro de 2022 - (Processo nº 14022.175594/2022-81).</p><p>Art. 2º Esta Portaria entra em vigor da data de sua publicação.</p><p class="assina">JOÃO BOSCO COSTA</p>]]></Texto>
  </body>
  <Midias />
</article></xml>