﻿<xml><article id="30091053" name="Ordenador de Despesas - CR JPA 2" idOficio="9350525" pubName="DO2" artType="Portaria" pubDate="13/01/2023" artClass="00020:00037:00000:00000:00000:00000:00000:00000:00000:00000:00017:00000" artCategory="Ministério da Justiça e Segurança Pública/Fundação Nacional do Índio" artSize="12" artNotes="" numberPage="40" pdfPage="http://pesquisa.in.gov.br/imprensa/jsp/visualiza/index.jsp?data=13/01/2023&amp;jornal=529&amp;pagina=40" editionNumber="10" highlightType="" highlightPriority="" highlight="" highlightimage="" highlightimagename="" idMateria="20255056">
  <body>
    <Identifica><![CDATA[ PORTARIA FUNAI Nº 599, DE 4 DE JANEIRO DE 2023]]></Identifica>
    <Data><![CDATA[]]></Data>
    <Ementa />
    <Titulo />
    <SubTitulo />
    <Texto><![CDATA[<p class="identifica">PORTARIA FUNAI Nº 599, DE 4 DE JANEIRO DE 2023</p><p>A PRESIDENTE SUBSTITUTA DA FUNDAÇÃO NACIONAL DOS POVOS INDÍGENAS - FUNAI, no uso das atribuições que lhe são conferidas pelo Estatuto, aprovado pelo Decreto nº 11.226, de 07 de outubro de 2022, resolve:</p><p>Art. 1º Delegar competência ao servidor MANOEL DOMINGOS DE LIRA NETO, matrícula n° 1818697, para, nos afastamentos e impedimentos regulamentares do Ordenador de Despesa titular e do seu substituto, atuar como Ordenador de Despesas no âmbito da Coordenação Regional João Pessoa.</p><p>Art. 2º Esta Portaria entra em vigor na data de sua publicação.</p><p class="assina">MARIA JANETE ALBUQUERQUE DE CARVALHO</p>]]></Texto>
  </body>
  <Midias />
</article></xml>