﻿<xml><article id="30093570" name="Portaria_IFSP_2023_159" idOficio="9350929" pubName="DO2" artType="Portaria" pubDate="13/01/2023" artClass="00018:00073:00044:00002:00003:00000:00000:00000:00000:00000:00017:00006" artCategory="Ministério da Educação/Instituto Federal de Educação, Ciência e Tecnologia de São Paulo/Pró-Reitoria de Administração/Diretoria Administrativa/Gerência de Recursos Humanos" artSize="12" artNotes="" numberPage="24" pdfPage="http://pesquisa.in.gov.br/imprensa/jsp/visualiza/index.jsp?data=13/01/2023&amp;jornal=529&amp;pagina=24" editionNumber="10" highlightType="" highlightPriority="" highlight="" highlightimage="" highlightimagename="" idMateria="20255637">
  <body>
    <Identifica><![CDATA[ PORTARIA Nº 159/IFSP, DE 12 DE JANEIRO DE 2023]]></Identifica>
    <Data><![CDATA[]]></Data>
    <Ementa />
    <Titulo />
    <SubTitulo />
    <Texto><![CDATA[<p class="identifica">PORTARIA Nº 159/IFSP, DE 12 DE JANEIRO DE 2023</p><p>O REITOR DO INSTITUTO FEDERAL DE EDUCAÇÃO, CIÊNCIA E TECNOLOGIA DE SÃO PAULO, no uso de suas atribuições legais, conferidas pelo Decreto de 5 de abril de 2021, publicado no Diário Oficial da União de 6 de abril de 2021, seção 2, página 1 e o que consta no Processo nº 23305.000604.2023-21, resolve:</p><p>Art. 1º Designar os(as) servidores(as) abaixo para exercer enquanto Substitutos Interinos do(a) Diretoria de Arte, Cultura Esporte e Lazer da Reitoria, do(a) Cargo de Direção (CD - 04), nos seus afastamentos, licenças, impedimentos legais, temporários e eventuais, de acordo com o Decreto nº 9.727, de 15 de março de 2019, e Portaria IFSP nº 203, de 18 de janeiro de 2021.</p><p>1. Servidora PRISCILA DE AQUINO MATOS, pertencente ao quadro permanente do IFSP, SIAPE nº 191****, ocupante do cargo de Assistente em Administração;</p><p>2. Servidora CYNTHIA LUSHIUEN SHIEH, pertencente ao quadro permanente do IFSP, SIAPE nº 214****, ocupante do cargo de Pedagogo-area;</p><p>3. Servidor HERMINIO DE ALMEIDA FILHO, pertencente ao quadro permanente do IFSP, SIAPE nº 324****, ocupante do cargo de Assistente em Administração;</p><p>4. Servidor MARCOS DE FREITAS, pertencente ao quadro permanente do IFSP, SIAPE nº 330****, ocupante do cargo de Assistente em Administração;</p><p>5. Servidora PRISCILLA NAJARA DAGEL SOUZA, pertencente ao quadro permanente do IFSP, SIAPE nº 222****, ocupante do cargo de Assistente em Administração;</p><p>Art. 2º Esta Portaria entra em vigor a partir da publicação.</p><p>Art. 3º Fica revogada a Portaria nº 5511/IFSP, DE 20 DE SETEMBRO DE 2022, publicada em 22/09/2022.</p><p class="assina">Silmario Batista Dos Santos</p>]]></Texto>
  </body>
  <Midias />
</article></xml>