﻿<xml><article id="30084802" name="Portaria 39_2023 Exonerar LUIS R" idOficio="9349340" pubName="DO2" artType="Portaria" pubDate="13/01/2023" artClass="00018:00085:00001:00029:00000:00000:00000:00000:00000:00000:00017:00004" artCategory="Ministério da Educação/Universidade Federal da Bahia/Reitoria/Pró-Reitoria de Desenvolvimento de Pessoas" artSize="12" artNotes="" numberPage="26" pdfPage="http://pesquisa.in.gov.br/imprensa/jsp/visualiza/index.jsp?data=13/01/2023&amp;jornal=529&amp;pagina=26" editionNumber="10" highlightType="" highlightPriority="" highlight="" highlightimage="" highlightimagename="" idMateria="20253423">
  <body>
    <Identifica><![CDATA[ PORTARIA Nº 39, DE  12 DE JANEIRO DE 2023]]></Identifica>
    <Data><![CDATA[]]></Data>
    <Ementa />
    <Titulo />
    <SubTitulo />
    <Texto><![CDATA[<p class="identifica">PORTARIA Nº 39, DE 12 DE JANEIRO DE 2023</p><p>O Pró-Reitor de Desenvolvimento de Pessoas, no uso de suas atribuições legais previstas na Portaria de delegação de competência nº 448, de 17 de maio de 2011, tendo em vista o que consta do Processo nº 23066.069780/2022-67, resolve:</p><p>Exonerar a pedido, a partir de 1º de janeiro de 2023, LUIS RODRIGO COSME RODRIGUES COSTA, matrícula SIAPE nº 2789374, ocupante do cargo de Professor do Magistério Superior, Denominação Assistente, Classe B, Nível 1, lotado na Escola Politécnica desta Universidade, de acordo com os artigos 33, inciso I e 34, cáput, da Lei 8.112/90.</p><p class="assina">Jeilson Barreto Andrade</p><p></p>]]></Texto>
  </body>
  <Midias />
</article></xml>