﻿<xml><article id="30091564" name="Gestor Financeiro Substituta 202" idOficio="9350563" pubName="DO2" artType="Portaria" pubDate="13/01/2023" artClass="00020:00037:00000:00000:00000:00000:00000:00000:00000:00000:00017:00000" artCategory="Ministério da Justiça e Segurança Pública/Fundação Nacional do Índio" artSize="12" artNotes="" numberPage="40" pdfPage="http://pesquisa.in.gov.br/imprensa/jsp/visualiza/index.jsp?data=13/01/2023&amp;jornal=529&amp;pagina=40" editionNumber="10" highlightType="" highlightPriority="" highlight="" highlightimage="" highlightimagename="" idMateria="20255119">
  <body>
    <Identifica><![CDATA[ PORTARIA FUNAI Nº 597, DE 2 DE JANEIRO DE 2023]]></Identifica>
    <Data><![CDATA[]]></Data>
    <Ementa />
    <Titulo />
    <SubTitulo />
    <Texto><![CDATA[<p class="identifica">PORTARIA FUNAI Nº 597, DE 2 DE JANEIRO DE 2023</p><p>A PRESIDENTE SUBSTITUTA DA FUNDAÇÃO NACIONAL DOS POVOS INDÍGENAS - FUNAI, no uso das atribuições que lhe são conferidas pelo Estatuto, aprovado pelo Decreto nº 11.226, de 07 de outubro de 2022, resolve:</p><p>Art. 1º Designar a servidora JINNY KAYSE RODRIGUES DE ARAUJO, Matrícula SIAPE 1850675, para atuar como Gestor Financeiro substituto no âmbito da Coordenação Regional de Roraima/RR.</p><p>Art. 2º Revogar a Portaria nº 449/PRES, publicada no Diário Oficial da União de 31 de março de 2022.</p><p>Art. 3º Esta Portaria entra em vigor na data de sua publicação.</p><p class="assina">MARIA JANETE ALBUQUERQUE DE CARVALHO</p>]]></Texto>
  </body>
  <Midias />
</article></xml>