﻿<xml><article id="30093066" name="2023-01-12/9350766/SIGEPE_202554" idOficio="9350766" pubName="DO2" artType="Portaria" pubDate="13/01/2023" artClass="00015:00050:00000:00000:00000:00000:00000:00000:00000:00000:00017:08089" artCategory="Ministério da Economia/Superintendência de Seguros Privados" artSize="12" artNotes="" numberPage="18" pdfPage="http://pesquisa.in.gov.br/imprensa/jsp/visualiza/index.jsp?data=13/01/2023&amp;jornal=529&amp;pagina=18" editionNumber="10" highlightType="" highlightPriority="" highlight="" highlightimage="" highlightimagename="" idMateria="20255480">
  <body>
    <Identifica><![CDATA[ Portaria SUSEP nº 8.089, de 12 de Janeiro de 2023]]></Identifica>
    <Data><![CDATA[]]></Data>
    <Ementa />
    <Titulo />
    <SubTitulo />
    <Texto><![CDATA[<p class="identifica">Portaria SUSEP nº 8.089, de 12 de Janeiro de 2023</p><p>O SUPERINTENDENTE SUBSTITUTO DA SUPERINTENDÊNCIA DE SEGUROS PRIVADOS - SUSEP, no uso das atribuições que lhe confere o artigo 41, inciso V, do Regimento Interno anexo à Resolução CNSP nº 449, de 18 de outubro de 2022, e conforme competências contidas na Portaria ME nº 7.081, de 9 de agosto de 2022, resolve:</p><p>EXONERAR THAIS RUCO, matrícula Siape nº 3293142, do Cargo em Comissão de Chefe da Assessoria de Comunicação - ASCOM, código CCE 1.13, para o qual foi nomeada pela Portaria Susep nº 7.977, publicada no DOU de 07 de junho de 2022, seção 2, página 19 e apostila publicada em Boletim de Pessoal em 27 de outubro de 2022.</p><p class="assina">CARLOS ROBERTO ALVES DE QUEIROZ</p><p></p>]]></Texto>
  </body>
  <Midias />
</article></xml>