﻿<xml><article id="30089078" name="UFVDOU0007-de 12.01.2023-portari" idOficio="9350185" pubName="DO2" artType="Portaria" pubDate="13/01/2023" artClass="00018:00152:00001:00000:00000:00000:00000:00000:00000:00000:00017:00000" artCategory="Ministério da Educação/Fundação Universidade Federal de Viçosa/Reitoria" artSize="12" artNotes="" numberPage="36" pdfPage="http://pesquisa.in.gov.br/imprensa/jsp/visualiza/index.jsp?data=13/01/2023&amp;jornal=529&amp;pagina=36" editionNumber="10" highlightType="" highlightPriority="" highlight="" highlightimage="" highlightimagename="" idMateria="20254494">
  <body>
    <Identifica><![CDATA[ PORTARIA Nº 28, DE 12 DE JANEIRO DE 2023]]></Identifica>
    <Data><![CDATA[]]></Data>
    <Ementa />
    <Titulo />
    <SubTitulo />
    <Texto><![CDATA[<p class="identifica">PORTARIA Nº 28, DE 12 DE JANEIRO DE 2023</p><p>O Reitor da Universidade Federal de Viçosa, no uso de suas atribuições, conferidas pelo Decreto de 23/05/2019, publicado no Diário Oficial da União de 24/05/2019, considerando o que consta do Processo SEI 23114.924516/2022-83, resolve:</p><p>1. Conceder aposentadoria voluntária, por tempo de contribuição, com proventos integrais, a LUIZA LÚCIA E SILVA SANTANA, matrículas 5384-8/UFV e 0429178-9/Siape, ocupante da vaga nº 337664 do cargo de Pedagogo/Área, nível de classificação E, nível de capacitação IV, padrão de vencimento 16, do Quadro de Pessoal da Universidade Federal de Viçosa, nos termos do art. 3º da Emenda Constitucional nº 47, de 05/07/2005, publicada no DOU de 06/07/2005, c/c art. 3º da Emenda Constitucional nº 103, de 12/11/2019, publicada no DOU de 13/11/2019; com a vantagem pessoal prevista no Artigo 62-A da Lei 8.112/1990, correspondente a 2/10 (dois décimos) da função gratificada FG-2 e 6/10 (seis décimos) da função gratificada FG-6; 2. declarar vago o referido cargo.</p><p class="assina">DEMETRIUS DAVID DA SILVA</p>]]></Texto>
  </body>
  <Midias />
</article></xml>