﻿<xml><article id="30088726" name="006" idOficio="9350134" pubName="DO2" artType="Portaria" pubDate="13/01/2023" artClass="00018:00066:00000:00000:00000:00000:00000:00000:00000:00000:00017:00001" artCategory="Ministério da Educação/Instituto Federal de Educação, Ciência e Tecnologia do Piauí" artSize="12" artNotes="" numberPage="22" pdfPage="http://pesquisa.in.gov.br/imprensa/jsp/visualiza/index.jsp?data=13/01/2023&amp;jornal=529&amp;pagina=22" editionNumber="10" highlightType="" highlightPriority="" highlight="" highlightimage="" highlightimagename="" idMateria="20254405">
  <body>
    <Identifica><![CDATA[ PORTARIA  nº 53/GAB/REI/IFPI, de 11 de janeiro de 2023]]></Identifica>
    <Data><![CDATA[]]></Data>
    <Ementa />
    <Titulo />
    <SubTitulo />
    <Texto><![CDATA[<p class="identifica">PORTARIA nº 53/GAB/REI/IFPI, de 11 de janeiro de 2023</p><p>A REITORA DO INSTITUTO FEDERAL DE EDUCAÇÃO, CIÊNCIA E TECNOLOGIA DO PIAUÍ, em exercício, no uso de suas atribuições legais e tendo em vista o disposto no Processo nº 23188.000607/2022-68, resolve:</p><p></p><p>Nomear a servidora Lizia Barbosa Rocha, ocupante do cargo de Técnico em Contabilidade, Nível de Classificação D, Nível de Capacitação IV, matrícula SIAPE nº 2406404, lotada no Campus Campo Maior, em colaboração técnica na Reitoria para responder, como substituta, pelo cargo de Chefe do Departamento de Acompanhamento e Monitoramento da Execução Orçamentária da Reitoria, Código CD-4, no período de 16/01 a 22/01/2023, em razão do afastamento da titular, a servidora Janaína Peres da Silva Galeno, matrícula SIAPE nº 1816156, que estará em gozo de férias no período mencionado.</p><p class="assina">LARISSA SANTIAGO DE AMORIM</p><p></p><p class="identifica">PORTARIA nº 56/GAB/REI/IFPI, DE 11 DE JANEIRO DE 2023</p><p>A REITORA DO INSTITUTO FEDERAL DE EDUCAÇÃO, CIÊNCIA E TECNOLOGIA DO PIAUÍ, em exercício, no uso de suas atribuições legais e tendo em vista o disposto no Processo nº 23172.002832/2022-16, resolve:</p><p></p><p>Nomear o servidor Emmanuel Wassermann Moraes e Luz, Diretor de Pós-Graduação, ocupante do cargo de Professor do Ensino Básico, Técnico e Tecnológico, Classe D IV, Nível 4, matrícula SIAPE nº 1453599, em exercício na Reitoria, para exercer, como substituto, a função de Pró-Reitor de Pesquisa, Pós-Graduação e Inovação do referido campus, Código CD-2, no período de 02/01 a 13/01/2023, em razão do afastamento do titular, o servidor José Luís de Oliveira e Silva, matrícula SIAPE nº 1561121, que está em gozo de férias no período mencionado.</p><p class="assina">LARISSA SANTIAGO DE AMORIM</p><p class="identifica">PORTARIA nº 58/GAB/REI/IFPI, de 11 de janeiro de 2023</p><p>A REITORA DO INSTITUTO FEDERAL DE EDUCAÇÃO, CIÊNCIA E TECNOLOGIA DO PIAUÍ, em exercício, no uso de suas atribuições legais e tendo em vista o disposto no Processo nº 23181.000942/2022-26, resolve:</p><p></p><p>Nomear o servidor Ary Fagner Costa Pinhão, Coordenador de Compras e Licitação, ocupante do cargo de Assistente em Administração, Nível de Classificação D, Nível de Capacitação III, matrícula SIAPE nº 3128739, lotado no Campus Corrente, para responder, cumulativamente, como substituto do Chefe do Departamento de Administração do referido campus, Código CD-4, no período de 02/01 a 16/01/2023, em razão do afastamento do titular, o servidor Gesivaldo Semirames de Carvalho, matrícula SIAPE nº 1757743, que está em gozo de férias no período mencionado.</p><p class="assina">LARISSA SANTIAGO DE AMORIM</p><p class="identifica">PORTARIA nº 59/GAB/REI/IFPI, de 11 de janeiro de 2023</p><p>A REITORA DO INSTITUTO FEDERAL DE EDUCAÇÃO, CIÊNCIA E TECNOLOGIA DO PIAUÍ, em exercício, no uso de suas atribuições legais e tendo em vista o disposto no Processo nº 23182.001231/2022-69, resolve:</p><p></p><p>Nomear a servidora Laise Nunes da Conceição, Chefe de Gabinete, Nível de Classificação D, Nível de Classificação IV, Matrícula SIAPE nº 1155252, lotada no Campus Angical, para exercer, cumulativamente, a função de Diretora-Geral do referido campus, Código CD- 2, no período de 09/01 a 20/01/2023, em razão do afastamento do titular, o servidor Rogério Sousa Azevedo, matrícula SIAPE nº 1838175, que está em gozo de férias no período mencionado.</p><p class="assina">LARISSA SANTIAGO DE AMORIM</p><p class="identifica">PORTARIA nº 62/GAB/REI/IFPI, de 12 de janeiro de 2023</p><p>A REITORA DO INSTITUTO FEDERAL DE EDUCAÇÃO, CIÊNCIA E TECNOLOGIA DO PIAUÍ, em exercício, no uso de suas atribuições legais e tendo em vista o disposto no Processo nº 23187.000007/2023-91, resolve:</p><p></p><p>Nomear o servidor Laécio Alfredo da Silva Martins, Coordenador de Patrimônio e Almoxarifado, ocupante do cargo de Assistente em Administração, Nível de Classificação D, Nível de Capacitação IV, matrícula SIAPE nº 1911039, lotado no Campus Valença, para exercer, cumulativamente, como substituto, a função de Chefe do Departamento de Administração e Planejamento do referido campus, Código CD-4, no período de 02/01 a 31/01/2023, em razão do afastamento do titular, o servidor Flávio Sousa Santos, matrícula SIAPE nº 1757587, que está em gozo de férias no período mencionado.</p><p class="assina">LARISSA SANTIAGO DE AMORIM</p><p class="identifica">PORTARIA nº 64/GAB/REI/IFPI, de 12 de janeiro de 2023</p><p>A REITORA DO INSTITUTO FEDERAL DE EDUCAÇÃO, CIÊNCIA E TECNOLOGIA DO PIAUÍ, em exercício, no uso de suas atribuições legais e tendo em vista o disposto no Processo nº 23055.003847/2022-20, resolve:</p><p></p><p>Nomear a servidora Louise Tatiana Mendes Rodrigues, Coordenadora do Curso de Administração, ocupante do cargo de Professor do Ensino Básico, Técnico e Tecnológico, Classe D IV, Nível 1, matrícula SIAPE nº 1538998, lotada no Campus Teresina Central, para exercer, cumulativamente, como substituta, a função de Chefe do Departamento de Gestão e Negócios do referido campus, Código CD-4, no período de 04/01 a 31/01/2023, em razão do afastamento da titular, a servidora Inara Erice de Souza Alves Raulino Lopes, matrícula SIAPE nº 2011852, que está em gozo de férias no período mencionado.</p><p class="assina">LARISSA SANTIAGO DE AMORIM</p><p class="identifica">PORTARIA nº 65/GAB/REI/IFPI, de 12 de janeiro de 2023</p><p>A REITORA DO INSTITUTO FEDERAL DE EDUCAÇÃO, CIÊNCIA E TECNOLOGIA DO PIAUÍ, em exercício, no uso de suas atribuições legais e tendo em vista o disposto no Processo nº 23176.000928/2022-00, resolve:</p><p></p><p>Reconhecer a servidora Leidiana da Silva Lima Freitas, ocupante do cargo de Técnico em Assuntos Educacionais, Nível de Classificação E, Nível de Capacitação IV, matrícula SIAPE nº 2759175, lotada no Campus Piripiri, como substituta da Diretora de Ensino do referido campus, Código CD-3, no período de 02/01 a 08/01/2023, em razão do afastamento da titular, a servidora Jorgelene de Sousa Lima, matrícula SIAPE nº 1957137, que estava em gozo de férias no período mencionado.</p><p class="assina">LARISSA SANTIAGO DE AMORIM</p>]]></Texto>
  </body>
  <Midias />
</article></xml>