﻿<xml><article id="30093003" name="2023-01-12/9350795/SIGEPE_202555" idOficio="9350795" pubName="DO2" artType="Portaria" pubDate="13/01/2023" artClass="00018:00037:00000:00000:00000:00000:00000:00000:00000:00000:00017:00059" artCategory="Ministério da Educação/Centro Federal de Educação Tecnológica Celso Suckow da Fonseca" artSize="12" artNotes="" numberPage="19" pdfPage="http://pesquisa.in.gov.br/imprensa/jsp/visualiza/index.jsp?data=13/01/2023&amp;jornal=529&amp;pagina=19" editionNumber="10" highlightType="" highlightPriority="" highlight="" highlightimage="" highlightimagename="" idMateria="20255502">
  <body>
    <Identifica><![CDATA[ Portaria CEFET-RJ nº 59, de 12 de Janeiro de 2023]]></Identifica>
    <Data><![CDATA[]]></Data>
    <Ementa />
    <Titulo />
    <SubTitulo />
    <Texto><![CDATA[<p class="identifica">Portaria CEFET-RJ nº 59, de 12 de Janeiro de 2023</p><p>O DIRETOR-GERAL DO CENTRO FEDERAL DE EDUCAÇÃO TECNOLÓGICA CELSO SUCKOW DA FONSECA, designado pela Portaria MEC nº 165, de 24/03/2021, publicada no D.O.U. de 25/03/2021, Seção 2, pág. 23, no uso de suas atribuições, de acordo com a Lei nº 10.520, de 17 de julho de 2002 e o Decreto nº 10.024, de 10 de setembro de 2019, resolve:</p><p>Art. 1º - Designar por período indeterminado e até a eventual revogação desta Portaria, com fulcro no Art. 16, § 2º, do Decreto 10.024/2019, os responsáveis pelos trabalhos advindos da modalidade de licitação Pregão, no âmbito deste Centro, os seguintes servidores:</p><p>Pregoeiros:</p><p>André Gustavo Lima Lins, matrícula SIAPE nº 1696579; Christiane Rocha Pereira, matrícula SIAPE nº 1852333; Clélia Vieira de Oliveira, matrícula SIAPE nº 2295164; Cristiane de Melo Cabral, matrícula SIAPE nº 2852456; Cristiano Goulart Novaes, matrícula SIAPE nº 2177759; Dário Antônio Aparecido Jacintho Sanches, matrícula SIAPE nº 1710679; Elisabeth Couto Parkutz Costa Nelson, matrícula SIAPE nº 1852471; Fabrício Chiaradia Leal da Silva, matrícula SIAPE nº 2384277; Gabriel Cornélio Moura, matrícula SIAPE nº 1710597; Guilherme Henrique Cardoso de Marins, matrícula SIAPE nº 2218070; Igor Fellipe Boroto Thomaz do Carmo, matrícula SIAPE nº 2177280; Jorge Alberto Silva Cerdeira, matrícula SIAPE nº 1753297, Laice de Souza Scotelano, matrícula SIAPE nº 2182011; Liz Borges Silva, matrícula SIAPE nº 2182016; Luana Carrilho Costa, matrícula nº 2177278; Lucas Santos de Souza, matrícula SIAPE nº 2184063; Luis Phillipe da Silva Inglat, matrícula SIAPE nº 2184087; Luiz Henrique Cirne de Souza, matrícula SIAPE nº 2181244; Márcio Oliveras Giangrande, matrícula SIAPE nº 2179849; Melina Pompeu de Lima, matrícula SIAPE nº 1667558; Patrícia Cerqueira da Gama Lompreta Azambuja, matrícula SIAPE nº 1710648; Pedro Ronaldo Ventura Loures, matrícula SIAPE nº 2180754; Rodrigo Martins de Oliveira, matrícula SIAPE nº 2180532; Tadeu Botelho de Souza, matrícula SIAPE nº 2177770; Ueliton da Costa Leonídio, matrícula SIAPE nº 1811845; Vitor Neves Cabral, matrícula SIAPE nº 1971811; Wagner do Carmo Guimarães, matrícula SIAPE nº 1126404.</p><p>Equipe de apoio:</p><p>André Gustavo Lima Lins, matrícula SIAPE nº 1696579; Carlos Silva de Jesus, matrícula SIAPE nº 1650315; Christiane Rocha Pereira, matrícula SIAPE nº 1852333; Clélia Vieira de Oliveira, matrícula SIAPE nº 2295164; Cristiane de Melo Cabral, matrícula SIAPE nº 2852456; Cristiano Goulart Novaes, matrícula SIAPE nº 2177759; Dário Antônio Aparecido Jacintho Sanches, matrícula SIAPE nº 1710679; Elisabeth Couto Parkutz Costa Nelson, matrícula SIAPE nº 1852471; Fabrício Chiaradia Leal da Silva, matrícula SIAPE nº 2387244; Gabriel Cornélio Moura, matrícula SIAPE nº 1710597; Guilherme Henrique Cardoso de Marins, matrícula SIAPE nº 2218070; Igor Fellipe Boroto Thomaz do Carmo, matrícula SIAPE nº 2177280; Jacqueline Nidecker Thurller Pinto, matrícula SIAPE nº 2287554; Jorge Alberto Silva Cerdeira, matrícula SIAPE nº 1753297; Laice de Souza Scotelano, matrícula SIAPE nº 2182011; Liz Borges Silva, matrícula SIAPE nº 2182016; Luana Carrilho Costa, matrícula SIAPE nº 2177278; Lucas Santos de Souza, matrícula SIAPE nº 2184063; Luis Phillipe da Silva Inglat, matrícula SIAPE nº 2184087; Luiz Henrique Cirne de Souza, matrícula SIAPE nº 2181244; Márcio Oliveras Giangrande, matrícula SIAPE nº 2179849; Melina Pompeu de Lima, matrícula SIAPE nº 1667558; Michele Marques Gonzales, matrícula SIAPE nº 2180247; Pablo Machado de Amorim, matrícula SIAPE nº 1852961; Patrícia Cerqueira da Gama Lompreta Azambuja, matrícula SIAPE nº 1710648; Pedro Ronaldo Ventura Loures, matrícula SIAPE nº 2180754; Rita de Cássia Nicolau da Silva Luzia, matrícula SIAPE nº 1033030; Rodrigo Martins de Oliveira, matrícula SIAPE nº 2180532; Samuel Chagas da Costa, matrícula SIAPE nº 1883905; Tadeu Botelho de Souza, matrícula SIAPE nº 2177770; Ueliton da Costa Leonídio, matrícula SIAPE nº 1811845; Vitor Neves Cabral, matrícula SIAPE nº 1971811; Wagner do Carmo Guimarães, matrícula SIAPE nº 1126404; Wallace Alves Paixão Luiz, matrícula SIAPE nº 2181250.</p><p>Art. 2º - Revogar a Portaria CEFET-RJ nº 324, de 14 de abril de 2021.</p><p>Art. 3º - Esta Portaria entra em vigor na data de sua publicação no Diário Oficial da União.</p><p class="assina">MAURICIO SALDANHA MOTTA</p><p></p>]]></Texto>
  </body>
  <Midias />
</article></xml>