﻿<xml><article id="30083051" name="Portaria n. 8-2023-PR - FunAAo G" idOficio="9349021" pubName="DO2" artType="Portaria" pubDate="13/01/2023" artClass="00048:00020:00000:00000:00000:00000:00000:00000:00000:00000:00017:00000" artCategory="Entidades de Fiscalização do Exercício das Profissões Liberais/Conselho Federal de Medicina Veterinária" artSize="12" artNotes="" numberPage="55" pdfPage="http://pesquisa.in.gov.br/imprensa/jsp/visualiza/index.jsp?data=13/01/2023&amp;jornal=529&amp;pagina=55" editionNumber="10" highlightType="" highlightPriority="" highlight="" highlightimage="" highlightimagename="" idMateria="20252983">
  <body>
    <Identifica><![CDATA[ PORTARIA Nº 8 PR/DE/CFMV/SISTEMA, de 11 de janeiro de 2023]]></Identifica>
    <Data><![CDATA[]]></Data>
    <Ementa />
    <Titulo />
    <SubTitulo />
    <Texto><![CDATA[<p class="identifica">PORTARIA Nº 8 PR/DE/CFMV/SISTEMA, de 11 de janeiro de 2023</p><p>O PRESIDENTE DO CONSELHO FEDERAL DE MEDICINA VETERINÁRIA - CFMV, no uso da atribuição que lhe confere o inciso VI, art. 7º, da Resolução CFMV nº 856, de 30 de março de 2007, CONSIDERANDO o disposto na Portaria CFMV nº 83, de 29 de agosto de 2019 e suas alterações posteriores; resolve:</p><p>Art. 1º Designar Mailla da Silva Ali Fontes, matrícula nº 0338, CPF 015.807.611-78, para exercer a Função Gratificada de Confiança de Supervisora de Folha de Pagamento do Depad, que assumirá automática e cumulativamente, sem prejuízo do cargo que ocupa, nos termos do artigo 2º da Portaria n.º 83/2019.</p><p>Art. 2º As atribuições de Supervisor de Folha de Pagamento do Depad, sem prejuízo de outras que venham a ser fixadas, estão definidas no artigo 10 da Portaria CFMV nº 83/2019.</p><p>Art. 3º Esta Portaria entra em vigor na data de sua publicação.</p><p class="assina">Francisco Cavalcanti de Almeida</p>]]></Texto>
  </body>
  <Midias />
</article></xml>