﻿<xml><article id="30093012" name="2023-01-12/9350780/SIGEPE_202554" idOficio="9350780" pubName="DO2" artType="Portaria" pubDate="13/01/2023" artClass="00023:00030:00046:00000:00000:00000:00000:00000:00000:00000:00017:00017" artCategory="Ministério de Minas e Energia/Agência Nacional de Mineração/Superintendência de Desenvolvimento e Gestão Estratégica de Pessoas" artSize="12" artNotes="" numberPage="40" pdfPage="http://pesquisa.in.gov.br/imprensa/jsp/visualiza/index.jsp?data=13/01/2023&amp;jornal=529&amp;pagina=40" editionNumber="10" highlightType="" highlightPriority="" highlight="" highlightimage="" highlightimagename="" idMateria="20255456">
  <body>
    <Identifica><![CDATA[ Portaria SGP/ANM nº 17, de 12 de Janeiro de 2023]]></Identifica>
    <Data><![CDATA[]]></Data>
    <Ementa />
    <Titulo />
    <SubTitulo />
    <Texto><![CDATA[<p class="identifica">Portaria SGP/ANM nº 17, de 12 de Janeiro de 2023</p><p>A SUPERINTENDENTE DE DESENVOLVIMENTO E GESTÃO ESTRATÉGICA DE PESSOAS DA ANM, no uso da competência delegada pela Diretoria Colegiada da ANM, por meio da Portaria SEI nº 202, de 25 de março de 2019, publicada no Boletim Interno Eletrônico em 27 de março de 2019, e, considerando o disposto na Resolução ANM nº 102, de 13 de abril de 2022, publicada no DOU de 19 de abril de 2022, e demais alterações, resolve:</p><p>Art. 1º Dispensar ANDRÉ ELIAS MARQUES, matrícula SIAPE nº 1529970,  do encargo de substituto eventual do Ouvidor da ANM, código CGE II, a contar de 30 de dezembro de 2022.</p><p>Art. 2º Nomear ANDRÉ ELIAS MARQUES, matrícula SIAPE nº 1529970, para o cargo de Ouvidor Interino da ANM, código CGE II, a contar de 30 de dezembro de 2022, ficando convalidados os atos praticados no período.</p><p>Art 3º Esta portaria entra em vigor na data de sua publicação.</p><p class="assina">ALINE FERNANDES DAS CHAGAS</p><p></p>]]></Texto>
  </body>
  <Midias />
</article></xml>