﻿<xml><article id="30090870" name="PORTARIA CONJUNTA PRESI-COGER 1-" idOficio="9350530" pubName="DO2" artType="Portaria Conjunta" pubDate="13/01/2023" artClass="00047:00007:00001:00000:00000:00000:00000:00000:00000:00000:00017:00001" artCategory="Poder Judiciário/Tribunal Regional Federal da 1ª Região/Presidência" artSize="12" artNotes="" numberPage="50" pdfPage="http://pesquisa.in.gov.br/imprensa/jsp/visualiza/index.jsp?data=13/01/2023&amp;jornal=529&amp;pagina=50" editionNumber="10" highlightType="" highlightPriority="" highlight="" highlightimage="" highlightimagename="" idMateria="20255024">
  <body>
    <Identifica><![CDATA[ PORTARIA CONJUNTA PRESI/COGER Nº 1, DE 11 DE JANEIRO DE 2023]]></Identifica>
    <Data><![CDATA[]]></Data>
    <Ementa />
    <Titulo />
    <SubTitulo />
    <Texto><![CDATA[<p class="identifica">PORTARIA CONJUNTA PRESI/COGER Nº 1, DE 11 DE JANEIRO DE 2023</p><p>O VICE-PRESIDENTE DO TRIBUNAL REGIONAL FEDERAL DA 1ª REGIÃO, NO EXERCÍCIO DA PRESIDÊNCIA, e o CORREGEDOR REGIONAL DA JUSTIÇA FEDERAL DA 1ª REGIÃO, no uso de suas atribuições legais e regimentais e tendo em vista o que consta nos autos do processo administrativo PAe 0000908-45.2023.4.01.8000</p><p>CONSIDERANDO:</p><p>a) A decisão com força de Carta de Ordem, proferida em 10/1/2023, pelo Excelentíssimo Senhor Ministro Alexandre de Moraes no Inquérito 4.879/DF, que delegou parcialmente aos Juízes do Tribunal de Justiça do Distrito Federal e Territórios e do Tribunal Regional Federal da 1ª Região a competência para a realização das audiências de custódia dos presos em razão de decisão proferida no mencionado Inquérito em 8/1/2023, tendo sido autorizada expressamente a realização por meio de videoconferência;</p><p>b) A necessidade de cumprimento da referida Carta de Ordem, com elevado número de presos a serem ouvidos, bem como a exiguidade de juízes federais criminais em exercício na Seção Judiciária do Distrito Federal, resolvem:</p><p>Art. 1º INSTITUIR regime de mutirão na Seção Judiciária do Distrito Federal para a realização das audiências de custódia delegadas pelo Supremo Tribunal Federal nos autos do Inquérito 4.879/DF, nos estritos limites da decisão proferida pelo Ministro Alexandre de Moraes, exclusivamente para avaliar a regularidade formal do ato de prisão e perguntas legais e normativas, ficando reservada ao Supremo Tribunal Federal a apreciação de quaisquer pedidos das partes, inclusive no que diz respeito ao previsto no art. 310, I, II e III, do Código de Processo Penal.</p><p>Art. 2º As audiências devem ser realizadas por meio de videoconferência.</p><p>Parágrafo único. Consignar-se-ão na ata escrita da audiência de custódia:</p><p>I - o sumário da audiência;</p><p>II - eventuais pedidos formulados pelas partes, a serem apreciados pelo Supremo Tribunal Federal.</p><p>Art. 3º O prazo do mutirão de que trata esta Portaria é de 30 (trinta) dias, passível de redução ou prorrogação, conforme a evolução das audiências.</p><p>Art. 4º São designados para atuar no regime de mutirão da Seção Judiciária do Distrito Federal, sem prejuízo nas localidades de origem, os seguintes magistrados:</p><p>I. Ana Lya Ferraz da Gama Ferreira - 2ª Vara da Subseção Judiciária de Cáceres;</p><p>II. Bruno Hermes Leal - 4ª Vara da Seção Judiciária de Roraima;</p><p>III. Carlos Eduardo Castro Martins - 1ª Relatoria da 2ª Turma Recursal da Seção Judiciária do Distrito Federal;</p><p>IV. Fabrício Roriz Bressan - 3ª Vara da Seção Judiciária de Tocantins;</p><p>V. Francisco Antônio de Moura Júnior - 1ª Vara da Subseção Judiciária de Cáceres;</p><p>VI. Frederico Botelho de Barros Viana - 15ª Vara da Seção Judiciária do Distrito Federal;</p><p>VII. Gustavo André de Oliveira Santos - 1ª Vara da Seção Judiciária do Piauí;</p><p>VIII. Isaura Cristina de Oliveira Leite - 26ª Vara da Seção Judiciária do Distrito Federal;</p><p>IX. Jeferson Schneider - 5ª Vara da Seção Judiciária do Mato Grosso;</p><p>X. Laís Durval Leite - 2ª Vara da Seção Judiciária de Rondônia;</p><p>XI. Leonardo Araújo de Miranda Fernandes - 2ª Vara da Seção Judiciária do Amazonas;</p><p>XII. Leonardo Hernandez Santos Soares - 3ª Relatoria da 2ª Turma Recursal das Seções Judiciárias do Pará e do Amapá;</p><p>XIII. Leonardo Tocchetto Pauperio - 16ª Vara da Seção Judiciária do Distrito Federal;</p><p>XIV. Marcelo Gentil Monteiro - 1ª Vara da Seção Judiciária do Distrito Federal;</p><p>XV. Mateus Benato Pontalti - Vara Única Subseção Judiciária de Altamira;</p><p>XVI. Pablo Enrique Carneiro Baldivieso - Vara Única Subseção Judiciária de Eunápolis;</p><p>XVII. Paulo Cézar Alves Sodré - 7ª Vara da Seção Judiciária do Mato Grosso;</p><p>XVIII. Pollyanna Kelly Maciel Medeiros Martins Alves - 12ª Vara Federal da Seção Judiciária do Distrito Federal;</p><p>XIX. Ricardo Augusto Soares Leite - 10ª Vara da Seção Judiciária do Distrito Federal;</p><p>XX. Rodrigo Gasiglia de Souza - 3ª Vara da Subseção Judiciária de Rondonópolis;</p><p>XXI. Rodrigo Navarro de Oliveira - 1ª Relatoria da 1ª Turma Recursal da Seção Judiciária de Goiás;</p><p>XXII. Tarsis Augusto de Santana Lima - Vara Única Subseção Judiciária de Luziânia;</p><p>XXIII. Thadeu José Piragibe Afonso - Vara Única Subseção Judiciária de Formosa;</p><p>XXIV. Victor Curado Silva Pereira - 1ª Vara da Subseção Judiciária de Araguaína.</p><p>Art. 5º Esta portaria entra em vigor na data de sua publicação.</p><p class="assina">Des. MARCOS AUGUSTO DE SOUSA</p><p class="cargo">Presidente do Tribunal</p><p class="cargo">Em Exercício</p><p class="assina">Des. NÉVITON GUEDES</p><p class="cargo">Corregedor Regional da Justiça Federal da 1ª Região</p>]]></Texto>
  </body>
  <Midias />
</article></xml>