﻿<xml><article id="30079547" name="Portaria_Reitoria_nA 278- Substi" idOficio="9348479" pubName="DO2" artType="Portaria" pubDate="13/01/2023" artClass="00018:00112:00000:00000:00000:00000:00000:00000:00000:00000:00017:00000" artCategory="Ministério da Educação/Universidade Federal de Rondonópolis" artSize="12" artNotes="" numberPage="31" pdfPage="http://pesquisa.in.gov.br/imprensa/jsp/visualiza/index.jsp?data=13/01/2023&amp;jornal=529&amp;pagina=31" editionNumber="10" highlightType="" highlightPriority="" highlight="" highlightimage="" highlightimagename="" idMateria="20252384">
  <body>
    <Identifica><![CDATA[PORTARIA REITORIA/UFR Nº 278, DE 8 DE DEZEMBRO DE 2022]]></Identifica>
    <Data><![CDATA[]]></Data>
    <Ementa />
    <Titulo />
    <SubTitulo />
    <Texto><![CDATA[<p class="identifica">PORTARIA REITORIA/UFR Nº 278, DE 8 DE DEZEMBRO DE 2022</p><p>A Reitora da Universidade Federal de Rondonópolis, no uso de suas atribuições que lhe conferem o §1º do Art. 11 da Lei nº 13.637, de 20 de março de 2018 e a Portaria MEC nº 2.122, de 10 de dezembro de 2019,</p><p>CONSIDERANDO a Resolução CONSUNI/UFR nº 49, de 22 de fevereiro de 2022;</p><p>CONSIDERANDO os autos do processo SEI/UFMT 23108.034440/2021-09;</p><p>CONSIDERANDO os autos do processo nº 23853.000492/2022-11; e</p><p>CONSIDERANDO os autos do processo nº 23853.012145/2022-31, resolve:</p><p>Art. 1º Exonerar os substitutos relacionados nos incisos do art. 1º da Portaria Reitoria/UFR nº 84, de 3 de março de 2022.</p><p>Art. 2º Nomear os servidores abaixo relacionados para substituir na ausência da Diretora de Administração de Pessoas da Pro-Reitoria de Gestão de Pessoas, Maria Claudenir Lima Pavan, SIAPE 162****, em eventuais férias ou afastamentos:</p><p>I - primeira substituta: Marta Helena Schorn de Souza, SIAPE: 166****; e</p><p>II - segunda substituta: Ramony Carla Bonfanti, SIAPE 194****.</p><p>Parágrafo único. A segunda substituta responderá pela Diretoria de Administração de Pessoas da Pró-Reitoria de Gestão de Pessoas na ocasião de afastamento da titular e da primeira substituta.</p><p>Art. 3º Esta portaria entra em vigor em oito de dezembro de dois mil e vinte e dois.</p><p class="assina">Analy Castilho Polizel de Souza</p>]]></Texto>
  </body>
  <Midias />
</article></xml>