﻿<xml><article id="30090428" name="CODEC _ NOMEAR_12_01_23" idOficio="9350420" pubName="DO2" artType="Portaria" pubDate="13/01/2023" artClass="00018:00089:00043:00000:00000:00000:00000:00000:00000:00000:00017:00002" artCategory="Ministério da Educação/Universidade Federal do Ceará/Pró-Reitoria de Gestão de Pessoas" artSize="12" artNotes="" numberPage="27" pdfPage="http://pesquisa.in.gov.br/imprensa/jsp/visualiza/index.jsp?data=13/01/2023&amp;jornal=529&amp;pagina=27" editionNumber="10" highlightType="" highlightPriority="" highlight="" highlightimage="" highlightimagename="" idMateria="20254922">
  <body>
    <Identifica><![CDATA[ PORTARIAS 12 DE JANEIRO DE 2023]]></Identifica>
    <Data><![CDATA[]]></Data>
    <Ementa />
    <Titulo />
    <SubTitulo />
    <Texto><![CDATA[<p class="identifica">PORTARIAS 12 DE JANEIRO DE 2023</p><p>O Pró-Reitor de Gestão de Pessoas da Universidade Federal do Ceará, no uso de suas atribuições legais, conferidas através da Portaria nº 4.807 de 4 de Setembro de 2019 e da Portaria nº 1831 de 12.05.2017 do senhor Reitor, resolve:</p><p>Nº 246 - Art.1º - Nomear, em caráter efetivo, em virtude de habilitação em concurso público de provas e títulos, RÉGIS LUÍS DE CARVALHO SILVA, para o cargo de Professor do Magistério Superior, Classe A, com denominação de Adjunto-A, Nível 1, em regime de 40 (quarenta) horas semanais com Dedicação Exclusiva de trabalho, nos termos do art. 9°, inciso I e art. 10 da Lei 8.112/90, tendo em vista o Edital nº 115/2022, publicado no D.O.U. de 04/07/2022, cujo resultado foi homologado pelo Edital nº 146/2022, publicado no D.O.U de 16/12/2022, em vaga decorrente de aposentadoria de João Cesar Moura Mota, Portaria nº 904/2022/UFC, DOU de 14/03/2022, código de vaga 222675. Art.2º - A posse ocorrerá, improrrogavelmente, no prazo de 30 (trinta) dias, nos termos do art. 13 § 1º da Lei 8.112/90 (Processo nº 23067.065705/2022-17).</p><p>Nº 247 - Art.1º - Nomear, em caráter efetivo, em virtude de habilitação em concurso público de provas e títulos, MARIANA PECEGUINI RUGGIERI, para o cargo de Professor do Magistério Superior, Classe A, com denominação de Adjunto-A, Nível 1, em regime de 40 (quarenta) horas semanais com Dedicação Exclusiva de trabalho, nos termos do art. 9°, inciso I e art. 10 da Lei 8.112/90, tendo em vista o Edital nº 89/2022, publicado no D.O.U. de 30/05/2022, cujo resultado foi homologado pelo Edital nº 151/2022, publicado no D.O.U de 26/12/2022, em vaga decorrente de aposentadoria de Odalice de Castro Silva, Portaria nº 99/2022/UFC, DOU de 14/01/2022, código de vaga 222276. Art.2º - A posse ocorrerá, improrrogavelmente, no prazo de 30 (trinta) dias, nos termos do art. 13 § 1º da Lei 8.112/90 (Processo nº 23067.066693/2022-48).</p><p>Nº 248 - Art.1º - Nomear, em caráter efetivo, em virtude de habilitação em concurso público de provas e títulos, RAFAEL NOBRE LOPES, para o cargo de Professor do Magistério Superior, Classe A, com denominação de Auxiliar, Nível 1, em regime de 20 (vinte) horas semanais de trabalho, nos termos do art. 9°, inciso I e art. 10 da Lei 8.112/90, tendo em vista o Edital nº 124/2022, publicado no D.O.U. de 01/08/2022, cujo resultado foi homologado pelo Edital nº 142/2022, publicado no D.O.U de 09/12/2022, em vaga decorrente de exoneração de Pedro de Sa Cavalcante Ciarlini, Portaria nº 1.917/2022/UFC, DOU de 23/05/2022, código de vaga 930608. Art.2º - A posse ocorrerá, improrrogavelmente, no prazo de 30 (trinta) dias, nos termos do art. 13 § 1º da Lei 8.112/90 (Processo nº 23067.064595/2022-76).</p><p>Nº 249 - Art.1º - Nomear, em caráter efetivo, em virtude de habilitação em concurso público de provas e títulos, ALYSON BEZERRA NOGUEIRA RIBEIRO, para o cargo de Professor do Magistério Superior, Classe A, com denominação de AdjuntoA, Nível 1, em regime de 40 (quarenta) horas semanais com Dedicação Exclusiva de trabalho, nos termos do art. 9°, inciso I e art. 10 da Lei 8.112/90, tendo em vista o Edital nº 61/2022, publicado no D.O.U. de 28/04/2022, cujo resultado foi homologado pelo Edital nº 125/2022, publicado no D.O.U de 15/08/2022, em vaga decorrente de redistribuição de Ministério da Educação para a Universidade Federal do Ceará, Portaria nº 504/2018/MEC, DOU de 29/05/2018, código de vaga 932605. Art.2º - A posse ocorrerá, improrrogavelmente, no prazo de 30 (trinta) dias, nos termos do art. 13 § 1º da Lei 8.112/90 (Processo nº 23067.048243/2022-73).</p><p>Nº 250 - Nomear, em caráter efetivo, em virtude de habilitação em concurso público de provas e títulos, CAIO FELIPE DE MOURA PEIXOTO, para o cargo de Analista de Tecnologia da Informação, Classe E, Padrão/Nível 101, em regime de 40 (quarenta) horas semanais de trabalho, nos termos do art. 9°, inciso I e art. 10 da Lei 8.112/90, tendo em vista o Edital nº 01/2021, publicado no D.O.U. de 07/10/2021, cujo resultado foi homologado pelo Edital nº 07/2022, publicado no D.O.U de 31/05/2022, em vaga decorrente de exoneração de Daniel Acácio de Moura, Portaria nº 3.820/2022/UFC, DOU de 30/09/2022, código de vaga 223768. Art.2º - A posse ocorrerá, improrrogavelmente, no prazo de 30 (trinta) dias, nos termos do art. 13 § 1º da Lei 8.112/90 (Processo nº 23067.000940/2023-24).</p><p>Nº 251 - Nomear, em caráter efetivo, em virtude de habilitação em concurso público de provas e títulos, JOSÉ JACINTO DO NASCIMENTO JUNIOR, para o cargo de Administrador, Classe E, Padrão/Nível 101, em regime de 40 (quarenta) horas semanais de trabalho, nos termos do art. 9°, inciso I e art. 10 da Lei 8.112/90, tendo em vista o Edital nº 01/2021, publicado no D.O.U. de 07/10/2021, cujo resultado foi homologado pelo Edital nº 07/2022, publicado no D.O.U de 31/05/2022, em vaga decorrente de posse em outro cargo inacumulável de Luciana Ferreira da Silva, Portaria nº 941/2022/UFC, DOU de 22/11/2022, código de vaga 899926. Art.2º - A posse ocorrerá, improrrogavelmente, no prazo de 30 (trinta) dias, nos termos do art. 13 § 1º da Lei 8.112/90 (Processo nº 23067.001044/2023-82).</p><p>Nº 252 - Art.1º - Nomear, em caráter efetivo, em virtude de habilitação em concurso público de provas e títulos, RAFAEL VIEIRA DE ALENCAR, para o cargo de Professor do Magistério Superior, Classe A, com denominação de Adjunto-A, Nível 1, em regime de 40 (quarenta) horas semanais com Dedicação Exclusiva de trabalho, nos termos do art. 9°, inciso I e art. 10 da Lei 8.112/90, tendo em vista o Edital nº 96/2022, publicado no D.O.U. de 06/06/2022, cujo resultado foi homologado pelo Edital nº 147/2022, publicado no D.O.U de 26/12/2022, em vaga decorrente de redistribuição de Ministério da Educação para a Universidade Federal do Ceará, Portaria nº 504/2018/MEC, DOU de 29/05/2018, código de vaga 932615. Art.2º - A posse ocorrerá, improrrogavelmente, no prazo de 30 (trinta) dias, nos termos do art. 13 § 1º da Lei 8.112/90 (Processo nº 23067.000820/2023-27).</p><p>Nº 253 - Art.1º - Nomear, em caráter efetivo, em virtude de habilitação em concurso público de provas e títulos, ARTUR DE OLIVEIRA DA ROCHA FRANCO, para o cargo de Professor do Magistério Superior, Classe A, com denominação de Adjunto-A, Nível 1, em regime de 40 (quarenta) horas semanais com Dedicação Exclusiva de trabalho, nos termos do art. 9°, inciso I e art. 10 da Lei 8.112/90, tendo em vista o Edital nº 131/2022, publicado no D.O.U. de 26/09/2022, cujo resultado foi homologado pelo Edital nº 153/2022, publicado no D.O.U de 09/12/2022, em vaga decorrente de redistribuição de Ministério da Educação para a Universidade Federal do Ceará, Portaria nº 504/2018/MEC, DOU de 29/05/2018, código de vaga 932609. Art.2º - A posse ocorrerá, improrrogavelmente, no prazo de 30 (trinta) dias, nos termos do art. 13 § 1º da Lei 8.112/90 (Processo nº 23067.067006/2022-10).</p><p>Nº 255 - Art.1º - Nomear, em caráter efetivo, em virtude de habilitação em concurso público de provas e títulos, LETICIA SAMPAIO ARAUJO GONÇALVES, para o cargo de Técnico de Tecnologia da Informação, Classe D, Padrão/Nível 101, em regime de 40 (quarenta) horas semanais de trabalho, nos termos do art. 9°, inciso I e art. 10 da Lei 8.112/90, tendo em vista o Edital nº 01/2021, publicado no D.O.U. de 07/10/2021, cujo resultado foi homologado pelo Edital nº 07/2022, publicado no D.O.U de 31/05/2022, em vaga decorrente de posse em outro cargo inacumulável de Alvaro Alves de Oliveira, Portaria nº 2909/2022/UFC, DOU de 10/08/2022, código de vaga 224510. Art.2º - A posse ocorrerá, improrrogavelmente, no prazo de 30 (trinta) dias, nos termos do art. 13 § 1º da Lei 8.112/90 (Processo nº 23067.000705/2023-52).</p><p>Nº 256 - Art.1º - Nomear, em caráter efetivo, em virtude de habilitação em concurso público de provas e títulos, VICTOR COCHRANE SANTIAGO SAMPAIO, para o cargo de Técnico de Laboratório / Saneamento, Classe D, Padrão/Nível 101, em regime de 40 (quarenta) horas semanais de trabalho, nos termos do art. 9°, inciso I e art. 10 da Lei 8.112/90, tendo em vista o Edital nº 01/2021, publicado no D.O.U. de 07/10/2021, cujo resultado foi homologado pelo Edital nº 06/2022, publicado no D.O.U de 09/05/2022, em vaga decorrente de redistribuição de Ministério da Educação para a Universidade Federal do Ceará, Portaria nº 324/2014/MEC, DOU de 11/04/2014, código de vaga 965926. Art.2º - A posse ocorrerá, improrrogavelmente, no prazo de 30 (trinta) dias, nos termos do art. 13 § 1º da Lei 8.112/90 (Processo nº 23067.000681/2023-31).</p><p>Nº 257 - Art.1º - Nomear, em caráter efetivo, em virtude de habilitação em concurso público de provas e títulos, EVANDRO OLIVEIRA GALVÃO FILHO, para o cargo de Professor do Magistério Superior, Classe A, com denominação de Auxiliar, Nível 1, em regime de 20 (vinte) horas semanais de trabalho, nos termos do art. 9°, inciso I e art. 10 da Lei 8.112/90, tendo em vista o Edital nº 124/2022, publicado no D.O.U. de 01/08/2022, cujo resultado foi homologado pelo Edital nº 142/2022, publicado no D.O.U de 09/12/2022, em vaga decorrente de exoneração de Thiago Correa de Oliveira, Portaria nº 1.966/2022/UFC, DOU de 27/05/2022, código de vaga 858121. Art.2º - A posse ocorrerá, improrrogavelmente, no prazo de 30 (trinta) dias, nos termos do art. 13 § 1º da Lei 8.112/90 (Processo nº 23067.064614/2022-64).</p><p>Nº 258 - Art.1º - Nomear, em caráter efetivo, em virtude de habilitação em concurso público de provas e títulos, RAQUEL CRISTINA FILIAGI GREGORY, para o cargo de Professor do Magistério Superior, Classe A, com denominação de Adjunto-A, Nível 1, em regime de 40 (quarenta) horas semanais com Dedicação Exclusiva de trabalho, nos termos do art. 9°, inciso I e art. 10 da Lei 8.112/90, tendo em vista o Edital nº 122/2022, publicado no D.O.U. de 22/07/2022, cujo resultado foi homologado pelo Edital nº 147/2022, publicado no D.O.U de 26/12/2022, em vaga decorrente de aposentadoria de Ailson Pereira de Moura, Portaria nº 978/2022/UFC, DOU de 18/03/2022, código de vaga 224445. Art.2º - A posse ocorrerá, improrrogavelmente, no prazo de 30 (trinta) dias, nos termos do art. 13 § 1º da Lei 8.112/90 (Processo nº 23067.066359/2022-94).</p><p>Nº 259 - Art.1º - Nomear, em caráter efetivo, em virtude de habilitação em concurso público de provas e títulos, ALINNE MENESES DA ROCHA, para o cargo de Assistente Social, Classe E, Padrão/Nível 101, em regime de 40 (quarenta) horas semanais de trabalho, nos termos do art. 9°, inciso I e art. 10 da Lei 8.112/90, tendo em vista o Edital nº 01/2021, publicado no D.O.U. de 07/10/2021, cujo resultado foi homologado pelo Edital nº 06/2022, publicado no D.O.U de 09/05/2022, em vaga decorrente de aposentadoria de Maria do Socorro Ferreira da Silva Maia, Portaria nº 2185/2020/UFC, DOU de 22/07/2020, código de vaga 747552. Art.2º - A posse ocorrerá, improrrogavelmente, no prazo de 30 (trinta) dias, nos termos do art. 13 § 1º da Lei 8.112/90 (Processo nº 23067.000480/2023-34).</p><p>Nº 260 - Art.1º - Nomear, em caráter efetivo, em virtude de habilitação em concurso público de provas e títulos, GERMANO FENNER, para o cargo de Professor do Magistério Superior, Classe A, com denominação de Adjunto-A, Nível 1, em regime de 40 (quarenta) horas semanais com Dedicação Exclusiva de trabalho, nos termos do art. 9°, inciso I e art. 10 da Lei 8.112/90, tendo em vista o Edital nº 68/2022, publicado no D.O.U. de 04/05/2022, cujo resultado foi homologado pelo Edital nº 123/2022, publicado no D.O.U de 01/08/2022, em vaga decorrente de redistribuição de Ministério da Educação para a Universidade Federal do Ceará, Portaria nº 504/2018/MEC, DOU de 29/05/2018, código de vaga 932612. Art.2º - A posse ocorrerá, improrrogavelmente, no prazo de 30 (trinta) dias, nos termos do art. 13 § 1º da Lei 8.112/90 (Processo nº 23067.048265/2022-33).</p><p>Nº 261 - Art.1º - Nomear, em caráter efetivo, em virtude de habilitação em concurso público de provas e títulos, JUAN SEBASTIAN TOQUICA ARENAS, para o cargo de Professor do Magistério Superior, Classe A, com denominação de Adjunto-A, Nível 1, em regime de 40 (quarenta) horas semanais com Dedicação Exclusiva de trabalho, nos termos do art. 9°, inciso I e art. 10 da Lei 8.112/90, tendo em vista o Edital nº 68/2022, publicado no D.O.U. de 04/05/2022, cujo resultado foi homologado pelo Edital nº 123/2022, publicado no D.O.U de 01/08/2022, em vaga decorrente de redistribuição de Ministério da Educação para a Universidade Federal do Ceará, Portaria nº 504/2018/MEC, DOU de 29/05/2018, código de vaga 932613. Art.2º - A posse ocorrerá, improrrogavelmente, no prazo de 30 (trinta) dias, nos termos do art. 13 § 1º da Lei 8.112/90 (Processo nº 23067.048282/2022-71).</p><p>Nº 262 - Art.1º - Nomear, em caráter efetivo, em virtude de habilitação em concurso público de provas e títulos, IGOR MOACO GUERREIRO, para o cargo de Professor do Magistério Superior, Classe A, com denominação de Adjunto-A, Nível 1, em regime de 40 (quarenta) horas semanais com Dedicação Exclusiva de trabalho, nos termos do art. 9°, inciso I e art. 10 da Lei 8.112/90, tendo em vista o Edital nº 36/2022, publicado no D.O.U. de 29/03/2022, cujo resultado foi homologado pelo Edital nº 142/2022, publicado no D.O.U de 09/12/2022, em vaga decorrente de redistribuição de Ministério da Educação para a Universidade Federal do Ceará, Portaria nº 504/2018/MEC, DOU de 29/05/2018, código de vaga 932601. Art.2º - A posse ocorrerá, improrrogavelmente, no prazo de 30 (trinta) dias, nos termos do art. 13 § 1º da Lei 8.112/90 (Processo nº 23067.064655/2022-51).</p><p>Nº 263 - Art.1º - Nomear, em caráter efetivo, em virtude de habilitação em concurso público de provas e títulos, CAMILA BARROSO FLORES, para o cargo de Administrador, Classe E, Padrão/Nível 101, em regime de 40 (quarenta) horas semanais de trabalho, nos termos do art. 9°, inciso I e art. 10 da Lei 8.112/90, tendo em vista o Edital nº 01/2021, publicado no D.O.U. de 07/10/2021, cujo resultado foi homologado pelo Edital nº 07/2022, publicado no D.O.U de 31/05/2022, em vaga decorrente de redistribuição de Ministério da Educação para a Universidade Federal do Ceará, Portaria nº 438/2022/MEC, DOU de 27/06/2022, código de vaga 975265. Art.2º - A posse ocorrerá, improrrogavelmente, no prazo de 30 (trinta) dias, nos termos do art. 13 § 1º da Lei 8.112/90 (Processo nº 23067.000477/2023-11).</p><p>Nº 264 - Art.1º - Nomear, em caráter efetivo, em virtude de habilitação em concurso público de provas e títulos, ESTEFANNI MAIRLA ALVES, para o cargo de Professor do Magistério Superior, Classe A, com denominação de Adjunto-A, Nível 1, em regime de 40 (quarenta) horas semanais com Dedicação Exclusiva de trabalho, nos termos do art. 9°, inciso I e art. 10 da Lei 8.112/90, tendo em vista o Edital nº 115/2022, publicado no D.O.U. de 04/07/2022, cujo resultado foi homologado pelo Edital nº 151/2022, publicado no D.O.U de 26/12/2022, em vaga decorrente de aposentadoria de Lindyr Saldanha Duarte, Portaria nº 46/2022/UFC, DOU de 06/01/2022, código de vaga 223654. Art.2º - A posse ocorrerá, improrrogavelmente, no prazo de 30 (trinta) dias, nos termos do art. 13 § 1º da Lei 8.112/90 (Processo nº 23067.066730/2022-18).</p><p>Nº 265 - Art.1º - Nomear, em caráter efetivo, em virtude de habilitação em concurso público de provas e títulos, JULLIANE NUNES CASTRO, para o cargo de Nutricionista, Classe E, Padrão/Nível 101, em regime de 40 (quarenta) horas semanais de trabalho, nos termos do art. 9°, inciso I e art. 10 da Lei 8.112/90, tendo em vista o Edital nº 01/2021, publicado no D.O.U. de 07/10/2021, cujo resultado foi homologado pelo Edital nº 06/2022, publicado no D.O.U de 09/05/2022, em vaga decorrente de redistribuição de Sylvia Gabriella Mafra Alem, Portaria nº 1592/2019/MEC, DOU de 02/09/2019, código de vaga 828961. Art.2º - A posse ocorrerá, improrrogavelmente, no prazo de 30 (trinta) dias, nos termos do art. 13 § 1º da Lei 8.112/90 (Processo nº 23067.000481/2023-89).</p><p class="assina">Marcus Vinicius Veras Machado</p><p></p>]]></Texto>
  </body>
  <Midias />
</article></xml>