﻿<xml><article id="30087096" name="PPENS 01 - 09.01.2023" idOficio="9349794" pubName="DO2" artType="Portaria" pubDate="13/01/2023" artClass="00014:00043:00013:00000:00000:00000:00000:00000:00000:00000:00017:00000" artCategory="Ministério do Desenvolvimento Regional/Departamento Nacional de Obras Contra as Secas/Coordenadoria Estadual na Paraíba" artSize="12" artNotes="" numberPage="12" pdfPage="http://pesquisa.in.gov.br/imprensa/jsp/visualiza/index.jsp?data=13/01/2023&amp;jornal=529&amp;pagina=12" editionNumber="10" highlightType="" highlightPriority="" highlight="" highlightimage="" highlightimagename="" idMateria="20253952">
  <body>
    <Identifica><![CDATA[ PORTARIA Nº 1,  DE 9 DE JANEIRO DE 2023]]></Identifica>
    <Data><![CDATA[]]></Data>
    <Ementa />
    <Titulo />
    <SubTitulo />
    <Texto><![CDATA[<p class="identifica">PORTARIA Nº 1, DE 9 DE JANEIRO DE 2023</p><p>O COORDENADOR ESTADUAL DO DEPARTAMENTO NACIONAL DE OBRAS CONTRA AS SECAS NA PARAÍBA, usando da competência que lhe foi delegada através da Portaria nº 402/DG/DA/CRH, de 30 de agosto de 2013, publicada no Boletim Administrativo, Edição Extra, de mesma data, e tendo em vista o que consta do Processo nº 59412.000004/2023-93, resolve:</p><p>- Art. 1º Conceder pensão à Lygia Mello de Almeida, na qualidade de cônjuge do ex-servidor Walter Lima de Almeida, ocupante do cargo de Engenheiro Agrônomo, matrícula SIAPE 6015382, do quadro de pessoal desta Coordenadoria Estadual, falecido aposentado, em 09 de novembro de 2022, com fundamento no inciso I do art. 3º da Portaria SGP/SEDGG/ME Nº 4645, de 24 de maio de 2022, c/c o art. 217 da Lei nº 8.112, de 11 de dezembro de 1990, e art. 23 da Emenda Constitucional nº 103, de 12 de novembro de 2019.</p><p>Art. 2º Os efeitos desta Portaria entram em vigor em 09 de novembro de 2022, data do óbito do ex-servidor.</p><p class="assina">Alberto Gomes Batista</p>]]></Texto>
  </body>
  <Midias />
</article></xml>