﻿<xml><article id="30093024" name="2023-01-12/9350807/SIGEPE_202554" idOficio="9350807" pubName="DO2" artType="Portaria" pubDate="13/01/2023" artClass="00018:00068:00011:00000:00000:00000:00000:00000:00000:00000:00017:00010" artCategory="Ministério da Educação/Instituto Federal de Educação, Ciência e Tecnologia do Rio Grande do Sul/Campus Restinga" artSize="12" artNotes="" numberPage="23" pdfPage="http://pesquisa.in.gov.br/imprensa/jsp/visualiza/index.jsp?data=13/01/2023&amp;jornal=529&amp;pagina=23" editionNumber="10" highlightType="" highlightPriority="" highlight="" highlightimage="" highlightimagename="" idMateria="20255481">
  <body>
    <Identifica><![CDATA[ Portaria CRST/IFRS nº 10, de 12 de Janeiro de 2023]]></Identifica>
    <Data><![CDATA[]]></Data>
    <Ementa />
    <Titulo />
    <SubTitulo />
    <Texto><![CDATA[<p class="identifica">Portaria CRST/IFRS nº 10, de 12 de Janeiro de 2023</p><p>A DIRETORA-GERAL SUBSTITUTA DO CAMPUS RESTINGA DO INSTITUTO FEDERAL DE EDUCAÇÃO, CIÊNCIA E TECNOLOGIA DO RIO GRANDE DO SUL, no uso das atribuições quelhe são conferidas pela Portaria nº 228, de 07.10.2021, resolve:</p><p>           Art. 1º TORNAR SEM EFEITO a Portaria nº 002, de 09 de janeiro de 2023.</p><p>           Art. 2º DISPENSAR a servidora DENISE ELISABETE DA SILVA GORSKI, Assistente em Administração, matrícula SIAPE nº 3008184, da função de Coordenadora de Desenvolvimento Institucional do Campus Restinga, Código FG-0001.</p><p>           Art. 3º Esta portaria entra em vigor nesta data.</p><p class="assina">THAIS TEIXEIRA DA SILVA</p><p class="cargo">Substituto</p>]]></Texto>
  </body>
  <Midias />
</article></xml>