﻿<xml><article id="30083210" name="298" idOficio="9349071" pubName="DO2" artType="Portaria" pubDate="13/01/2023" artClass="00018:00111:00017:00000:00000:00000:00000:00000:00000:00000:00017:00003" artCategory="Ministério da Educação/Universidade Federal do Rio de Janeiro/Pró-Reitoria de Pessoal" artSize="12" artNotes="" numberPage="31" pdfPage="http://pesquisa.in.gov.br/imprensa/jsp/visualiza/index.jsp?data=13/01/2023&amp;jornal=529&amp;pagina=31" editionNumber="10" highlightType="" highlightPriority="" highlight="" highlightimage="" highlightimagename="" idMateria="20253015">
  <body>
    <Identifica><![CDATA[ PORTARIA Nº 298, DE 11 DE JANEIRO DE 2023]]></Identifica>
    <Data><![CDATA[]]></Data>
    <Ementa />
    <Titulo />
    <SubTitulo />
    <Texto><![CDATA[<p class="identifica">PORTARIA Nº 298, DE 11 DE JANEIRO DE 2023</p><p>O Pró-Reitor de Pessoal da Universidade Federal do Rio de Janeiro, no uso da competência delegada pela Portaria nº 10.120, de 16 de dezembro de 2021, publicada no Diário Oficial da União nº 237 de 17 de dezembro de 2021 e considerando o disposto no Processo n° 23079.258053/2022-23, resolve:</p><p>Conceder pensão vitalícia a Carla Izaias Ribeiro Cavalcante, cônjuge do(a) ex-servidor(a) Fernando Antonio Lobo Cavalcante, matrícula SIAPE nº 0361868, cargo Motorista, Nível de Classificação C, Nível de Capacitação 1, Padrão de Vencimento 16, com fundamento no art. 23 da Emenda Constitucional 103/2019; na Emenda Constitucional nº 41/2003, c/c o art. 2º, inciso I, da Lei nº 10.887/2004, art. 217, inciso I e art. 222, VII, alínea "b", item 6, da Lei nº 8.112/1990, conforme redação conferida pela Lei nº 13.135/2015 e pela Portaria ME Nº 424, de 29 de dezembro de 2020, observado também o art. 3º, §1º da EC 103/2019, a partir de 08/12/2022, data do óbito do Instituidor, com fundamento no art. 219, inciso I, da Lei 8112/1990.</p><p class="assina">Alexandre Brasil Carvalho da Fonseca</p>]]></Texto>
  </body>
  <Midias />
</article></xml>