﻿<xml><article id="30079511" name="Mat. JAN 1 - 4" idOficio="9347494" pubName="DO2" artType="Portaria" pubDate="13/01/2023" artClass="00013:00012:00008:00044:00006:00000:00000:00000:00000:00000:00017:00001" artCategory="Ministério da Defesa/Comando da Marinha/Comando de Operações Navais/5º Distrito Naval/Centro de Intendência da Marinha em Rio Grande" artSize="12" artNotes="" numberPage="7" pdfPage="http://pesquisa.in.gov.br/imprensa/jsp/visualiza/index.jsp?data=13/01/2023&amp;jornal=529&amp;pagina=7" editionNumber="10" highlightType="" highlightPriority="" highlight="" highlightimage="" highlightimagename="" idMateria="20250970">
  <body>
    <Identifica><![CDATA[ PORTARIA Nº  4/Com5°DN, DE 5 DE JANEIRO DE 2023]]></Identifica>
    <Data><![CDATA[]]></Data>
    <Ementa />
    <Titulo />
    <SubTitulo />
    <Texto><![CDATA[<p></p><p class="identifica">PORTARIA Nº 4/Com5°DN, DE 5 DE JANEIRO DE 2023</p><p>O COMANDANTE DO 5° DISTRITO NAVAL, no uso de suas atribuições e tendo em vista o previsto na alínea b, inciso III, § 1° do art. 3° da Lei n° 6.880/1980 e o contido nas Normas sobre Tarefa por Tempo Certo e Designação para o Serviço Ativo (DGPM-314 - 6ª Revisão), resolve:</p><p>Art. 1° Alterar a Tarefa do SO-RM1-ET 84.3036.38 JOSÉ LUCIANO ALVES DOS SANTOS, para Instrutor, NEO 21.0.0.13, na área de Membros do Magistério e Instrutores de Escolas Militares, mantendo a vigência atual do contrato, previsto na Portaria n° 103/2022 deste Comando.</p><p>Art. 2° Esta Portaria entra em vigor na presente data.</p><p class="assina">Vice-Almirante SÍLVIO LUÍS DOS SANTOS</p><p></p>]]></Texto>
  </body>
  <Midias />
</article></xml>