﻿<xml><article id="30092634" name="ATO PORTARIA 495" idOficio="9350735" pubName="DO2" artType="Portaria" pubDate="13/01/2023" artClass="00015:00041:00034:00008:00009:00000:00000:00000:00000:00000:00017:00006" artCategory="Ministério da Economia/Secretaria Especial de Desburocratização, Gestão e Governo Digital/Secretaria de Gestão e Desempenho de Pessoal/Departamento de Centralização de Serviços de Inativos, Pensionistas e Órgãos Extintos/Divisão de Pessoal no Ex-Território Federal de Rondônia" artSize="12" artNotes="" numberPage="15" pdfPage="http://pesquisa.in.gov.br/imprensa/jsp/visualiza/index.jsp?data=13/01/2023&amp;jornal=529&amp;pagina=15" editionNumber="10" highlightType="" highlightPriority="" highlight="" highlightimage="" highlightimagename="" idMateria="20255355">
  <body>
    <Identifica><![CDATA[ PORTARIA Nº 495,  DE 9 DE JANEIRO DE 2023]]></Identifica>
    <Data><![CDATA[]]></Data>
    <Ementa />
    <Titulo />
    <SubTitulo />
    <Texto><![CDATA[<p class="identifica">PORTARIA Nº 495, DE 9 DE JANEIRO DE 2023</p><p>O CHEFE DA DIVISÃO DE PESSOAL NO EX-TERRITÓRIO FEDERAL DE RONDÔNIA DO DEPARTAMENTO DE CENTRALIZAÇÃO DE SERVIÇOS DE INATIVOS E PENSIONISTAS DO MINISTÉRIO DA ECONOMIA, no uso da competência que lhe foi delegada pela Portaria SGP Nº 2662, de 24 de março de 2022, publicada no DOU de 25 de março de 2022, resolve:</p><p>Art. 1º Enquadrar a servidora ENY FERNANDES DA SILVA, matricula SIAPE nº 0699025, na Carreira de Magistério do Ensino Básico, Técnico e Tecnológico, estruturada pela Lei 12.772, de 28 de dezembro de 2012, a contar de 22 de Setembro de 2022, com posicionamento na Classe D, Nível 303, fundamentada na Portaria nº 227, de 20 de Setembro de 2022, publicado na Seção 2, Pág. 17, do DOU de 22 de Setembro de 2022 - (Processo nº 14021.101440/2022-63).</p><p>Art. 2º Esta Portaria entra em vigor da data de sua publicação.</p><p class="assina">JOÃO BOSCO COSTA</p>]]></Texto>
  </body>
  <Midias />
</article></xml>