﻿<xml><article id="30089387" name="DIARIO OFICIAL - Portarias Nomea" idOficio="9350219" pubName="DO2" artType="Portaria" pubDate="13/01/2023" artClass="00048:00455:00000:00000:00000:00000:00000:00000:00000:00000:00017:00003" artCategory="Entidades de Fiscalização do Exercício das Profissões Liberais/Conselho Regional de Odontologia de São Paulo" artSize="12" artNotes="" numberPage="56" pdfPage="http://pesquisa.in.gov.br/imprensa/jsp/visualiza/index.jsp?data=13/01/2023&amp;jornal=529&amp;pagina=56" editionNumber="10" highlightType="" highlightPriority="" highlight="" highlightimage="" highlightimagename="" idMateria="20254604">
  <body>
    <Identifica><![CDATA[ Portaria nº 3, de 11 de janeiro de 2023]]></Identifica>
    <Data><![CDATA[]]></Data>
    <Ementa />
    <Titulo />
    <SubTitulo />
    <Texto><![CDATA[<p class="identifica">Portaria nº 3, de 11 de janeiro de 2023</p><p>O Presidente do Conselho Regional de Odontologia de São Paulo, no exercício de suas competências legais e suas atribuições regimentais,</p><p>Nomeia e empossa, após aprovação em concurso público (Edital nº 01/2020), a Sra. Karine Diniz da Silva, portadora do CPF nº 409.436.898-13, para o cargo de Auxiliar Administrativo, lotada no setor de Protocolo, a partir de 02 de janeiro de 2023.</p><p class="identifica">PORTARIA Nº 7, DE 11 de janeiro de 2023</p><p>O Presidente do Conselho Regional de Odontologia de São Paulo, no exercício de suas competências legais e suas atribuições regimentais,</p><p>Nomeia a Sra. Mara Claudia Bazilio, portadora do CPF nº 255.635.538-76, para o cargo de Assessor II, lotada na Presidência, a partir de 02 de janeiro de 2023.</p><p class="assina">Braz Antunes Mattos Neto</p>]]></Texto>
  </body>
  <Midias />
</article></xml>