﻿<xml><article id="30092868" name="PORTARIA GPR 41" idOficio="9350773" pubName="DO2" artType="Portaria" pubDate="13/01/2023" artClass="00047:00041:00002:00000:00000:00000:00000:00000:00000:00000:00017:00041" artCategory="Poder Judiciário/Tribunal de Justiça do Distrito Federal e dos Territórios/Presidência" artSize="12" artNotes="" numberPage="52" pdfPage="http://pesquisa.in.gov.br/imprensa/jsp/visualiza/index.jsp?data=13/01/2023&amp;jornal=529&amp;pagina=52" editionNumber="10" highlightType="" highlightPriority="" highlight="" highlightimage="" highlightimagename="" idMateria="20255447">
  <body>
    <Identifica><![CDATA[ PORTARIA GPR Nº 41, DE 9 DE JANEIRO DE 2023]]></Identifica>
    <Data><![CDATA[]]></Data>
    <Ementa />
    <Titulo />
    <SubTitulo />
    <Texto><![CDATA[<p class="identifica">PORTARIA GPR Nº 41, DE 9 DE JANEIRO DE 2023</p><p>O PRESIDENTE DO TRIBUNAL DE JUSTIÇA DO DISTRITO FEDERAL E DOS TERRITÓRIOS, no uso de sua competência legal e tendo em vista o contido no processo SEI 0000144/2023, resolve:</p><p>Art. 1º Tornar sem efeito, com fundamento no artigo 13, §§ 1º e 6º, da Lei 8.112/1990, por decurso do prazo de posse, a nomeação do candidato DIEGO ALONSO GOMES CAVALCANTI, habilitado em concurso público realizado pelo Tribunal de Justiça do Distrito Federal e dos Territórios para o cargo efetivo de Analista Judiciário, Área Judiciária, Classe A, Padrão 1, do Quadro de Pessoal deste Órgão, efetivada por meio da Portaria GPR 2844, publicada no DOU de 02.12.2022, Seção 2.</p><p>Art. 2º Esta Portaria entra em vigor na data de sua publicação.</p><p class="assina">Des. CRUZ MACEDO</p>]]></Texto>
  </body>
  <Midias />
</article></xml>