﻿<xml><article id="30079721" name="Portaria P 1578 01 2023 - Nomeac" idOficio="9346919" pubName="DO2" artType="Portaria" pubDate="13/01/2023" artClass="00047:00033:00001:00000:00000:00000:00000:00000:00000:00000:00017:00000" artCategory="Poder Judiciário/Tribunal Regional Eleitoral do Rio Grande do Sul/Presidência" artSize="12" artNotes="" numberPage="52" pdfPage="http://pesquisa.in.gov.br/imprensa/jsp/visualiza/index.jsp?data=13/01/2023&amp;jornal=529&amp;pagina=52" editionNumber="10" highlightType="" highlightPriority="" highlight="" highlightimage="" highlightimagename="" idMateria="20250126">
  <body>
    <Identifica><![CDATA[ PORTARIA TRE-RS P Nº 1.578, DE 10 DE JANEIRO DE 2023]]></Identifica>
    <Data><![CDATA[]]></Data>
    <Ementa />
    <Titulo />
    <SubTitulo />
    <Texto><![CDATA[<p class="identifica">PORTARIA TRE-RS P Nº 1.578, DE 10 DE JANEIRO DE 2023</p><p>O DESEMBARGADOR FRANCISCO JOSÉ MOESCH, PRESIDENTE DO TRIBUNAL REGIONAL ELEITORAL DO RIO GRANDE DO SUL, NO EXERCÍCIO DE SUAS ATRIBUIÇÕES LEGAIS E REGIMENTAIS E CONSIDERANDO A DECISÃO JUDICIAL EXARADA NOS AUTOS DO PROCESSO N. 68292-42.2020.4.04.7100/RS, resolve,</p><p>Art. 1º NOMEAR GUILHERME SEGER SAUER, classificado em 41º lugar na classificação em Concurso Público de Provas, destinado ao provimento das vagas deste Tribunal, para ocupar o cargo de Analista Judiciário, Área Judiciária, Classe A, Padrão 1, do Quadro de Pessoal deste Tribunal, criado pela Lei n. 7.645, de 18 de dezembro de 1987, vago em decorrência da aposentadoria do servidor Luiz Carlos Kayser, publicada na Portaria n. 1394, edição n. 193 do DOU, de 10 de outubro de 2022, nos termos do exposto no art. 1º, § 1º, inciso III, da Portaria TSE n. 502/2022, alterada pela Portaria TSE n. 1078, de 09 de novembro de 2022.</p><p>Art. 2º Esta Portaria entra em vigor na data de sua publicação.</p><p class="assina">Des. FRANCISCO JOSÉ MOESCH</p>]]></Texto>
  </body>
  <Midias />
</article></xml>