﻿<xml><article id="30082931" name="Portaria 01_2023 Vacancia MERCIA" idOficio="9348993" pubName="DO2" artType="Portaria" pubDate="13/01/2023" artClass="00018:00085:00001:00029:00000:00000:00000:00000:00000:00000:00017:00001" artCategory="Ministério da Educação/Universidade Federal da Bahia/Reitoria/Pró-Reitoria de Desenvolvimento de Pessoas" artSize="12" artNotes="" numberPage="26" pdfPage="http://pesquisa.in.gov.br/imprensa/jsp/visualiza/index.jsp?data=13/01/2023&amp;jornal=529&amp;pagina=26" editionNumber="10" highlightType="" highlightPriority="" highlight="" highlightimage="" highlightimagename="" idMateria="20252895">
  <body>
    <Identifica><![CDATA[ PORTARIA Nº 1, DE  2 DE JANEIRO DE 2023]]></Identifica>
    <Data><![CDATA[]]></Data>
    <Ementa />
    <Titulo />
    <SubTitulo />
    <Texto><![CDATA[<p class="identifica">PORTARIA Nº 1, DE 2 DE JANEIRO DE 2023</p><p>O Pró-Reitor de Desenvolvimento de Pessoas, no uso de suas atribuições legais previstas na Portaria de delegação de competência nº 448, de 17 de maio de 2011, tendo em vista o que consta do Processo nº 23066.065599/2022-81, resolve:</p><p>Declarar, a partir de 21 de novembro de 2022, a vacância do cargo de Assistente Social, Nível Superior, Classificação E, Capacitação 2, Padrão 02, ocupado por MERCIA ROCHA CRUZ, matrícula SIAPE nº 1157665, lotada na Pró-Reitoria de Ações Afirmativas e Assistência Estudantil desta Universidade, com fundamento no artigo 33, inciso VIII, da Lei 8.112/90.</p><p class="assina">Jeilson Barreto Andrade</p><p></p>]]></Texto>
  </body>
  <Midias />
</article></xml>