﻿<xml><article id="30079493" name="Portaria de Pessoal 01 2023" idOficio="9348767" pubName="DO2" artType="Portaria" pubDate="13/01/2023" artClass="00011:00032:00000:00000:00000:00000:00000:00000:00000:00000:00017:00000" artCategory="Ministério da Ciência, Tecnologia e Inovações/Instituto Nacional de Tecnologia" artSize="12" artNotes="" numberPage="6" pdfPage="http://pesquisa.in.gov.br/imprensa/jsp/visualiza/index.jsp?data=13/01/2023&amp;jornal=529&amp;pagina=6" editionNumber="10" highlightType="" highlightPriority="" highlight="" highlightimage="" highlightimagename="" idMateria="20252696">
  <body>
    <Identifica><![CDATA[ PORTARIA DE PESSOAL INT nº 1,  de 10 de Janeiro de 2023]]></Identifica>
    <Data><![CDATA[]]></Data>
    <Ementa />
    <Titulo />
    <SubTitulo />
    <Texto><![CDATA[<p class="identifica">PORTARIA DE PESSOAL INT nº 1, de 10 de Janeiro de 2023</p><p>A DIRETORA DO INSTITUTO NACIONAL DE TECNOLOGIA, no uso das atribuições que lhe foram conferidas pela Delegação de Competência concedida pela Portaria MCT nº 407, de 29.06.2006, publicada no D.O.U. de 30.06.2006, e pelo Regimento Interno, aprovado pela Portaria MCTI nº 6.569, de 22.11.2022, publicada no DOU de 25.11.2022, ambas assinadas pelo Exmº Ministro de Estado de Ciência, Tecnologia e Inovações, resolve:</p><p>Art. 1.º Conceder pensão à BARBARA MULLER LUZ, na qualidade de conjugue do ex-servidor HEITOR LUZ NETO, ocupante do cargo Tecnologista, matricula Siape 0662538, do quadro de pessoal deste Instituto, falecido aposentado, em 24.11.2022, com fundamento no inciso I do art. 3º da Portaria SGP/SEDGG/ME Nº 4645, de 24 de maio de 2022, c/c o art. 217 da Lei nº 8.112, de 11 de dezembro de 1990, e art. 23 da Emenda Constitucional nº 103, de 12 de novembro de 2019 (Processo 01240.000805/2022-15).</p><p>Art. 2º - Os efeitos desta Portaria entram em vigor na data do óbito do ex-servidor.</p><p class="assina">Ieda Maria Vieira Caminha</p><p></p>]]></Texto>
  </body>
  <Midias />
</article></xml>