﻿<xml><article id="30084514" name="0038" idOficio="9349349" pubName="DO2" artType="Portaria" pubDate="13/01/2023" artClass="00018:00066:00000:00000:00000:00000:00000:00000:00000:00000:00017:00002" artCategory="Ministério da Educação/Instituto Federal de Educação, Ciência e Tecnologia do Piauí" artSize="12" artNotes="" numberPage="22" pdfPage="http://pesquisa.in.gov.br/imprensa/jsp/visualiza/index.jsp?data=13/01/2023&amp;jornal=529&amp;pagina=22" editionNumber="10" highlightType="" highlightPriority="" highlight="" highlightimage="" highlightimagename="" idMateria="20253350">
  <body>
    <Identifica><![CDATA[ PORTARIA 61/2023 - GAB/REI/IFPI, de 11 de janeiro de 2023]]></Identifica>
    <Data><![CDATA[]]></Data>
    <Ementa />
    <Titulo />
    <SubTitulo />
    <Texto><![CDATA[<p class="identifica">PORTARIA 61/2023 - GAB/REI/IFPI, de 11 de janeiro de 2023</p><p>A REITORA DO INSTITUTO FEDERAL DE EDUCAÇÃO, CIÊNCIA E TECNOLOGIA DO PIAUÍ, em exercício, no uso de suas atribuições legais e tendo em vista o disposto no processo nº 23172.000078/2023-52, resolve:</p><p></p><p>Reconhecer o servidor Fernando Pereira de Meneses, Coordenador de Capacitação de Pessoal, FG-01, matrícula SIAPE nº 1581095, do Quadro de Pessoal deste Instituto Federal, com lotação na Reitoria, como substituto do cargo de Diretor de Gestão de Pessoas, código CD-3, no período de 26 a 31/12/2022, em razão do afastamento da titular, a servidora Luciana Soares da Rocha, matrícula SIAPE nº 1062647, que esteve em férias no período mencionado.</p><p class="assina">LARISSA SANTIAGO DE AMORIM</p><p></p>]]></Texto>
  </body>
  <Midias />
</article></xml>