﻿<xml><article id="30085390" name="Portaria-34-2023" idOficio="9349471" pubName="DO2" artType="Portaria" pubDate="13/01/2023" artClass="00047:00045:00001:00000:00000:00000:00000:00000:00000:00000:00017:00003" artCategory="Poder Judiciário/Tribunal Regional do Trabalho da 4ª Região/Presidência" artSize="12" artNotes="" numberPage="54" pdfPage="http://pesquisa.in.gov.br/imprensa/jsp/visualiza/index.jsp?data=13/01/2023&amp;jornal=529&amp;pagina=54" editionNumber="10" highlightType="" highlightPriority="" highlight="" highlightimage="" highlightimagename="" idMateria="20253534">
  <body>
    <Identifica><![CDATA[ PORTARIA nº 34, de 10 de janeiro de 2023]]></Identifica>
    <Data><![CDATA[]]></Data>
    <Ementa />
    <Titulo />
    <SubTitulo />
    <Texto><![CDATA[<p class="identifica">PORTARIA nº 34, de 10 de janeiro de 2023</p><p>O VICE-PRESIDENTE DO TRIBUNAL REGIONAL DO TRABALHO DA 4ª REGIÃO, no exercício da Presidência, no uso de suas atribuições, e considerando o que consta no PA nº 112/2023, resolve:</p><p>TORNAR SEM EFEITO, a contar da publicação, a Portaria nº 3.474, de 29-7-2022, publicada no Diário Oficial da União de 1º-8-2022, no que se refere a designação do servidor WILLIAM NUNES CARDOSO (113387), ocupante do cargo de Técnico Judiciário, Área Administrativa, para exercer, em substituição, o cargo em comissão de ASSESSOR-CJ3, no Gabinete do Exmo. Desembargador Fabiano Holz Beserra, nos impedimentos legais do titular.</p><p class="assina">RICARDO HOFMEISTER DE ALMEIDA MARTINS COSTA</p>]]></Texto>
  </body>
  <Midias />
</article></xml>