﻿<xml><article id="30084321" name="Port.2022. 011 - A1.1 - 11 JAN 2" idOficio="9349279" pubName="DO2" artType="Portaria" pubDate="13/01/2023" artClass="00013:00011:00001:00002:00000:00000:00000:00000:00000:00000:00017:00011" artCategory="Ministério da Defesa/Comando do Exército/Gabinete do Comandante/Chefia de Gabinete" artSize="12" artNotes="" numberPage="7" pdfPage="http://pesquisa.in.gov.br/imprensa/jsp/visualiza/index.jsp?data=13/01/2023&amp;jornal=529&amp;pagina=7" editionNumber="10" highlightType="" highlightPriority="" highlight="" highlightimage="" highlightimagename="" idMateria="20253280">
  <body>
    <Identifica><![CDATA[ PORTARIA - Gab Cmt Ex/C Ex Nº 11, DE 11 DE JANEIRO DE 2023]]></Identifica>
    <Data><![CDATA[]]></Data>
    <Ementa />
    <Titulo />
    <SubTitulo />
    <Texto><![CDATA[<p class="identifica">PORTARIA - Gab Cmt Ex/C Ex Nº 11, DE 11 DE JANEIRO DE 2023</p><p>O CHEFE DO GABINETE DO COMANDANTE DO EXÉRCITO, no uso das competências que lhe confere o inciso II, Prf 1º, art. 6º da Portaria do Comandante do Exército nº 218, de 20 de março de 2017 e considerando o disposto no inciso III, alínea b), Prf 1º, art. 3º da Lei nº 6.880, de 9 de dezembro de 1980, com a redação dada pelo art. 5º da Lei nº 9.442, de 14 de março de 1997, resolve:</p><p>EXONERAR, a pedido, o 2º Sgt QE R/1 (0195603337) EUFARY LOROSA, da Prestação de Tarefa por Tempo Certo na Escola Superior de Guerra (ESG), no Rio de Janeiro-RJ, a partir de 1º de fevereiro de 2023, de acordo com o inciso I, art. 11 da Portaria do Comandante do Exército nº 218, de 20 de março de 2017.</p><p class="assina">Gen Div FRANCISCO HUMBERTO MONTENEGRO JUNIOR</p>]]></Texto>
  </body>
  <Midias />
</article></xml>