﻿<xml><article id="30090644" name="EDITAL 28-20 MAdico_Area_Pediatr" idOficio="9350442" pubName="DO2" artType="Portaria" pubDate="13/01/2023" artClass="00018:00122:00025:00002:00000:00000:00000:00000:00000:00000:00017:00001" artCategory="Ministério da Educação/Universidade Federal do Triângulo Mineiro/Pró-Reitoria de Recursos Humanos/Departamento de Administração de Pessoal" artSize="12" artNotes="" numberPage="33" pdfPage="http://pesquisa.in.gov.br/imprensa/jsp/visualiza/index.jsp?data=13/01/2023&amp;jornal=529&amp;pagina=33" editionNumber="10" highlightType="" highlightPriority="" highlight="" highlightimage="" highlightimagename="" idMateria="20254985">
  <body>
    <Identifica><![CDATA[ PORTARIA PESSOAL Nº 26, DE 11 DE JANEIRO DE 2023]]></Identifica>
    <Data><![CDATA[]]></Data>
    <Ementa />
    <Titulo />
    <SubTitulo />
    <Texto><![CDATA[<p class="identifica">PORTARIA PESSOAL Nº 26, DE 11 DE JANEIRO DE 2023</p><p>A VICE-REITORA, NO EXERCÍCIO DA REITORIA, DA UNIVERSIDADE FEDERAL DO TRIÂNGULO MINEIRO - UFTM, no uso de suas atribuições conferidas pela Portaria n.º 835, de 05 de agosto de 2019, publicada no Diário Oficial de 06 de agosto de 2019, e tendo em vista as Leis n.º 8.112/90 e n.º 11.091/05, a Portaria Interministerial n.º 316/17, publicada no DOU de 19/10/2017, alterada pela Portaria Interministerial ME/MEC n.º 9.359/21, publicada no DOU de 12/08/2021, o Edital de Abertura n.º 28/2020, publicado no DOU de 14/12/2020, o Edital de Homologação n.º 34/2021, publicado no DOU de 02/12/2021, resolve:</p><p>Art. 1º Retifica a Portaria de Pessoal nº 1.260, publicada no DOU de 29/12/2022, Seção 2, página 43, que trata da nomeação de MARÍLIA LATERZA MONTI CASTRO, para o cargo de MÉDICO/ÁREA: PEDIATRIA (PRECEPTORIA), onde se lê: "com jornada de 40 horas semanais", leia-se: "com jornada de 20 horas semanais".</p><p>Art. 2º Esta Portaria de Pessoal entra em vigor na data de sua publicação, retroagindo seus efeitos a 29/12/2022.</p><p class="assina">DARLENE MARA DOS SANTOS TAVARES</p>]]></Texto>
  </body>
  <Midias />
</article></xml>