﻿<xml><article id="30085294" name="IN Public 005 2023 SeAAo 02 port" idOficio="9349441" pubName="DO2" artType="Portaria" pubDate="13/01/2023" artClass="00018:00050:00012:00000:00000:00000:00000:00000:00000:00000:00024:00002" artCategory="Ministério da Educação/Instituto Federal de Educação, Ciência e Tecnologia Catarinense/Campus Blumenau" artSize="12" artNotes="" numberPage="20" pdfPage="http://pesquisa.in.gov.br/imprensa/jsp/visualiza/index.jsp?data=13/01/2023&amp;jornal=529&amp;pagina=20" editionNumber="10" highlightType="" highlightPriority="" highlight="" highlightimage="" highlightimagename="" idMateria="20253497">
  <body>
    <Identifica><![CDATA[ PORTARIA Nº 7 /GAB/BLU DE 09 de janeiro de 2023]]></Identifica>
    <Data><![CDATA[]]></Data>
    <Ementa />
    <Titulo />
    <SubTitulo />
    <Texto><![CDATA[<p class="identifica">PORTARIA Nº 7 /GAB/BLU DE 09 de janeiro de 2023</p><p>O DIRETOR-GERAL SUBSTITUTO DO INSTITUTO FEDERAL CATARINENSE - CAMPUS BLUMENAU, no uso da subdelegação de competência que lhe foi atribuída pela Portaria nº 304/2022 de 07 de dezembro de 2022, publicada no Diário Oficial da União em 09/12/2022, resolve:</p><p>Art. 1º DISPENSAR o servidor CLOVES ALEXANDRE DE CASTRO, ocupante do cargo de professor de Ensino Básico, Técnico e Tecnológico, matrícula SIAPE 2323906, de exercer a função de Coordenação do Curso Stricto Sensu de Mestrado Profissional em Educação Profissional e Tecnológica, código FCC, do IFC-Campus Blumenau.</p><p>Art. 2º Esta Portaria gera efeitos a partir de 01/02/2023.</p><p class="assina">JORGE DA CUNHA DUTRA</p><p></p>]]></Texto>
  </body>
  <Midias />
</article></xml>