﻿<xml><article id="30093588" name="P9372022" idOficio="9350919" pubName="DO2" artType="Portaria" pubDate="13/01/2023" artClass="00018:00110:00001:00000:00000:00000:00000:00000:00000:00000:00017:00000" artCategory="Ministério da Educação/Universidade Federal do Rio Grande do Sul/Reitoria" artSize="12" artNotes="" numberPage="31" pdfPage="http://pesquisa.in.gov.br/imprensa/jsp/visualiza/index.jsp?data=13/01/2023&amp;jornal=529&amp;pagina=31" editionNumber="10" highlightType="" highlightPriority="" highlight="" highlightimage="" highlightimagename="" idMateria="20255666">
  <body>
    <Identifica><![CDATA[ PORTARIAS DE 12 DE JANEIRO DE 2023]]></Identifica>
    <Data><![CDATA[]]></Data>
    <Ementa />
    <Titulo />
    <SubTitulo />
    <Texto><![CDATA[<p class="identifica">PORTARIAS DE 12 DE JANEIRO DE 2023</p><p>O REITOR DA UNIVERSIDADE FEDERAL DO RIO GRANDE DO SUL, no uso de suas atribuições legais e estatutárias, resolve</p><p>Nº 248 - Autorizar o afastamento do País de SERGIO ROBERTO KIELING FRANCO, Professor do Magistério Superior, lotado no Departamento de Estudos Especializados da Faculdade de Educação e com exercício no Programa de Pós-Graduação em Educação, com a finalidade de realizar visita técnico-científica à Universidade de Cabo Verde, em Praia, Cabo Verde, no período compreendido entre 14/01/2023 e 21/01/2023, incluído trânsito, com ônus CAPES/PROEX. Solicitação nº 94155.</p><p>Nº 249 - Autorizar o afastamento do País de IDA VANESSA DOEDERLEIN SCHWARTZ, Professor do Magistério Superior, lotada e em exercício no Departamento de Genética do Instituto de Biociências, com a finalidade de participar de reunião junto à Université de Tours, em Lisboa, Portugal, no período compreendido entre 16/01/2023 e 19/01/2023, incluído trânsito, com ônus limitado. Solicitação nº 94535.</p><p>Nº 250 - Autorizar o afastamento do País de DANIELA DIETZ VIANA, Professor do Magistério Superior, lotada no Departamento Interdisciplinar do Campus Litoral Norte e com exercício na Comissão de Graduação de Bacharelado Interdisciplinar em Ciências e Tecnologia do Campus Litoral Norte, com a finalidade de realizar visita técnico-científicaà University of Huddersfield, em Huddersfield, Inglaterra, no período compreendido entre 15/01/2023 e 27/01/2023, incluído trânsito, com ônus limitado. Solicitação nº 94300.</p><p>Nº 251 - Autorizar o afastamento do País de JOAO BATISTA SOUZA BORGES, Professor do Magistério Superior, lotado e em exercício no Departamento de Medicina Animal da Faculdade de Veterinária, com a finalidade de participar da"49th Annual Conference of the IETS", em Lima, Peru, no período compreendido entre 16/01/2023 e 20/01/2023, incluído trânsito, com ônus limitado. Solicitação nº 93720.</p><p class="assina">CARLOS ANDRE BULHOES MENDES</p>]]></Texto>
  </body>
  <Midias />
</article></xml>