﻿<xml><article id="30083301" name="Portarias 001 - Ato AssecuratAri" idOficio="9349094" pubName="DO2" artType="Portaria" pubDate="13/01/2023" artClass="00013:00011:00014:00007:00000:00000:00000:00000:00000:00000:00017:00000" artCategory="Ministério da Defesa/Comando do Exército/Comando Militar do Sudeste/2ª Região Militar" artSize="12" artNotes="" numberPage="7" pdfPage="http://pesquisa.in.gov.br/imprensa/jsp/visualiza/index.jsp?data=13/01/2023&amp;jornal=529&amp;pagina=7" editionNumber="10" highlightType="" highlightPriority="" highlight="" highlightimage="" highlightimagename="" idMateria="20253056">
  <body>
    <Identifica><![CDATA[ PORTARIA Nº 1-SSEÇ PENS-SVP 2, de 12 DE JANEIRO DE 2023]]></Identifica>
    <Data><![CDATA[]]></Data>
    <Ementa />
    <Titulo />
    <SubTitulo />
    <Texto><![CDATA[<p></p><p class="identifica">PORTARIA Nº 1-SSEÇ PENS-SVP 2, de 12 DE JANEIRO DE 2023</p><p>O COMANDANTE DA 2ª REGIÃO MILITAR, no uso da competência que lhe foi subdelegada pela Portaria do Comando do Exército, nº 1.700, de 8 de dezembro de 2017, alterada pela Portaria do Comandante do Exército nº 980, de 28 de julho de 2018, resolve:</p><p>ASSEGURAR, aos beneficiários do 2º Sargento Reformado (020.911.200-2) GERSON HEIDERICH, falecido em 12 de fevereiro de 2003, a pensão militar no posto de 2º Tenente, a contar de 11 SET 21, data da vigência da reversão, visto que o pedido encontra amparo no art. 21 da Medida Provisória nº 2.215-10/2001, combinado com o art. 94 da Portaria nº 007 - DGP/C Ex, de 2 MAR 21 - NT/DCIPAS_Pensões, haja vista que o militar faleceu no ano de 2003 é ex-integrante da FEB e foi reformado por incapacidade física definitiva conforme a Portaria nº 230 DIP-FEB, de 11 AGO 1975.</p><p class="assina">LUIS FELIPE AMERICANO ALMADA - Cel</p><p class="cargo">Respondendo p/Comando</p>]]></Texto>
  </body>
  <Midias />
</article></xml>