﻿<xml><article id="30092409" name="ATO PORTARIA retificaAAo MARCUS " idOficio="9350727" pubName="DO2" artType="Retificação" pubDate="13/01/2023" artClass="00015:00041:00034:00008:00010:00000:00000:00000:00000:00000:00024:00000" artCategory="Ministério da Economia/Secretaria Especial de Desburocratização, Gestão e Governo Digital/Secretaria de Gestão e Desempenho de Pessoal/Departamento de Centralização de Serviços de Inativos, Pensionistas e Órgãos Extintos/Divisão de Pessoal no Ex-Território Federal de Roraima" artSize="12" artNotes="" numberPage="18" pdfPage="http://pesquisa.in.gov.br/imprensa/jsp/visualiza/index.jsp?data=13/01/2023&amp;jornal=529&amp;pagina=18" editionNumber="10" highlightType="" highlightPriority="" highlight="" highlightimage="" highlightimagename="" idMateria="20255346">
  <body>
    <Identifica><![CDATA[ RETIFICAÇÃO  ]]></Identifica>
    <Data><![CDATA[]]></Data>
    <Ementa />
    <Titulo />
    <SubTitulo />
    <Texto><![CDATA[<p class="identifica">RETIFICAÇÃO</p><p></p><p>Na Portaria de nº 292 de 05 de janeiro de 2022 Publicada, no DOU nº 7, de 10 de janeiro de 2023, do Servido MARCUS ANTONIO DOS SANTOS CAVALCANTE, matricula SIAPE 3220XXX. Onde se lê: "Portaria Nº 292, de 05 de janeiro 2022 ..."Leia-se: "... Portaria nº 292, de 05 de janeiro de 2023.</p><p></p>]]></Texto>
  </body>
  <Midias />
</article></xml>