﻿<xml><article id="30092586" name="PortCCTS112-23" idOficio="9350716" pubName="DO2" artType="Portaria" pubDate="13/01/2023" artClass="00018:00147:00509:00000:00000:00000:00000:00000:00000:00000:00017:00000" artCategory="Ministério da Educação/Fundação Universidade Federal de São Carlos/Centro de Ciências e Tecnologias para a Sustentabilidade" artSize="12" artNotes="" numberPage="36" pdfPage="http://pesquisa.in.gov.br/imprensa/jsp/visualiza/index.jsp?data=13/01/2023&amp;jornal=529&amp;pagina=36" editionNumber="10" highlightType="" highlightPriority="" highlight="" highlightimage="" highlightimagename="" idMateria="20255375">
  <body>
    <Identifica><![CDATA[ Portaria nº 112, de 6 de janeiro de 2023]]></Identifica>
    <Data><![CDATA[]]></Data>
    <Ementa />
    <Titulo />
    <SubTitulo />
    <Texto><![CDATA[<p class="identifica">Portaria nº 112, de 6 de janeiro de 2023</p><p>A Diretora do Centro de Ciências e Tecnologias para a Sustentabilidade da Universidade Federal de São Carlos, no uso das atribuições legais e estatutárias, e em atendimento ao ofício nº 286/2022/DCA-So/CCTS; CONSIDERANDO o constante dos autos do processo nº 23112.035842/2022-34, resolve:</p><p>Art. 1º - Designar o Prof. Dr. LUIZ CARLOS DE FARIA como Chefe do Departamento de Ciências Ambientais, com Função Gratificada nível 2, a partir de 09/01/2023, por dois anos.</p><p>Art. 2º - Fica revogada, a partir de 09/01/2023, a PORTARIA CCTS nº 95/2022, de 24 de janeiro de 2022, que designava o Prof. Dr. Augusto João Piratelli para a função acima.</p><p>Art. 3º - Esta Portaria entra em vigor na data de publicação de seu extrato no Diário Oficial da União e/ou no Boletim de Serviço Eletrônico do SEI-UFSCar.</p><p class="assina">Ana Lúcia Brandl</p>]]></Texto>
  </body>
  <Midias />
</article></xml>