﻿<xml><article id="30093081" name="PT21DIAT" idOficio="9350797" pubName="DO2" artType="Portaria" pubDate="13/01/2023" artClass="00027:00051:00081:00275:00005:00000:00000:00000:00000:00000:00017:00021" artCategory="Ministério do Trabalho e Previdência/Instituto Nacional do Seguro Social/Diretoria de Gestão de Pessoas/Coordenação-Geral de Centralização do Regime Próprio de Previdência Social da União/Divisão de Atendimento do RPPU" artSize="12" artNotes="" numberPage="42" pdfPage="http://pesquisa.in.gov.br/imprensa/jsp/visualiza/index.jsp?data=13/01/2023&amp;jornal=529&amp;pagina=42" editionNumber="10" highlightType="" highlightPriority="" highlight="" highlightimage="" highlightimagename="" idMateria="20255505">
  <body>
    <Identifica><![CDATA[ PORTARIA DIAT-RPPU/CGC-RPPU/DGP/INSS Nº 21, DE 12 DE JANEIRO DE 2023]]></Identifica>
    <Data><![CDATA[]]></Data>
    <Ementa />
    <Titulo />
    <SubTitulo />
    <Texto><![CDATA[<p class="identifica">PORTARIA DIAT-RPPU/CGC-RPPU/DGP/INSS Nº 21, DE 12 DE JANEIRO DE 2023</p><p>A CHEFE SUBSTITUTA DA DIVISÃO DE ATENDIMENTO DO REGIME PRÓPRIO DE PREVIDÊNCIA DA UNIÃO, da Coordenação-Geral de Centralização do RPPU, da Diretoria de Gestão de Pessoas do INSS, no uso das atribuições e a delegação de competência estabelecida pela PORTARIA DGP/INSS Nº 05 de 18/04/2022, publicada em BSE de 19/04/2022 e na PORTARIA DGP/INSS Nº 51 de 04/07/2022 publicada em DOU Nº 125 de 05/07/2022 e no que consta no processo SEI Nº 35014.493602/2022-48 e tarefa GET nº 1094007445,resolve:</p><p>Art. 1º Conceder Pensão a GIGLIANE RIBEIRO DE SOUZA, na qualidade de companheira em união estável do ex-servidor RANGEL DE BRITO GOMEZ, matrícula SIAPE 1049126, ocupante do cargo de ASSISTENTE EM ADMINISTRAÇÃO, Classe "D", Padrão "206", do quadro de pessoal do Instituto Federal de Educação, Ciência e Tecnologia de Rondônia, falecido na atividade em 12/10/2022, com fundamento no inciso IV, do art. 3º da Portaria SGP/SEDGG/ME Nº 4645, de 24 de maio de 2022, c/c o art. 217, da Lei nº 8.112, de 11 de dezembro de 1990 e art. 23 da Emenda Constitucional nº 103, de 12 de novembro de 2019.</p><p>Art. 2º Os efeitos desta Portaria entram em vigor a partir de 12/10/2022 (data do óbito).</p><p class="assina">CAMILA DE PAULA PAZ LEME</p>]]></Texto>
  </body>
  <Midias />
</article></xml>