﻿<xml><article id="30086155" name="PORTARIA SGA 27 DESIGNAR SUSANA " idOficio="9349595" pubName="DO2" artType="Portaria" pubDate="13/01/2023" artClass="00006:00007:00012:00000:00000:00000:00000:00000:00000:00000:00017:00001" artCategory="Presidência da República/Advocacia-Geral da União/Secretaria-Geral de Administração" artSize="12" artNotes="" numberPage="4" pdfPage="http://pesquisa.in.gov.br/imprensa/jsp/visualiza/index.jsp?data=13/01/2023&amp;jornal=529&amp;pagina=4" editionNumber="10" highlightType="" highlightPriority="" highlight="" highlightimage="" highlightimagename="" idMateria="20253712">
  <body>
    <Identifica><![CDATA[ PORTARIA SGA/AGU Nº 27, DE 5 DE JANEIRO DE 2023]]></Identifica>
    <Data><![CDATA[]]></Data>
    <Ementa />
    <Titulo />
    <SubTitulo />
    <Texto><![CDATA[<p class="identifica">PORTARIA SGA/AGU Nº 27, DE 5 DE JANEIRO DE 2023</p><p></p><p>A SECRETÁRIA-GERAL DE ADMINISTRAÇÃO DA ADVOCACIA-GERAL DA UNIÃO, no uso das atribuições que lhe foram subdelegadas pela Portaria AGU nº 347, de 23 de setembro de 2020, tendo em vista o disposto no art. 38 da Lei nº 8.112, de 11 de dezembro de 1990, e considerando o que consta no Processo Administrativo nº 00405.080795/2022-92, resolve:</p><p><strong>DESIGNAR</strong></p><p>SUSANA VIEIRA GUEDIM, Profissional de Serviços Técnicos, matrícula Siape nº 2409302, para exercer o encargo de substituta eventual do Chefe, código CCE 1.07 (354011), da Divisão Nacional de Cálculos de Servidor Civil III, da Coordenação Nacional de Cálculos de Servidor Civil, do Departamento de Cálculos e Perícias, da Procuradoria-Geral da União, nos afastamentos, impedimentos legais ou regulamentares do titular e na vacância do cargo.</p><p class="assina">IEDA APARECIDA DE MOURA CAGNI</p>]]></Texto>
  </body>
  <Midias />
</article></xml>