﻿<xml><article id="30085351" name="ResPort23_2023 -DOU- Nomeacao AS" idOficio="9349468" pubName="DO2" artType="Portaria" pubDate="13/01/2023" artClass="00047:00017:00000:00000:00000:00000:00000:00000:00000:00000:00017:00000" artCategory="Poder Judiciário/Tribunal Regional Eleitoral do Amazonas" artSize="12" artNotes="" numberPage="51" pdfPage="http://pesquisa.in.gov.br/imprensa/jsp/visualiza/index.jsp?data=13/01/2023&amp;jornal=529&amp;pagina=51" editionNumber="10" highlightType="" highlightPriority="" highlight="" highlightimage="" highlightimagename="" idMateria="20253529">
  <body>
    <Identifica><![CDATA[ PORTARIA Nº 23, DE 9 DE JANEIRO DE 2023]]></Identifica>
    <Data><![CDATA[]]></Data>
    <Ementa />
    <Titulo />
    <SubTitulo />
    <Texto><![CDATA[<p class="identifica">PORTARIA Nº 23, DE 9 DE JANEIRO DE 2023</p><p>O PRESIDENTE DO EGRÉGIO TRIBUNAL REGIONAL ELEITORAL DO AMAZONAS, no uso das competências que lhe são conferidas pelo art. 18, incisos XII, do Regimento Interno e com fundamento no art. 35, inciso I, da Lei n. 8.112, de 11.12.1990, com redação dada pela Lei n. 9.527, de 10.12.1997,</p><p>CONSIDERANDO o PAD nº 280/2023, resolve:</p><p>Art. 1º FICA NOMEADO, a contar de 09.01.2023, em caráter interino, até a investidura do titular sem prejuízo de outras atribuições, o servidor FÁBIO REIS BOTELHO, Técnico Judiciário - Área Administrativa, para o cargo de Assessor de Comunicação - ASCOM/ASPRE, nível CJ- 1.</p><p>Art. 2º. Esta Portaria entra em vigor na data de sua publicação.</p><p class="assina">Des. JORGE MANOEL LOPES LINS</p>]]></Texto>
  </body>
  <Midias />
</article></xml>