﻿<xml><article id="30091716" name="2022-01-12 - Portaria 79- REIT" idOficio="9350578" pubName="DO2" artType="Portaria" pubDate="13/01/2023" artClass="00018:00132:00000:00000:00000:00000:00000:00000:00000:00000:00017:00000" artCategory="Ministério da Educação/Fundação Universidade Federal do ABC" artSize="12" artNotes="" numberPage="35" pdfPage="http://pesquisa.in.gov.br/imprensa/jsp/visualiza/index.jsp?data=13/01/2023&amp;jornal=529&amp;pagina=35" editionNumber="10" highlightType="" highlightPriority="" highlight="" highlightimage="" highlightimagename="" idMateria="20255149">
  <body>
    <Identifica><![CDATA[ PORTARIA nº 79, DE 12 DE JANEIRO DE 2023]]></Identifica>
    <Data><![CDATA[]]></Data>
    <Ementa />
    <Titulo />
    <SubTitulo />
    <Texto><![CDATA[<p class="identifica">PORTARIA nº 79, DE 12 DE JANEIRO DE 2023</p><p>A VICE-REITORA, NO EXERCÍCIO DA REITORIA DA FUNDAÇÃO UNIVERSIDADE FEDERAL DO ABC, nomeada pela Portaria nº 627, de 3 de junho de 2022, publicada no Diário Oficial da União (DOU), Seção 2, página 39, de 7 de junho de 2022, no uso de suas atribuições legais, resolve:</p><p>Declarar a vacância, nos termos do Art. 33, VIII, da Lei nº 8.112/90, do cargo de ASSISTENTE EM ADMINISTRACAO, código de vaga nº 0805760, ocupado pela servidora SAMARA OLIVEIRA MARQUES DA SILVA, SIAPE 3260530, em decorrência de posse em outro cargo inacumulável, a contar de 16/01/2023.</p><p class="assina">Mônica Schroder</p>]]></Texto>
  </body>
  <Midias />
</article></xml>