﻿<xml><article id="30079649" name="DOU 12-01-2023" idOficio="9348715" pubName="DO2" artType="Portaria" pubDate="13/01/2023" artClass="00018:00078:00296:00000:00000:00000:00000:00000:00000:00000:00017:00000" artCategory="Ministério da Educação/Instituto Federal de Educação, Ciência e Tecnologia Sul-Rio-Grandense/Gabinete do Reitor" artSize="12" artNotes="" numberPage="24" pdfPage="http://pesquisa.in.gov.br/imprensa/jsp/visualiza/index.jsp?data=13/01/2023&amp;jornal=529&amp;pagina=24" editionNumber="10" highlightType="" highlightPriority="" highlight="" highlightimage="" highlightimagename="" idMateria="20252682">
  <body>
    <Identifica><![CDATA[ Portaria nº 79,  DE 12 DE JANEIRO DE 2023]]></Identifica>
    <Data><![CDATA[]]></Data>
    <Ementa />
    <Titulo />
    <SubTitulo />
    <Texto><![CDATA[<p></p><p class="identifica">Portaria nº 79, DE 12 DE JANEIRO DE 2023</p><p>O REITOR DO INSTITUTO FEDERAL DE EDUCAÇÃO, CIÊNCIA E TECNOLOGIA SUL-RIO-GRANDENSE, no uso das atribuições legais, considerando o Processo n.º 23163.004567.2022-10, resolve:</p><p>Art. 1º Ratificar a concessão de pensão civil à Maria Iná Gonçalves de Oliveira, na qualidade de viúva, a contar de 10/11/2022, em virtude do falecimento do servidor Claudio Roberto Martins de Oliveira, Matrícula SIAPE nº 274645, aposentado no cargo de Motorista, Nível de Classificação C, Nível de Capacitação I, Padrão de Vencimento 16, jornada de trabalho de 40 horas semanais, com fundamento no Art. 219 da Lei 8.112/90 c/c o Art. 23 e Art. 24 da Emenda Constitucional nº 103, de 13 de novembro de 2019.</p><p class="assina">Veridiana Krolow Bosenbecker</p><p class="cargo">Em Exercício</p>]]></Texto>
  </body>
  <Midias />
</article></xml>