﻿<xml><article id="30091797" name="PORTARIA SUESP NA 9" idOficio="9350613" pubName="DO2" artType="Portaria" pubDate="13/01/2023" artClass="00019:00036:00050:00000:00000:00000:00000:00000:00000:00000:00017:00000" artCategory="Ministério da Infraestrutura/Agência Nacional de Transportes Terrestres/Superintendência de Governança, Gestão Estratégica e de Pessoal" artSize="12" artNotes="" numberPage="38" pdfPage="http://pesquisa.in.gov.br/imprensa/jsp/visualiza/index.jsp?data=13/01/2023&amp;jornal=529&amp;pagina=38" editionNumber="10" highlightType="" highlightPriority="" highlight="" highlightimage="" highlightimagename="" idMateria="20255189">
  <body>
    <Identifica><![CDATA[ PORTARIA SUESP Nº 9, DE 12 DE JANEIRO DE 2023]]></Identifica>
    <Data><![CDATA[]]></Data>
    <Ementa />
    <Titulo />
    <SubTitulo />
    <Texto><![CDATA[<p class="identifica">PORTARIA SUESP Nº 9, DE 12 DE JANEIRO DE 2023</p><p>O SUPERINTENDENTE DE GOVERNANÇA, GESTÃO ESTRATÉGICA E DE PESSOAL DA AGÊNCIA NACIONAL DE TRANSPORTES TERRESTRES - ANTT, no uso da atribuição que lhe confere o art. 1° da Portaria DG/ANTT nº 385, de 29 de abril de 2022, e tendo em vista o que consta do Processo nº 50500.283390/2022-02, resolve:</p><p>Art. 1º Conceder aposentadoria voluntária à servidora DORALICE GOMES DA SILVA, Matrícula SIAPE nº 6806819, ocupante do cargo de Agente Administrativo, Classe S, Padrão III, pertencente ao Quadro de Pessoal Específico desta Agência, com fulcro no art. 3º da Emenda Constitucional nº 47 de 2005, combinado com o art. 3º da Emenda Constitucional nº 103/2019, incluindo a Vantagem Pessoal Nominalmente Identificada/VPNI prevista no art. 62-A da Lei nº 8.112/1990.</p><p>Art. 2º Declarar extinto o cargo de Agente Administrativo, vaga código 495906, ocupado pela servidora supracitada, em conformidade com o parágrafo único do artigo 113-A da Lei nº 10.233, de 05 de junho de 2001.</p><p>Art. 3º Esta portaria entra em vigor na data de sua publicação.</p><p class="assina">MATEUS SALOMÉ DO AMARAL</p>]]></Texto>
  </body>
  <Midias />
</article></xml>