﻿<xml><article id="30085099" name="005__A8RXHT" idOficio="9349413" pubName="DO2" artType="Portaria" pubDate="13/01/2023" artClass="00013:00012:00009:00012:00000:00000:00000:00000:00000:00000:00017:00000" artCategory="Ministério da Defesa/Comando da Marinha/Comando-Geral do Corpo de Fuzileiros Navais/Comando do Pessoal de Fuzileiros Navais" artSize="12" artNotes="" numberPage="9" pdfPage="http://pesquisa.in.gov.br/imprensa/jsp/visualiza/index.jsp?data=13/01/2023&amp;jornal=529&amp;pagina=9" editionNumber="10" highlightType="" highlightPriority="" highlight="" highlightimage="" highlightimagename="" idMateria="20253436">
  <body>
    <Identifica><![CDATA[ PORTARIA Nº 9/CPesFN, DE 11 DE JANEIRO DE 2023]]></Identifica>
    <Data><![CDATA[]]></Data>
    <Ementa />
    <Titulo />
    <SubTitulo />
    <Texto><![CDATA[<p class="identifica">PORTARIA Nº 9/CPesFN, DE 11 DE JANEIRO DE 2023</p><p>O COMANDANTE DO PESSOAL DE FUZILEIROS NAVAIS, no uso da subdelegação de competência que lhe confere a alínea h do inciso IX do art. 3º da Portaria n o 134/2017, do Comando-Geral do Corpo de Fuzileiros Navais; nos termos da alínea c do inciso I do art. 1º da Lei nº 7.670/1988; art. 104, inciso II do art. 106, inciso V do art. 108, art. 109 e § 1º e alínea b do § 2º do art. 110 da Lei nº 6.880/1980 (Estatuto dos Militares); alterada pela Lei nº 13.954/2019 (Reestruturação da Carreira Militar); e por força de decisão judicial, nos autos do processo nº 5008670-18.2020.4.02.5118, em trâmite na 1ª Vara Federal de Duque de Caxias, tendo a Administração Naval tomado conhecimento por meio do ofício nº 45535/2022/CEOFI2R/PRU2R/PGU/AGU, resolve:</p><p>Art. 1º Reformar, a partir de 22 de novembro de 2022, o 2ºSG-FN-IF 01.1201.40 JOSÉ ROBERTO GOMES DE OLIVEIRA, conforme decisão infracitada, fazendo jus à remuneração de acordo com os incisos I, II, III, IV e com o inciso I do § 1º do art. 12 da Lei nº 13.954/2019 (Reestruturação da Carreira Militar).</p><p>Art. 2º Reformar, a partir de 22 de novembro de 2022, o 2ºSG-FN-IF 04.0371.46 NICACIO SIMPLICIO DE OLIVEIRA JUNIOR, conforme decisão infracitada, fazendo jus à remuneração de acordo com os incisos I, II, III, IV, VI e com o inciso I do § 1º do art. 12 da Lei nº 13.954/2019 (Reestruturação da Carreira Militar).</p><p>AÇÃO ORDINÁRIA Processo Originário: 5008670-18.2020.4.02.5118</p><p>Juízo Originário: 1ª Vara Federal/Duque de Caxias</p><p>Data da Intimação: 22/11/2022 Tipo: Decisão (Tutela de Urgência)</p><p>Transcrição da Decisão Judicial:</p><p>Art. 3º Esta Portaria gera efeitos financeiros a partir de 22NOV2022. Art. 4º Estabelecer, objetivando o fiel cumprimento do disposto no art. 95 da Lei nº 6.880/1980 (Estatuto dos Militares); e alínea j do inciso 17.2.6 da DGPM-301 (2ª Revisão/Mod.3), os seguintes eventos:</p><p>I - Publicar esta Portaria em Ordem de Serviço; e</p><p>II - Até 45 dias da data desta Portaria, desligar o militar do Serviço Ativo da Marinha retroativamente a 22NOV2022.</p><p>Art. 5º Esta Portaria entra em vigor na presente data.</p><p class="assina">Vice-Almirante (FN) PEDRO LUIZ GUEIROS TAULOIS</p>]]></Texto>
  </body>
  <Midias />
</article></xml>