﻿<xml><article id="30092967" name="2023-01-12/9350781/SIGEPE_202554" idOficio="9350781" pubName="DO2" artType="Portaria" pubDate="13/01/2023" artClass="00018:00150:00020:00000:00000:00000:00000:00000:00000:00000:00017:00041" artCategory="Ministério da Educação/Fundação Universidade Federal do Tocantins/Pró-Reitoria de Graduação" artSize="12" artNotes="" numberPage="36" pdfPage="http://pesquisa.in.gov.br/imprensa/jsp/visualiza/index.jsp?data=13/01/2023&amp;jornal=529&amp;pagina=36" editionNumber="10" highlightType="" highlightPriority="" highlight="" highlightimage="" highlightimagename="" idMateria="20255457">
  <body>
    <Identifica><![CDATA[ Portaria PROGRAD/UFT nº 41, de 12 de Janeiro de 2023]]></Identifica>
    <Data><![CDATA[]]></Data>
    <Ementa />
    <Titulo />
    <SubTitulo />
    <Texto><![CDATA[<p class="identifica">Portaria PROGRAD/UFT nº 41, de 12 de Janeiro de 2023</p><p>O PRÓ-REITOR DE GRADUAÇÃO DA FUNDAÇÃO UNIVERSIDADE FEDERAL DO TOCANTINS, no exercício da Reitoria, designado pela Portaria nº 584, de 31 de agosto de 2020, publicada no DOU nº 168, de 01 de setembro de 2020, seção 2, pág. 42, no uso de suas atribuições legais, resolve:</p><p>Art. 1º - Tornar sem efeito as portarias nº 11, 13, 14 e 17 de 03/01/2023, publicadas no DOU nº 4 de 05/01/2023, seção 2, página 22 e no BGP edição nº 1.4, de 05/01/2023, ano 7.</p><p>Art. 2º - Esta portaria entra em vigor a partir da publicação.</p><p class="assina">EDUARDO JOSÉ CEZARI</p>]]></Texto>
  </body>
  <Midias />
</article></xml>