﻿<xml><article id="30082193" name="DOU - Port. nA 18-2023 - PAULA M" idOficio="9348852" pubName="DO2" artType="Portaria" pubDate="13/01/2023" artClass="00047:00031:00005:00004:00000:00000:00000:00000:00000:00000:00017:00000" artCategory="Poder Judiciário/Tribunal Regional Eleitoral do Piauí/Secretaria de Administração, Orçamento e Finanças/Coordenadoria de Material e Patrimônio" artSize="12" artNotes="" numberPage="52" pdfPage="http://pesquisa.in.gov.br/imprensa/jsp/visualiza/index.jsp?data=13/01/2023&amp;jornal=529&amp;pagina=52" editionNumber="10" highlightType="" highlightPriority="" highlight="" highlightimage="" highlightimagename="" idMateria="20252754">
  <body>
    <Identifica><![CDATA[ Portaria Nº 18 TRE/PRESI/DG/SGP/COPES/SEREF, de 12 de janeiro de 2023]]></Identifica>
    <Data><![CDATA[]]></Data>
    <Ementa />
    <Titulo />
    <SubTitulo />
    <Texto><![CDATA[<p class="identifica">Portaria Nº 18 TRE/PRESI/DG/SGP/COPES/SEREF, de 12 de janeiro de 2023</p><p>O PRESIDENTE DO TRIBUNAL REGIONAL ELEITORAL DO PIAUÍ, EM EXERCÍCIO, no uso de suas atribuições legais e,</p><p>Considerando o Despacho nº 47 da Diretoria-Geral deste Tribunal (documento 1747301), incluso no Processo SEI nº 0000486-31.2023.6.18.8000, resolve:</p><p>Art. 1º Nomear PAULA MARIA LEAL ALVARENGA, sem vínculo, para o exercício do cargo em comissão de Coordenador (CJ-2), do Gabinete da Coordenadoria de Jurisprudência e Documentação, da Secretaria Judiciária, lotando-a nesta unidade.</p><p>Art. 2º Esta Portaria entra em vigor na data de sua publicação.</p><p class="assina">Des. José James Gomes Pereira</p>]]></Texto>
  </body>
  <Midias />
</article></xml>