﻿<xml><article id="30085720" name="DESPACHO - 8116950" idOficio="9349504" pubName="DO2" artType="Despacho" pubDate="13/01/2023" artClass="00019:00034:00000:00000:00000:00000:00000:00000:00000:00000:00013:00007" artCategory="Ministério da Infraestrutura/Agência Nacional de Aviação Civil" artSize="12" artNotes="" numberPage="38" pdfPage="http://pesquisa.in.gov.br/imprensa/jsp/visualiza/index.jsp?data=13/01/2023&amp;jornal=529&amp;pagina=38" editionNumber="10" highlightType="" highlightPriority="" highlight="" highlightimage="" highlightimagename="" idMateria="20253589">
  <body>
    <Identifica><![CDATA[ DESPACHO DO DIRETOR-PRESIDENTE]]></Identifica>
    <Data><![CDATA[]]></Data>
    <Ementa />
    <Titulo />
    <SubTitulo />
    <Texto><![CDATA[<p class="identifica">DESPACHO DO DIRETOR-PRESIDENTE</p><p>O DIRETOR-PRESIDENTE SUBSTITUTO DA AGÊNCIA NACIONAL DE AVIAÇÃO CIVIL - ANAC, no uso das atribuições que lhe conferem o art. 16 da Lei nº 11.182, de 27 de setembro de 2005, e o art. 35, inciso VI, do Anexo I do Decreto nº 5.731, de 20 de março de 2006, resolve autorizar o afastamento do país do servidor FRANCISCO AUGUSTO GABAO MONTEIRO, matrícula SIAPE nº 1763274, ocupante de cargo comissionado código CGE III, Especialista em Regulação de Aviação Civil, a fim de participar da 58ª Reunião do Regional Aviation Safety Team - Pan America - PA-RAST e do Regional Aviation Safety Group - Pan America - RASG-PA, da Organização da Aviação Civil Internacional - OACI, em Miami - EUA, no período de 5 a 10 de fevereiro de 2023, inclusive trânsito, com ônus. Processo nº 00066.000149/2023-29.</p><p class="assina">TIAGO SOUSA PEREIRA</p>]]></Texto>
  </body>
  <Midias />
</article></xml>