﻿<xml><article id="30092652" name="PORTARIA GPR 68" idOficio="9350705" pubName="DO2" artType="Portaria" pubDate="13/01/2023" artClass="00047:00041:00002:00000:00000:00000:00000:00000:00000:00000:00017:00068" artCategory="Poder Judiciário/Tribunal de Justiça do Distrito Federal e dos Territórios/Presidência" artSize="12" artNotes="" numberPage="53" pdfPage="http://pesquisa.in.gov.br/imprensa/jsp/visualiza/index.jsp?data=13/01/2023&amp;jornal=529&amp;pagina=53" editionNumber="10" highlightType="" highlightPriority="" highlight="" highlightimage="" highlightimagename="" idMateria="20255385">
  <body>
    <Identifica><![CDATA[ PORTARIA GPR Nº 68, DE 10 DE JANEIRO DE 2023]]></Identifica>
    <Data><![CDATA[]]></Data>
    <Ementa />
    <Titulo />
    <SubTitulo />
    <Texto><![CDATA[<p class="identifica">PORTARIA GPR Nº 68, DE 10 DE JANEIRO DE 2023</p><p>O PRESIDENTE DO TRIBUNAL DE JUSTIÇA DO DISTRITO FEDERAL E DOS TERRITÓRIOS, no uso de sua competência legal, e tendo em vista o contido no processo SEI N. 0000426/2023, resolve:</p><p>Art. 1º Tornar sem efeito a Portaria GPR 3096, de 27 de dezembro de 2022, publicada no D.O.U do dia 29 de dezembro de 2022.</p><p>Art. 2º Designar Bacharel em Direito, DIEGO RAFAEL DE AGUIAR, matrícula N. 312.386, Técnico Judiciário, Área Administrativa, do Quadro de Pessoal deste Tribunal, para substituir o titular do Cargo em Comissão, CJ-01, de Assessor do Gabinete da Exma. Sra. Juíza de Direito Substituta de Segundo Grau Carmen Nicea Nogueira Bittencourt, nos seus impedimentos legais e eventuais.</p><p>Art. 3º Esta Portaria entra em vigor na data de sua publicação.</p><p class="assina">Des. CRUZ MACEDO</p>]]></Texto>
  </body>
  <Midias />
</article></xml>