﻿<xml><article id="30091489" name="ATO Portaria GDG NA 11" idOficio="9350592" pubName="DO2" artType="Portaria" pubDate="13/01/2023" artClass="00047:00001:00008:00001:00000:00000:00000:00000:00000:00000:00017:00005" artCategory="Poder Judiciário/Supremo Tribunal Federal/Secretaria do Tribunal/Gabinete" artSize="12" artNotes="" numberPage="49" pdfPage="http://pesquisa.in.gov.br/imprensa/jsp/visualiza/index.jsp?data=13/01/2023&amp;jornal=529&amp;pagina=49" editionNumber="10" highlightType="" highlightPriority="" highlight="" highlightimage="" highlightimagename="" idMateria="20255134">
  <body>
    <Identifica><![CDATA[ Portaria GDG Nº 11, DE 11 DE janeiro DE 2023]]></Identifica>
    <Data><![CDATA[]]></Data>
    <Ementa />
    <Titulo />
    <SubTitulo />
    <Texto><![CDATA[<p class="identifica">Portaria GDG Nº 11, DE 11 DE janeiro DE 2023</p><p>O DIRETOR-GERAL DA SECRETARIA DO SUPREMO TRIBUNAL FEDERAL, no uso de suas atribuições e tendo em vista o art. 38, caput, da Lei nº 8.112, de 11 de dezembro de 1990, e o art. 28, IX, d, do Regulamento da Secretaria do Supremo Tribunal Federal, resolve:</p><p>Dispensar, a contar de 10 de janeiro de 2023, FLÁVIO DE SOUSA SIQUEIRA, Técnico Judiciário, área Administrativa, do encargo de substituto eventual do Assessor-Chefe, nível CJ-3, da Assessoria de Projetos Judiciais.</p><p class="assina">MIGUEL RICARDO DE OLIVEIRA PIAZZI</p>]]></Texto>
  </body>
  <Midias />
</article></xml>