﻿<xml><article id="30090728" name="RETIFICAAAO FERNANDA" idOficio="9350481" pubName="DO2" artType="Retificação" pubDate="13/01/2023" artClass="00047:00004:00001:00000:00000:00000:00000:00000:00000:00000:00024:00000" artCategory="Poder Judiciário/Superior Tribunal de Justiça/Presidência" artSize="12" artNotes="" numberPage="49" pdfPage="http://pesquisa.in.gov.br/imprensa/jsp/visualiza/index.jsp?data=13/01/2023&amp;jornal=529&amp;pagina=49" editionNumber="10" highlightType="" highlightPriority="" highlight="" highlightimage="" highlightimagename="" idMateria="20254959">
  <body>
    <Identifica><![CDATA[ RETIFICAÇÃO]]></Identifica>
    <Data><![CDATA[]]></Data>
    <Ementa />
    <Titulo />
    <SubTitulo />
    <Texto><![CDATA[<p class="identifica">RETIFICAÇÃO</p><p>Retificar a Portaria STJ/GP n. 603 de 19 de dezembro de 2022, publicada no Diário Oficial da União do dia 12 subsequente, seção 2, página 49, de forma que no caput,</p><p>Onde se lê "considerando o disposto nos arts. 9º, II, e 35, I, da Lei n. 8.112, de 11 de dezembro de 1990...", leia-se "considerando o disposto nos arts. 9º, II, e 35, II, da Lei n. 8.112, de 11 de dezembro de 1990...", e no art. 1º, onde se lê "Exonerar FERNANDA ALMEIDA RIBEIRO, matrícula S036930...", leia-se "Exonerar, a pedido, com efeitos a contar de 11 de janeiro de 2023, FERNANDA ALMEIDA RIBEIRO, matrícula S036930...".</p>]]></Texto>
  </body>
  <Midias />
</article></xml>