﻿<xml><article id="30090116" name="DOU 12-01-LICENAAS" idOficio="9350356" pubName="DO2" artType="Portaria" pubDate="13/01/2023" artClass="00018:00041:00000:00000:00000:00000:00000:00000:00000:00000:00017:00001" artCategory="Ministério da Educação/Colégio Pedro II" artSize="12" artNotes="" numberPage="20" pdfPage="http://pesquisa.in.gov.br/imprensa/jsp/visualiza/index.jsp?data=13/01/2023&amp;jornal=529&amp;pagina=20" editionNumber="10" highlightType="" highlightPriority="" highlight="" highlightimage="" highlightimagename="" idMateria="20254837">
  <body>
    <Identifica><![CDATA[ PORTARIA DE 12 DE JANEIRO DE 2023]]></Identifica>
    <Data><![CDATA[]]></Data>
    <Ementa />
    <Titulo />
    <SubTitulo />
    <Texto><![CDATA[<p class="identifica">PORTARIA DE 12 DE JANEIRO DE 2023</p><p>A REITORA DO COLÉGIO PEDRO II, nomeada por Decreto Presidencial de 18 de outubro de 2022, publicado no Diário Oficial da União, Seção 2, página 1 de 19 de outubro de 2022, no uso de suas atribuições legais, resolve:</p><p>N° 0.051 Conceder a RAQUEL MARINA SILVA, ocupante do cargo de Professora de Ensino Básico, Técnico e Tecnológico, matrícula Siape nº 2396058, lotada no Centro de Referência em Educação Infantil, Licença sem Vencimentos, pelo período de 1 ano, a partir de 01 de fevereiro de 2023, com base no Artigo 91, Lei nº 8112/90, modificado pela Lei nº 9527 de 10 de dezembro de 1997, publicado no Diário Oficial da União de 11 de dezembro de 1997. (Processo 23784.000401/2022-17)</p><p class="assina">ANDREA BANDEIRA RIBEIRO</p><p class="cargo">Substituta Eventual</p>]]></Texto>
  </body>
  <Midias />
</article></xml>