﻿<xml><article id="30089735" name="ATO DE PORTARIA 21.203" idOficio="9350311" pubName="DO2" artType="Portaria" pubDate="13/01/2023" artClass="00020:00028:00015:00005:00001:00000:00000:00000:00000:00000:00017:00001" artCategory="Ministério da Justiça e Segurança Pública/Polícia Federal/Diretoria de Gestão de Pessoal/Coordenação-Geral de Recursos Humanos/Divisão de Administração de Recursos Humanos" artSize="12" artNotes="" numberPage="39" pdfPage="http://pesquisa.in.gov.br/imprensa/jsp/visualiza/index.jsp?data=13/01/2023&amp;jornal=529&amp;pagina=39" editionNumber="10" highlightType="" highlightPriority="" highlight="" highlightimage="" highlightimagename="" idMateria="20254772">
  <body>
    <Identifica><![CDATA[ PORTARIA DGP/PF Nº 21.203, DE 9 DE JANEIRO DE 2023]]></Identifica>
    <Data><![CDATA[]]></Data>
    <Ementa />
    <Titulo />
    <SubTitulo />
    <Texto><![CDATA[<p class="identifica">PORTARIA DGP/PF Nº 21.203, DE 9 DE JANEIRO DE 2023</p><p>O DIRETOR DE GESTÃO DE PESSOAL DA POLÍCIA FEDERAL SUBSTITUTO, no uso das competências que lhe foram atribuídas pelo inciso XVII do art. 43 do Regimento Interno da Polícia Federal, aprovado pela Portaria MSP nº 155, de 27/09/2018, publicado no DOU nº 200, de 17/10/2018, e considerando o que consta no Processo nº 08255.002618/2020-86, resolve:</p><p>Declarar vago, a partir de 16 de março de 2020, o cargo de Agente Administrativo do Quadro de Pessoal da Polícia Federal, ocupado por ROSA MARIA PASTOR DE OLIVEIRA, matrícula SIAPE nº 1170807, de acordo com o art. 33, inciso VIII, da Lei nº 8.112/1990, em virtude de posse em outro cargo inacumulável.</p><p class="assina">ANTÔNIO GABRIEL LIMA PUCCI FILHO</p>]]></Texto>
  </body>
  <Midias />
</article></xml>