﻿<xml><article id="30093126" name="Portaria 52" idOficio="9350801" pubName="DO2" artType="Portaria" pubDate="13/01/2023" artClass="00018:00134:00001:00000:00000:00000:00000:00000:00000:00000:00017:00000" artCategory="Ministério da Educação/Fundação Universidade Federal do Amapá/Reitoria" artSize="12" artNotes="" numberPage="35" pdfPage="http://pesquisa.in.gov.br/imprensa/jsp/visualiza/index.jsp?data=13/01/2023&amp;jornal=529&amp;pagina=35" editionNumber="10" highlightType="" highlightPriority="" highlight="" highlightimage="" highlightimagename="" idMateria="20255509">
  <body>
    <Identifica><![CDATA[ PORTARIA Nº 52, DE 11 DE JANEIRO DE 2023]]></Identifica>
    <Data><![CDATA[]]></Data>
    <Ementa />
    <Titulo />
    <SubTitulo />
    <Texto><![CDATA[<p class="identifica">PORTARIA Nº 52, DE 11 DE JANEIRO DE 2023</p><p>O REITOR DA UNIVERSIDADE FEDERAL DO AMAPÁ, no uso de suas atribuições legais, em conformidade com o art. 17, inciso XIII, do Regimento Geral desta Universidade, e tendo em vista o que consta nos autos do Processo nº 23125.000186/2023-91, de 04/01/2023. resolve:</p><p>Art. 1º - Dispensar o servidor PAULO ROSSI DA SILVA PIMENTA, matrícula SIAPE 2126128, ocupante do cargo efetivo de Assistente em Administração, da função de Assessor da Pró-Reitoria de Ensino de Graduação - ASSEPROG, FG-01.</p><p>Art. 2º - Designar a servidora JULIE ANNE SOARES DE QUEIROZ, matrícula SIAPE 2178132, ocupante do cargo efetivo de Assistente em Administração, para exercer a função de Assessora da Pró-Reitoria de Ensino de Graduação - ASSEPROG, FG-01.</p><p>Art. 3º - Esta Portaria entra em vigor na data e sua publicação no Diário Oficial da União.</p><p class="assina">ANA CRISTINA DE PAULA MAUES SOARES</p>]]></Texto>
  </body>
  <Midias />
</article></xml>