﻿<xml><article id="30093312" name="PORTARIA GPR 48" idOficio="9350823" pubName="DO2" artType="Portaria" pubDate="13/01/2023" artClass="00047:00041:00002:00000:00000:00000:00000:00000:00000:00000:00017:00048" artCategory="Poder Judiciário/Tribunal de Justiça do Distrito Federal e dos Territórios/Presidência" artSize="12" artNotes="" numberPage="53" pdfPage="http://pesquisa.in.gov.br/imprensa/jsp/visualiza/index.jsp?data=13/01/2023&amp;jornal=529&amp;pagina=53" editionNumber="10" highlightType="" highlightPriority="" highlight="" highlightimage="" highlightimagename="" idMateria="20255563">
  <body>
    <Identifica><![CDATA[ PORTARIA GPR Nº 48, DE 9 DE JANEIRO DE 2023]]></Identifica>
    <Data><![CDATA[]]></Data>
    <Ementa />
    <Titulo />
    <SubTitulo />
    <Texto><![CDATA[<p class="identifica">PORTARIA GPR Nº 48, DE 9 DE JANEIRO DE 2023</p><p>O PRESIDENTE DO TRIBUNAL DE JUSTIÇA DO DISTRITO FEDERAL E DOS TERRITÓRIOS, no uso de sua competência legal e tendo em vista o contido no processo SEI 0000153/2023, resolve:</p><p>Art. 1º Tornar sem efeito, com fundamento no artigo 13, §§ 1º e 6º, da Lei 8.112/1990, por decurso do prazo de posse, a nomeação do candidato RAMON DOS REIS BARBOSA BARRETO, habilitado em concurso público realizado pelo Tribunal de Justiça do Distrito Federal e dos Territórios para o cargo efetivo de Técnico Judiciário, Área Administrativa, Classe A, Padrão 1, do Quadro de Pessoal deste Órgão, efetivada por meio da Portaria GPR 2853, publicada no DOU de 02.12.2022, Seção 2.</p><p>Art. 2º Esta Portaria entra em vigor na data de sua publicação.</p><p class="assina">Des. CRUZ MACEDO</p>]]></Texto>
  </body>
  <Midias />
</article></xml>