﻿<xml><article id="30092676" name="2 GM - Portaria 51 - Conceder Pe" idOficio="9350747" pubName="DO2" artType="Portaria" pubDate="13/01/2023" artClass="00011:00001:00000:00000:00000:00000:00000:00000:00000:00000:00013:00001" artCategory="Ministério da Ciência, Tecnologia e Inovações/Gabinete do Ministro" artSize="12" artNotes="" numberPage="6" pdfPage="http://pesquisa.in.gov.br/imprensa/jsp/visualiza/index.jsp?data=13/01/2023&amp;jornal=529&amp;pagina=6" editionNumber="10" highlightType="" highlightPriority="" highlight="" highlightimage="" highlightimagename="" idMateria="20255389">
  <body>
    <Identifica><![CDATA[ PORTARIA MCTI Nº 51, DE 10 DE JANEIRO DE 2023]]></Identifica>
    <Data><![CDATA[]]></Data>
    <Ementa />
    <Titulo />
    <SubTitulo />
    <Texto><![CDATA[<p class="identifica">PORTARIA MCTI Nº 51, DE 10 DE JANEIRO DE 2023</p><p>A MINISTRA DE ESTADO DA CIÊNCIA, TECNOLOGIA E INOVAÇÃO, no uso da competência que lhe foi outorgada nos incisos I, II e IV do Parágrafo único do art. 87 da Constituição Federal de 1988, e tendo em vista o que consta no Processo nº 01245.004248/2022-53, resolve:</p><p>Conceder pensão civil, a contar da data que o requerimento foi entregue nesta Pasta, 22 de março de 2022, a NELLY VILLA ALVAREZ BAHIA, CPF ***.095.757-**, viúva do aposentado MAYRTON COPLE BAHIA, Postalista, Matrícula SIAPE **54**, falecido em 25 de agosto de 2021, com o fundamento legal no inciso I do Art. 3º da Portaria SGP/SEDGG/ME nº 4645/2022, c/c o Art. 217 da Lei nº 8.112/1990, com os Arts. 23 e 24 da EC nº 103/2019, com o inciso II do Art. 74 e com o item "6" da alínea "c" do inciso V do § 2º do Art. 77 da Lei nº 8.213/1991, com redação dada pela Portaria ME nº 424/2020.</p><p class="assina">LUCIANA SANTOS</p>]]></Texto>
  </body>
  <Midias />
</article></xml>