﻿<xml><article id="30088066" name="CONSELHO DE ARQUITETURA E URBANI" idOficio="9350030" pubName="DO2" artType="Portaria" pubDate="13/01/2023" artClass="00048:00035:00000:00000:00000:00000:00000:00000:00000:00000:00017:00000" artCategory="Entidades de Fiscalização do Exercício das Profissões Liberais/Conselho de Arquitetura e Urbanismo do Acre" artSize="12" artNotes="" numberPage="55" pdfPage="http://pesquisa.in.gov.br/imprensa/jsp/visualiza/index.jsp?data=13/01/2023&amp;jornal=529&amp;pagina=55" editionNumber="10" highlightType="" highlightPriority="" highlight="" highlightimage="" highlightimagename="" idMateria="20254220">
  <body>
    <Identifica><![CDATA[ PORTARIA Nº 74, 12 DE JANEIRO DE 2023]]></Identifica>
    <Data><![CDATA[]]></Data>
    <Ementa />
    <Titulo />
    <SubTitulo />
    <Texto><![CDATA[<p class="identifica">PORTARIA Nº 74, 12 DE JANEIRO DE 2023</p><p>O Presidente do Conselho de Arquitetura e Urbanismo do Acre, no uso de suas atribuições que lhe conferem o Regimento Interno e art. 3° do Ato Normativo n° 01 de 01 de abril do ano de 2.013 e o disposto no art. 37, II, da Constituição Federal de 1988, resolve:</p><p>Art. 1°. Fica nomeada a seguinte funcionária, conforme art. 3° do Ato Normativo n° 01 de 01 de abril do ano de 2.013:</p><p>I - Assistente Administrativo: LUANA RODRIGUES CORDEIRO, inscrita no CAU/AC sob o nº 023, com data de nomeação em 13/01/2023;</p><p>Art. 2°. A funcionária mencionada no art. 1° será regida pela Consolidação das Leis Trabalhistas - CLT.</p><p>Art. 3°. Esta portaria entrará em vigor no dia 13 de janeiro de 2023.</p><p class="assina">DÂNDARA CRISTTINNY BRITO LIMA</p>]]></Texto>
  </body>
  <Midias />
</article></xml>