﻿<xml><article id="30079829" name="Portaria 256.2022 dispensa FlAvi" idOficio="9288474" pubName="DO2" artType="Portaria" pubDate="13/01/2023" artClass="00043:00012:00013:00000:00000:00000:00000:00000:00000:00000:00017:00000" artCategory="Ministério Público da União/Ministério Público do Trabalho/Procuradoria Regional do Trabalho da 12ª Região" artSize="12" artNotes="" numberPage="46" pdfPage="http://pesquisa.in.gov.br/imprensa/jsp/visualiza/index.jsp?data=13/01/2023&amp;jornal=529&amp;pagina=46" editionNumber="10" highlightType="" highlightPriority="" highlight="" highlightimage="" highlightimagename="" idMateria="20165078">
  <body>
    <Identifica><![CDATA[ Portaria Nº 256, de 13 de dezembro de 2022]]></Identifica>
    <Data><![CDATA[]]></Data>
    <Ementa />
    <Titulo />
    <SubTitulo />
    <Texto><![CDATA[<p class="identifica">Portaria Nº 256, de 13 de dezembro de 2022</p><p>PGEA 20.02.1200.0001047/2022-18</p><p>O Procurador-Chefe da Procuradoria Regional do Trabalho da 12ª Região, no uso de suas atribuições institucionais e considerando a Portaria PGT nº 1728, de 02 de outubro de 2017, resolve:</p><p>Art. 1º Dispensar, a servidora Flávia Carolina Postalli Rodrigues Alloy, matrícula 6007731-X, do encargo de substituta eventual da Chefe da Assessoria Jurídica do 14º Ofício Geral da PRT 12ª Região, código CC-02.</p><p>Art. 2º Designar a servidora Rosmari Rudolf Mezzomo, matrícula 6002253-1 para o encargo de substituta eventual do Chefe da Assessoria Jurídica do 14º Ofício Geral da PRT 12ª Região, código CC-02.</p><p class="assina">MARCELO GOSS NEVES</p><p></p>]]></Texto>
  </body>
  <Midias />
</article></xml>