﻿<xml><article id="30090224" name="Portaria 121-2023-DOU-Maria da S" idOficio="9350384" pubName="DO2" artType="Portaria" pubDate="13/01/2023" artClass="00026:00039:00024:00000:00000:00000:00000:00000:00000:00000:00017:00000" artCategory="Ministério da Saúde/Fundação Nacional de Saúde/Superintendência Estadual do Espírito Santo" artSize="12" artNotes="" numberPage="42" pdfPage="http://pesquisa.in.gov.br/imprensa/jsp/visualiza/index.jsp?data=13/01/2023&amp;jornal=529&amp;pagina=42" editionNumber="10" highlightType="" highlightPriority="" highlight="" highlightimage="" highlightimagename="" idMateria="20254847">
  <body>
    <Identifica><![CDATA[ PORTARIA Nº 121, DE 12 DE JANEIRO DE 2023]]></Identifica>
    <Data><![CDATA[]]></Data>
    <Ementa />
    <Titulo />
    <SubTitulo />
    <Texto><![CDATA[<p class="identifica">PORTARIA Nº 121, DE 12 DE JANEIRO DE 2023</p><p>O SUPERINTENDENTE ESTADUAL DA FUNDAÇÃO NACIONAL DE SAÚDE NO ESTADO DO ESPÍRITO SANTO, no uso de suas atribuições previstas nos arts. 17 e 20 das disposições estatutárias aprovadas pelo Decreto nº 11.223, de 05.10.2022, publicado no Diário Oficial da União do dia subsequente, e, tendo em vista o que consta do Processo SEI nº 25150.000009/2023-22, resolve:</p><p>Art. 1º - CONCEDER Pensão Vitalícia à MARIA DA SILVA CHAVIER, CPF nº 055.954.987-30, na qualidade de cônjuge, com fundamento nos artigos 215 (Redação dada pela Lei 13.846/2019) e 217, inciso I, da Lei nº 8.112/90 (Redação dada pela Lei nº 13.135/2015), combinado com o art. 222, Inciso VII, alínea "b", item 6, da Lei nº 8.112/90 (Incluído pela Lei nº 13.135/2015), e art. 23 da Emenda Constitucional nº 103/2019, a partir de 28.12.2022, data do óbito do ex-servidor JOÃO CHAVIER, Matrícula SIAPE nº 0493475, aposentado no cargo Agente de Saúde Publica - Classe/Padrão "S.III".</p><p>Art. 2º - Esta portaria entra em vigor na data de sua publicação.</p><p class="assina">AYRTON SILVEIRA JUNIOR</p>]]></Texto>
  </body>
  <Midias />
</article></xml>