﻿<xml><article id="30100530" name="PORTARIAS DIREG 12-01-2023" idOficio="9350939" pubName="DO2" artType="Portaria" pubDate="13/01/2023" artClass="00046:00002:00001:00004:00000:00000:00000:00000:00000:00000:00017:00000" artCategory="Poder Legislativo/Senado Federal/Diretoria-Geral/Diretoria Executiva de Gestão" artSize="12" artNotes="" numberPage="47" pdfPage="http://pesquisa.in.gov.br/imprensa/jsp/visualiza/index.jsp?data=13/01/2023&amp;jornal=529&amp;pagina=47" editionNumber="10" highlightType="" highlightPriority="" highlight="" highlightimage="" highlightimagename="" idMateria="20255689">
  <body>
    <Identifica><![CDATA[ PORTARIA Nº 205, DE 4 DE JANEIRO DE 2023]]></Identifica>
    <Data><![CDATA[]]></Data>
    <Ementa />
    <Titulo />
    <SubTitulo />
    <Texto><![CDATA[<p class="identifica">PORTARIA Nº 205, DE 4 DE JANEIRO DE 2023</p><p>O DIRETOR-EXECUTIVO DE GESTÃO DO SENADO FEDERAL, no uso das atribuições que lhe foram conferidas pelo Ato da Diretoria-Geral nº 33, de 2017, e tendo em vista o que consta no processo eletrônico número 1127056, resolve:</p><p>Exonerar na forma do disposto no art. 35, inciso I, da Lei n <sup>o</sup> 8.112, de 1990, AMILTON NEVES MARCELINO, matrícula n <sup>o</sup> 140937, do cargo, em comissão, de AUXILIAR PARLAMENTAR INTERMEDIÁRIO, AP-06, do órgão GABSEN/GSEAMI - Gabinete do Senador Esperidião Amin, a partir de 16/01/2023.</p><p class="assina">Marcio Tancredi</p><p class="identifica">PORTARIAS DE 9 DE JANEIRO DE 2023</p><p>O DIRETOR-EXECUTIVO DE GESTÃO DO SENADO FEDERAL, no uso da delegação de competência estabelecida no art. 1º, inciso III, do Ato da Diretoria-Geral nº 33, de 2017, combinado com a Resolução nº 13, de 2018, e tendo em vista o que consta no Processo nº 00200.000401/2023-16, resolve:</p><p>Nº 95 - fundamentado nos arts. 23 e 24 da Emenda Constitucional nº 103/2019, bem como nos arts. 16, inciso I, e 77, §2º, inciso V, alínea "c", da Lei nº 8.213/1991, c/c art. 1º, inciso VI, da Portaria ME nº 424/2020, conceder pensão em caráter vitalício a LAUDELINA DE OLIVEIRA PEDROSA, na condição de cônjuge, em valor equivalente a uma cota familiar de 50% (cinquenta por cento) do valor da aposentadoria recebida pelo ex-servidor acrescida de uma cota de 10% (dez por cento) por dependente, totalizando 60% (sessenta por cento) dos proventos do ex-servidor aposentado WILSON MENEZES PEDROSA, mat. 1019, a partir da data do óbito, 26/12/2022.</p><p>O DIRETOR-EXECUTIVO DE GESTÃO DO SENADO FEDERAL, no uso da delegação de competência estabelecida no art. 1º, inciso III, do Ato da Diretoria-Geral nº 33, de 2017, combinado com a Resolução nº 13, de 2018, e tendo em vista o que consta no Processo nº 00200.000173/2023-76, resolve:</p><p>Nº 136 - fundamentado nos arts. 23 e 24 da Emenda Constitucional nº 103/2019, bem como nos arts. 16, inciso I, e 77, §2º, incisos II e V, alínea "c", item 6, da Lei nº 8.213/1991, c/c art. 1º, inciso VI, da Portaria ME nº 424/2020, conceder pensão em caráter vitalício a PATRICIA RENATA OLINTO PESSOA ARTIAGA, na condição de cônjuge, e em caráter temporário a FERNANDA BEATRICE OLINTO ARTIAGA e MARIA LETÍCIA OLINTO ARTIAGA, na condição de filhas menores de 21 anos, a partir de 3/12/2022, em valor equivalente a uma cota familiar de 50% (cinquenta por cento) do valor da aposentadoria recebida pelo ex-servidor, acrescida de uma cota de 10% (dez por cento) por dependente, totalizando 80% (oitenta por cento) dos proventos do ex-servidor aposentado GETRO ARTIAGA LIMA E SILVA, mat. 25371.</p><p class="assina">Marcio Tancredi</p><p class="identifica">PORTARIAS DE 10 DE JANEIRO DE 2023</p><p>O DIRETOR-EXECUTIVO DE GESTÃO DO SENADO FEDERAL, no uso da delegação de competência estabelecida no art. 1º, inciso III, do Ato da Diretoria-Geral nº 33, de 2017, combinado com a Resolução nº 13, de 2018, e tendo em vista o que consta no Processo nº 00200.000496/2023-60, resolve:</p><p>Nº 118 - fundamentado nos arts. 23 e 24 da Emenda Constitucional nº 103/2019, bem como nos arts. 16, inciso I, e 77, §2º, inciso V, alínea "c", da Lei nº 8.213/1991, c/c art. 1º, inciso VI, da Portaria ME nº 424/2020, conceder pensão em caráter vitalício a JOSELITA RODRIGUES DINIZ AZEVEDO, na condição de cônjuge, em valor equivalente a uma cota familiar de 50% (cinquenta por cento) do valor da aposentadoria recebida pelo ex-servidor acrescida de uma cota de 10% (dez por cento) por dependente, totalizando 60% (sessenta por cento) dos proventos do ex-servidor aposentado MARCOS FLAVIANO DE AZEVÊDO, mat. 21390, a partir da data do óbito, 28/12/2022.</p><p>O DIRETOR-EXECUTIVO DE GESTÃO DO SENADO FEDERAL, no uso das atribuições que lhe foram conferidas pelo Ato da Diretoria-Geral nº 33, de 2017, e tendo em vista o que consta no processo eletrônico número 1110838, resolve:</p><p>Nº 179 - nomear, na forma do disposto do inciso II do art. 9 <sup>o</sup> da Lei n <sup>o</sup> 8.112, de 1990, CARLOS DIEGO DE ARAÚJO PINTO E LIMA para exercer o cargo, em comissão, de AUXILIAR PARLAMENTAR PLENO, AP-07, do Quadro de Pessoal do Senado Federal, com lotação no órgão GABSEN/GSDBERGE - Gabinete do Senador Dário Berger.</p><p>O DIRETOR-EXECUTIVO DE GESTÃO DO SENADO FEDERAL, no uso das atribuições que lhe foram conferidas pelo Ato da Diretoria-Geral nº 33, de 2017, e tendo em vista o que consta no processo eletrônico número 1123056, resolve:</p><p>Nº 180 - nomear, na forma do disposto do inciso II do art. 9 <sup>o</sup> da Lei n <sup>o</sup> 8.112, de 1990, ANA CAROLINE SAMPAIO GOMES para exercer o cargo, em comissão, de ASSISTENTE PARLAMENTAR INTERMEDIÁRIO, AP-10, do Quadro de Pessoal do Senado Federal, com lotação no órgão COMPER/CCJ - Comissão de Constituição, Justiça e Cidadania.</p><p>O DIRETOR-EXECUTIVO DE GESTÃO DO SENADO FEDERAL, no uso das atribuições que lhe foram conferidas pelo Ato da Diretoria-Geral nº 33, de 2017, e tendo em vista o que consta no processo eletrônico número 1125996, resolve:</p><p>Nº 181 - nomear, na forma do disposto do inciso II do art. 9 <sup>o</sup> da Lei n <sup>o</sup> 8.112, de 1990, PRISCILA MARQUES MARTINS BRAGA para exercer o cargo, em comissão, de AUXILIAR PARLAMENTAR JÚNIOR, AP-05, do Quadro de Pessoal do Senado Federal, com lotação no órgão GABSEN/GSCPORT - Gabinete do Senador Carlos Portinho.</p><p>O DIRETOR-EXECUTIVO DE GESTÃO DO SENADO FEDERAL, no uso das atribuições que lhe foram conferidas pelo Ato da Diretoria-Geral nº 33, de 2017, e tendo em vista o que consta no processo eletrônico número 1128256, resolve:</p><p>Nº 182 - nomear, na forma do disposto do inciso II do art. 9 <sup>o</sup> da Lei n <sup>o</sup> 8.112, de 1990, LUZIA BRITO GRUNHO para exercer o cargo, em comissão, de ASSISTENTE PARLAMENTAR JÚNIOR, AP-09, do Quadro de Pessoal do Senado Federal, com lotação no órgão GABSEN/GSLBARRE - Gabinete do Senador Lucas Barreto.</p><p>O DIRETOR-EXECUTIVO DE GESTÃO DO SENADO FEDERAL, no uso das atribuições que lhe foram conferidas pelo Ato da Diretoria-Geral nº 33, de 2017, e tendo em vista o que consta no processo eletrônico número 1130156, resolve:</p><p>Nº 183 - nomear, na forma do disposto do inciso II do art. 9 <sup>o</sup> da Lei n <sup>o</sup> 8.112, de 1990, MARIA LUCIA SANTOS DE SOUZA para exercer o cargo, em comissão, de SECRETÁRIO PARLAMENTAR, SF01, do Quadro de Pessoal do Senado Federal, com lotação no órgão GABSEN/GSBJOSE - Gabinete do Senador Bispo José.</p><p>O DIRETOR-EXECUTIVO DE GESTÃO DO SENADO FEDERAL, no uso das atribuições que lhe foram conferidas pelo Ato da Diretoria-Geral nº 33, de 2017, e tendo em vista o que consta no processo eletrônico número 1130397, resolve:</p><p>Nº 184 - exonerar na forma do disposto no art. 35, inciso I, da Lei n <sup>o</sup> 8.112, de 1990, EDMILSON NUNES DE OLIVEIRA JUNIOR, matrícula n <sup>o</sup> 387025, do cargo, em comissão, de AJUDANTE PARLAMENTAR JÚNIOR, AP-01, do órgão GABSEN/GSOAZIZ - Gabinete do Senador Omar Aziz.</p><p>O DIRETOR-EXECUTIVO DE GESTÃO DO SENADO FEDERAL, no uso das atribuições que lhe foram conferidas pelo Ato da Diretoria-Geral nº 33, de 2017, e tendo em vista o que consta no processo eletrônico número 1130416, resolve:</p><p>Nº 185 - exonerar na forma do disposto no art. 35, inciso I, da Lei n <sup>o</sup> 8.112, de 1990, LUANA GABRIELA JANEIRO DE ANDRADE, matrícula n <sup>o</sup> 386689, do cargo, em comissão, de AJUDANTE PARLAMENTAR JÚNIOR, AP-01, do órgão GABSEN/GSOAZIZ - Gabinete do Senador Omar Aziz.</p><p>O DIRETOR-EXECUTIVO DE GESTÃO DO SENADO FEDERAL, no uso das atribuições que lhe foram conferidas pelo Ato da Diretoria-Geral nº 33, de 2017, e tendo em vista o que consta no processo eletrônico número 1130418, resolve:</p><p>Nº 186 - exonerar na forma do disposto no art. 35, inciso I, da Lei n <sup>o</sup> 8.112, de 1990, FLÁVIA LÍVIA TOMÁS DE ARAÚJO DA SILVA, matrícula n <sup>o</sup> 387724, do cargo, em comissão, de AJUDANTE PARLAMENTAR JÚNIOR, AP-01, do órgão GABSEN/GSOAZIZ - Gabinete do Senador Omar Aziz.</p><p>O DIRETOR-EXECUTIVO DE GESTÃO DO SENADO FEDERAL, no uso das atribuições que lhe foram conferidas pelo Ato da Diretoria-Geral nº 33, de 2017, e tendo em vista o que consta no processo eletrônico número 1130457, resolve:</p><p>Nº 187 - exonerar na forma do disposto no art. 35, inciso I, da Lei n <sup>o</sup> 8.112, de 1990, QUEITIANE CONCEIÇÃO GADELHA, matrícula n <sup>o</sup> 386306, do cargo, em comissão, de AJUDANTE PARLAMENTAR JÚNIOR, AP-01, do órgão GABSEN/GSOAZIZ - Gabinete do Senador Omar Aziz.</p><p>O DIRETOR-EXECUTIVO DE GESTÃO DO SENADO FEDERAL, no uso das atribuições que lhe foram conferidas pelo Ato da Diretoria-Geral nº 33, de 2017, e tendo em vista o que consta no processo eletrônico número 1130476, resolve:</p><p>Nº 188 - exonerar na forma do disposto no art. 35, inciso I, da Lei n <sup>o</sup> 8.112, de 1990, ANNE KAROLLINE DE MELO BRITO, matrícula n <sup>o</sup> 359250, do cargo, em comissão, de SECRETÁRIO PARLAMENTAR, SF01, do órgão GABSEN/GSBJOSE - Gabinete do Senador Bispo José, a partir de 10/01/2023.</p><p>O DIRETOR-EXECUTIVO DE GESTÃO DO SENADO FEDERAL, no uso das atribuições que lhe foram conferidas pelo Ato da Diretoria-Geral nº 33, de 2017, e tendo em vista o que consta no processo eletrônico número 1130477, resolve:</p><p>Nº 189 - exonerar na forma do disposto no art. 35, inciso I, da Lei n <sup>o</sup> 8.112, de 1990, FERNANDO MAGRI BASTOS, matrícula n <sup>o</sup> 368900, do cargo, em comissão, de AUXILIAR PARLAMENTAR JÚNIOR, AP-05, do órgão GABSEN/GSBJOSE - Gabinete do Senador Bispo José, a partir de 10/01/2023.</p><p>O DIRETOR-EXECUTIVO DE GESTÃO DO SENADO FEDERAL, no uso das atribuições que lhe foram conferidas pelo Ato da Diretoria-Geral nº 33, de 2017, e tendo em vista o que consta no processo eletrônico número 1130556, resolve:</p><p>Nº 190 - exonerar na forma do disposto no art. 35, inciso I, da Lei n <sup>o</sup> 8.112, de 1990, AFONSO HENRIQUE NUNES PARENTE, matrícula n <sup>o</sup> 387396, do cargo, em comissão, de AJUDANTE PARLAMENTAR JÚNIOR, AP-01, do órgão GABSEN/GSOAZIZ - Gabinete do Senador Omar Aziz.</p><p class="assina">Marcio Tancredi</p><p class="identifica">PORTARIAS DE 11 DE JANEIRO DE 2023</p><p>O DIRETOR-EXECUTIVO DE GESTÃO DO SENADO FEDERAL, no uso das atribuições que lhe foram conferidas pelo Ato da Diretoria-Geral nº 33, de 2017, e tendo em vista o que consta no processo eletrônico número 1125776, resolve:</p><p>Nº 198 - nomear, na forma do disposto do inciso II do art. 9 <sup>o</sup> da Lei n <sup>o</sup> 8.112, de 1990, COLEMAR JOSE DE MOURA FILHO para exercer o cargo, em comissão, de AUXILIAR PARLAMENTAR PLENO, AP-07, do Quadro de Pessoal do Senado Federal, com lotação no órgão GABSEN/GSJKAJUR - Gabinete do Senador Jorge Kajuru.</p><p>O DIRETOR-EXECUTIVO DE GESTÃO DO SENADO FEDERAL, no uso das atribuições que lhe foram conferidas pelo Ato da Diretoria-Geral nº 33, de 2017, e tendo em vista o que consta no processo eletrônico número 1128016, resolve:</p><p>Nº 201 - nomear, na forma do disposto do inciso II do art. 9 <sup>o</sup> da Lei n <sup>o</sup> 8.112, de 1990, AFONSO VALTER PARENTE PINTO para exercer o cargo, em comissão, de AUXILIAR PARLAMENTAR JÚNIOR, AP-05, do Quadro de Pessoal do Senado Federal, com lotação no órgão GABSEN/GSMJESUS - Gabinete do Senador Mecias de Jesus.</p><p>O DIRETOR-EXECUTIVO DE GESTÃO DO SENADO FEDERAL, no uso das atribuições que lhe foram conferidas pelo Ato da Diretoria-Geral nº 33, de 2017, e tendo em vista o que consta no processo eletrônico número 1128116, resolve:</p><p>Nº 202 - nomear, na forma do disposto do inciso II do art. 9 <sup>o</sup> da Lei n <sup>o</sup> 8.112, de 1990, RENATA FORMAGGINI KESSLER para exercer o cargo, em comissão, de AUXILIAR PARLAMENTAR INTERMEDIÁRIO, AP-06, do Quadro de Pessoal do Senado Federal, com lotação no órgão GABSEN/GSCPORT - Gabinete do Senador Carlos Portinho.</p><p>O DIRETOR-EXECUTIVO DE GESTÃO DO SENADO FEDERAL, no uso das atribuições que lhe foram conferidas pelo Ato da Diretoria-Geral nº 33, de 2017, e tendo em vista o que consta no processo eletrônico número 1130776, resolve:</p><p>Nº 206 - exonerar na forma do disposto no art. 35, inciso I, da Lei n <sup>o</sup> 8.112, de 1990, EDNEIA CONCEIÇÃO MARTIN CHAGAS, matrícula n <sup>o</sup> 392975, do cargo, em comissão, de AJUDANTE PARLAMENTAR JÚNIOR, AP-01, do órgão GABLID/GLDPP - Gabinete da Liderança do PP.</p><p>O DIRETOR-EXECUTIVO DE GESTÃO DO SENADO FEDERAL, no uso das atribuições que lhe foram conferidas pelo Ato da Diretoria-Geral nº 33, de 2017, e tendo em vista o que consta no processo eletrônico número 1131037, resolve:</p><p>Nº 207 - exonerar VICTOR BENTO QUINTÃO, matrícula n <sup>o</sup> 395915, do cargo, em comissão, de AUXILIAR PARLAMENTAR JÚNIOR, AP-05, do órgão GABSEN/GSCVIANA - Gabinete do Senador Carlos Viana, e nomeá-lo para o cargo, em comissão, de AUXILIAR PARLAMENTAR SÊNIOR, AP-08, da mesma lotação.</p><p>O DIRETOR-EXECUTIVO DE GESTÃO DO SENADO FEDERAL, no uso das atribuições que lhe foram conferidas pelo Ato da Diretoria-Geral nº 33, de 2017, e tendo em vista o que consta no processo eletrônico número 1131038, resolve:</p><p>Nº 208 - exonerar na forma do disposto no art. 35, inciso I, da Lei n <sup>o</sup> 8.112, de 1990, CARLOS ROBERTO DA CRUZ NETO, matrícula n <sup>o</sup> 342777, do cargo, em comissão, de AUXILIAR PARLAMENTAR PLENO, AP-07, do órgão GABSEN/GSISILVE - Gabinete da Senadora Ivete da Silveira, a partir de 11/01/2023.</p><p>O DIRETOR-EXECUTIVO DE GESTÃO DO SENADO FEDERAL, no uso das atribuições que lhe foram conferidas pelo Ato da Diretoria-Geral nº 33, de 2017, e tendo em vista o que consta no processo eletrônico número 1131136, resolve:</p><p>Nº 209 - movimentar, nos termos do art. 174, §5 <sup>o</sup> , do Regulamento Administrativo do Senado Federal, SIMONY MARIA MALVEIRA D'ÁVILA, matrícula n <sup>o</sup> 235651, ocupante do cargo, em comissão, de AUXILIAR PARLAMENTAR INTERMEDIÁRIO, AP-06, do órgão GABLID/GLDMIN - Gabinete da Liderança do Bloco da Minoria, para ocupar o mesmo cargo no órgão GABLID/BLPRD - Bloco Parlamentar da Resistência Democrática.</p><p>O DIRETOR-EXECUTIVO DE GESTÃO DO SENADO FEDERAL, no uso das atribuições que lhe foram conferidas pelo Ato da Diretoria-Geral nº 33, de 2017, e tendo em vista o que consta no processo eletrônico número 1131140, resolve:</p><p>Nº 210 - exonerar SAMUEL HIGINO DE SOUSA, matrícula n <sup>o</sup> 388560, do cargo, em comissão, de AJUDANTE PARLAMENTAR JÚNIOR, AP-01, do órgão GABSEN/GSCNOG - Gabinete do Senador Ciro Nogueira, e nomeá-lo para o cargo, em comissão, de AJUDANTE PARLAMENTAR SÊNIOR, AP-04, da mesma lotação.</p><p>O DIRETOR-EXECUTIVO DE GESTÃO DO SENADO FEDERAL, no uso das atribuições que lhe foram conferidas pelo Ato da Diretoria-Geral nº 33, de 2017, e tendo em vista o que consta no processo eletrônico número 1131156, resolve:</p><p>Nº 211 - exonerar na forma do disposto no art. 35, inciso I, da Lei n <sup>o</sup> 8.112, de 1990, MANOEL DE JESUS SILVA, matrícula n <sup>o</sup> 388546, do cargo, em comissão, de AJUDANTE PARLAMENTAR JÚNIOR, AP-01, do órgão GABSEN/GSCNOG - Gabinete do Senador Ciro Nogueira.</p><p>O DIRETOR-EXECUTIVO DE GESTÃO DO SENADO FEDERAL, no uso das atribuições que lhe foram conferidas pelo Ato da Diretoria-Geral nº 33, de 2017, e tendo em vista o que consta no processo eletrônico número 1131216, resolve:</p><p>Nº 212 - exonerar na forma do disposto no art. 35, inciso I, da Lei n <sup>o</sup> 8.112, de 1990, MARCOS ROGÉRIO DE SOUZA, matrícula n <sup>o</sup> 213217, do cargo, em comissão, de ASSESSOR PARLAMENTAR, SF02, do órgão GABLID/GLDMIN - Gabinete da Liderança do Bloco da Minoria, a partir de 13/01/2023.</p><p>O DIRETOR-EXECUTIVO DE GESTÃO DO SENADO FEDERAL, no uso das atribuições que lhe foram conferidas pelo Ato da Diretoria-Geral nº 33, de 2017, e tendo em vista o que consta no processo eletrônico número 1131256, resolve:</p><p>Nº 213 - exonerar JUSTINA RAMONA FERNANDEZ FIORI, matrícula n <sup>o</sup> 300590, do cargo, em comissão, de AUXILIAR PARLAMENTAR INTERMEDIÁRIO, AP-06, do órgão GABSEN/GSWFAGUN - Gabinete do Senador Wellington Fagundes, e nomeá-la para o cargo, em comissão, de ASSISTENTE PARLAMENTAR SÊNIOR, AP-12, da mesma lotação.</p><p>O DIRETOR-EXECUTIVO DE GESTÃO DO SENADO FEDERAL, no uso das atribuições que lhe foram conferidas pelo Ato da Diretoria-Geral nº 33, de 2017, e tendo em vista o que consta no processo eletrônico número 1131258, resolve:</p><p>Nº 214 - exonerar LUCAS ALMEIDA DE AGUILAR, matrícula n <sup>o</sup> 307054, do cargo, em comissão, de AUXILIAR PARLAMENTAR PLENO, AP-07, do órgão GABSEN/GSWFAGUN - Gabinete do Senador Wellington Fagundes, e nomeá-lo para o cargo, em comissão, de ASSISTENTE PARLAMENTAR SÊNIOR, AP-12, da mesma lotação.</p><p class="assina">Marcio Tancredi</p><p class="identifica">PORTARIAS DE 12 DE JANEIRO DE 2023</p><p>O DIRETOR-EXECUTIVO DE GESTÃO DO SENADO FEDERAL, no uso das atribuições que lhe foram conferidas pelo Ato da Diretoria-Geral nº 33, de 2017, e tendo em vista o que consta no processo eletrônico número 1124856, resolve:</p><p>Nº 192 - nomear, na forma do disposto do inciso II do art. 9 <sup>o</sup> da Lei n <sup>o</sup> 8.112, de 1990, EDUARDO EWERTON COSTA SANTOS para exercer o cargo, em comissão, de AJUDANTE PARLAMENTAR PLENO, AP-03, do Quadro de Pessoal do Senado Federal, com lotação no órgão GABSEN/GSRCUNHA - Gabinete do Senador Rodrigo Cunha.</p><p>O DIRETOR-EXECUTIVO DE GESTÃO DO SENADO FEDERAL, no uso das atribuições que lhe foram conferidas pelo Ato da Diretoria-Geral nº 33, de 2017, e tendo em vista o que consta no processo eletrônico número 1126699, resolve:</p><p>Nº 199 - nomear, na forma do disposto do inciso II do art. 9 <sup>o</sup> da Lei n <sup>o</sup> 8.112, de 1990, ADEMIR MOREIRA para exercer o cargo, em comissão, de AUXILIAR PARLAMENTAR INTERMEDIÁRIO, AP-06, do Quadro de Pessoal do Senado Federal, com lotação no órgão GABSEN/GSISILVE - Gabinete da Senadora Ivete da Silveira.</p><p>O DIRETOR-EXECUTIVO DE GESTÃO DO SENADO FEDERAL, no uso das atribuições que lhe foram conferidas pelo Ato da Diretoria-Geral nº 33, de 2017, e tendo em vista o que consta no processo eletrônico número 1126700, resolve:</p><p>Nº 200 - nomear, na forma do disposto do inciso II do art. 9 <sup>o</sup> da Lei n <sup>o</sup> 8.112, de 1990, GERALDO LEMOS DA SILVA para exercer o cargo, em comissão, de AUXILIAR PARLAMENTAR PLENO, AP-07, do Quadro de Pessoal do Senado Federal, com lotação no órgão GABSEN/GSISILVE - Gabinete da Senadora Ivete da Silveira.</p><p>O DIRETOR-EXECUTIVO DE GESTÃO DO SENADO FEDERAL, no uso das atribuições que lhe foram conferidas pelo Ato da Diretoria-Geral nº 33, de 2017, e tendo em vista o que consta no processo eletrônico número 1129176, resolve:</p><p>Nº 203 - nomear, na forma do disposto do inciso II do art. 9 <sup>o</sup> da Lei n <sup>o</sup> 8.112, de 1990, MARGARIDA BOTTENE para exercer o cargo, em comissão, de ASSISTENTE PARLAMENTAR JÚNIOR, AP-09, do Quadro de Pessoal do Senado Federal, com lotação no órgão COMDIR/SGSECR - Segunda-Secretaria.</p><p>O DIRETOR-EXECUTIVO DE GESTÃO DO SENADO FEDERAL, no uso das atribuições que lhe foram conferidas pelo Ato da Diretoria-Geral nº 33, de 2017, e tendo em vista o que consta no processo eletrônico número 1130596, resolve:</p><p>Nº 204 - nomear, na forma do disposto do inciso II do art. 9 <sup>o</sup> da Lei n <sup>o</sup> 8.112, de 1990, MATEUS LARA DE SOUZA BARBOSA para exercer o cargo, em comissão, de AJUDANTE PARLAMENTAR PLENO, AP-03, do Quadro de Pessoal do Senado Federal, com lotação no órgão GABLID/GLDPP - Gabinete da Liderança do PP.</p><p>O DIRETOR-EXECUTIVO DE GESTÃO DO SENADO FEDERAL, no uso das atribuições que lhe foram conferidas pelo Ato da Diretoria-Geral nº 33, de 2017, e tendo em vista o que consta no processo eletrônico número 1131457, resolve:</p><p>Nº 215 - exonerar na forma do disposto no art. 35, inciso I, da Lei n <sup>o</sup> 8.112, de 1990, MONIQUE BORGES MAFRA, matrícula n <sup>o</sup> 340306, do cargo, em comissão, de AJUDANTE PARLAMENTAR SÊNIOR, AP-04, do órgão GABSEN/GSRROD - Gabinete do Senador Randolfe Rodrigues.</p><p>O DIRETOR-EXECUTIVO DE GESTÃO DO SENADO FEDERAL, no uso das atribuições que lhe foram conferidas pelo Ato da Diretoria-Geral nº 33, de 2017, e tendo em vista o que consta no processo eletrônico número 1131616, resolve:</p><p>Nº 216 - exonerar na forma do disposto no art. 35, inciso I, da Lei n <sup>o</sup> 8.112, de 1990, MAYRA JOANE DE OLIVEIRA RIBEIRO, matrícula n <sup>o</sup> 366307, do cargo, em comissão, de AUXILIAR PARLAMENTAR JÚNIOR, AP-05, do órgão GABSEN/GSLCARM - Gabinete do Senador Luiz Carlos do Carmo.</p><p class="assina">Marcio Tancredi</p>]]></Texto>
  </body>
  <Midias />
</article></xml>