﻿<xml><article id="30093120" name="PORTARIA DE PESSOAL 8" idOficio="9350800" pubName="DO2" artType="Portaria" pubDate="13/01/2023" artClass="00019:00036:00001:00000:00000:00000:00000:00000:00000:00000:00017:00000" artCategory="Ministério da Infraestrutura/Agência Nacional de Transportes Terrestres/Gabinete do Diretor-Geral" artSize="12" artNotes="" numberPage="38" pdfPage="http://pesquisa.in.gov.br/imprensa/jsp/visualiza/index.jsp?data=13/01/2023&amp;jornal=529&amp;pagina=38" editionNumber="10" highlightType="" highlightPriority="" highlight="" highlightimage="" highlightimagename="" idMateria="20255508">
  <body>
    <Identifica><![CDATA[ PORTARIA DE PESSOAL Nº 8, DE 12 DE JANEIRO DE 2023]]></Identifica>
    <Data><![CDATA[]]></Data>
    <Ementa />
    <Titulo />
    <SubTitulo />
    <Texto><![CDATA[<p class="identifica">PORTARIA DE PESSOAL Nº 8, DE 12 DE JANEIRO DE 2023</p><p>O Diretor-Geral da Agência Nacional de Transportes Terrestres - ANTT, no uso das atribuições que lhe confere o art. 12 do Regimento Interno aprovado pela Resolução nº 5.976, de 7 de abril de 2022, e tendo em vista o disposto do inciso II, do art. 9º, da Lei nº 8.112, de 11 de dezembro de 1990, e no que consta do processo nº 50500.246996/2022-59, resolve:</p><p>Art. 1º Nomear a servidora Liane Mascarenhas Rocha, matrícula SIAPE nº 1672245, no cargo de Assistente-Técnico, código CCT III, da Gerência de Licitações e Contratos, subordinada à Superintendência de Gestão Administrativa, desta Agência, ficando exonerada do cargo que atualmente ocupa.</p><p>Art. 2º Esta Portaria entra em vigor na data de sua publicação.</p><p class="assina">RAFAEL VITALE RODRIGUES</p>]]></Texto>
  </body>
  <Midias />
</article></xml>