﻿<xml><article id="30091227" name="PORTARIA DE PESSOAL PROGEPE-UFJF" idOficio="9350569" pubName="DO2" artType="Portaria" pubDate="13/01/2023" artClass="00018:00098:00057:00000:00000:00000:00000:00000:00000:00000:00017:00002" artCategory="Ministério da Educação/Universidade Federal de Juiz de Fora/Pró-Reitoria de Gestão de Pessoas" artSize="12" artNotes="" numberPage="29" pdfPage="http://pesquisa.in.gov.br/imprensa/jsp/visualiza/index.jsp?data=13/01/2023&amp;jornal=529&amp;pagina=29" editionNumber="10" highlightType="" highlightPriority="" highlight="" highlightimage="" highlightimagename="" idMateria="20255098">
  <body>
    <Identifica><![CDATA[ PORTARIA DE PESSOAL PROGEPE/UFJF Nº 34, DE 11 DE JANEIRO DE 2023]]></Identifica>
    <Data><![CDATA[]]></Data>
    <Ementa />
    <Titulo />
    <SubTitulo />
    <Texto><![CDATA[<p class="identifica">PORTARIA DE PESSOAL PROGEPE/UFJF Nº 34, DE 11 DE JANEIRO DE 2023</p><p>A PRÓ-REITORA DE GESTÃO DE PESSOAS DA UNIVERSIDADE FEDERAL DE JUIZ DEFORA, no uso de suas atribuições e de suas competências delegadas através da Portaria SEI/UFJF nº 282, de 05/03/2021, e</p><p>CONSIDERANDO o constante dos autos do processo nº 23071.900147/2023-68, resolve:</p><p>Art. 1º Nomear a servidora EDIVALVANA MARA DA SILVA LOPES, SIAPE 2136584, para substituir THIAGO CESAR NASCIMENTO, SIAPE 3773516, para a função de COORDENADOR DE POLÍTICAS DE ENSINO E CURRÍCULO DA GRADUAÇÃO, código CD-04, em virtude de férias do mesmo, no período de 31/12/2022 a 30/01/2023, conforme Processo 23071.947434/2022-51, convalidando os atos praticados do início do período mencionado até a publicação desta.</p><p>Art. 2º Nomear a servidora ANA CAROLINA ANTUNES VIDON, SIAPE 2187439, para substituir FABRÍCIO PABLO VIRGÍNIO DE CAMPOS, SIAPE 1752094, DIRETOR DE INOVAÇÃO, do Centro Regional de Inovação e Transferência de Tecnologia, código CD-04, em virtude de férias do mesmo, no período de 09/02/2023 a 10/03/2023, conforme Processo 23071.940488/2022-95, convalidando os atos praticados do início do período mencionado até a publicação desta.</p><p>Art. 3º Nomear a servidora LUCIENE LABOISSIÈRE MATA DIZ, SIAPE 1854389, para substituir WARLESON PERES, SIAPE 1660065, PRÓ REITOR ADJUNTO DE GESTÃO DE PESSOAS, código CD-04, em virtude de férias do mesmo, no período de 09/01/2023 a 13/01/2023, conforme Processo 23071.900296/2023-27, convalidando os atos praticados do início do período até a publicação desta.</p><p>Art. 4º Nomear o servidor HUGO NOGUEIRA ROCHA, SIAPE 2137083, para substituir ANDERSON BASTOS MARTINS, SIAPE 1932886, DIRETOR DE RELAÇÕES INTERNACIONAIS, código CD-04, em virtude de férias do mesmo, nos períodos de 16/01/2023 a 03/02/2023 e de 04/02/2023 a 10/02/2023, conforme Processo 23071.900460/2023-04.</p><p>Art. 5º Nomear a servidora DANIELLE TELES DA CRUZ, SIAPE 2880397, para substituir JULVAN MOREIRA DE OLIVEIRA, SIAPE 1839033, DIRETOR DE AÇÕES AFIRMATIVAS, código CD-04, em virtude de férias do mesmo, no período de 26/12/2022 a 04/01/2023, conforme Processo 23071.946645/2022-76, convalidando os atos praticados do início do período mencionado até a publicação desta.</p><p>Art. 6º Esta Portaria Administrativa entra em vigor na data de sua publicação no DOU.</p><p class="assina">RENATA MERCÊS OLIVEIRA DE FARIA</p>]]></Texto>
  </body>
  <Midias />
</article></xml>