﻿<xml><article id="30085705" name="PP2023-0002" idOficio="9349504" pubName="DO2" artType="Portaria" pubDate="13/01/2023" artClass="00019:00034:00000:00000:00000:00000:00000:00000:00000:00000:00013:00001" artCategory="Ministério da Infraestrutura/Agência Nacional de Aviação Civil" artSize="12" artNotes="" numberPage="38" pdfPage="http://pesquisa.in.gov.br/imprensa/jsp/visualiza/index.jsp?data=13/01/2023&amp;jornal=529&amp;pagina=38" editionNumber="10" highlightType="" highlightPriority="" highlight="" highlightimage="" highlightimagename="" idMateria="20253591">
  <body>
    <Identifica><![CDATA[ PORTARIA DE PESSOAL Nº 2, DE 2 DE JANEIRO DE 2023]]></Identifica>
    <Data><![CDATA[]]></Data>
    <Ementa />
    <Titulo />
    <SubTitulo />
    <Texto><![CDATA[<p class="identifica">PORTARIA DE PESSOAL Nº 2, DE 2 DE JANEIRO DE 2023</p><p>O DIRETOR-PRESIDENTE SUBSTITUTO DA AGÊNCIA NACIONAL DE AVIAÇÃO CIVIL - ANAC, no uso das atribuições que lhe conferem os arts. 16 da Lei nº 11.182, de 27 de setembro de 2005, e 35, inciso II, do Anexo I do Decreto nº 5.731, de 20 de março de 2006, tendo em vista o Regimento Interno aprovado pela Resolução nº 381, de 14 de junho de 2016, considerando o que consta do processo nº 00058.074146/2022-40, resolve:</p><p>EXONERAR, a pedido, SUELI NERY, matrícula SIAPE nº 1123180, do Cargo em Comissão de Gerente Técnico de Assessoramento, código CGE IV, da Superintendência de Administração e Finanças desta Agência, em Brasília (DF), a contar de 9 de janeiro de 2023.</p><p class="assina">TIAGO SOUSA PEREIRA</p>]]></Texto>
  </body>
  <Midias />
</article></xml>