﻿<xml><article id="30086324" name="PT 69" idOficio="9349629" pubName="DO2" artType="Portaria" pubDate="13/01/2023" artClass="00027:00001:00000:00000:00000:00000:00000:00000:00000:00000:00017:00069" artCategory="Ministério do Trabalho e Previdência/Gabinete do Ministro" artSize="12" artNotes="" numberPage="42" pdfPage="http://pesquisa.in.gov.br/imprensa/jsp/visualiza/index.jsp?data=13/01/2023&amp;jornal=529&amp;pagina=42" editionNumber="10" highlightType="" highlightPriority="" highlight="" highlightimage="" highlightimagename="" idMateria="20253746">
  <body>
    <Identifica><![CDATA[ PORTARIA MTE Nº 69, DE 12 DE JANEIRO DE 2023]]></Identifica>
    <Data><![CDATA[]]></Data>
    <Ementa />
    <Titulo />
    <SubTitulo />
    <Texto><![CDATA[<p class="identifica">PORTARIA MTE Nº 69, DE 12 DE JANEIRO DE 2023</p><p>O MINISTRO DE ESTADO DO TRABALHO E EMPREGO, no uso das atribuições que lhe conferem os incisos I e IV do parágrafo único do art. 87 da Constituição, e tendo em vista o § 1 do art. 3º da Lei nº 8.036, de 11 de maio de 1990, com redação dada pela Lei nº 14.261, de 16 de dezembro de 2021, resolve:</p><p>Dispensar, a partir de 1º de janeiro de 2023, ANA MARIA MELO NETTO OLIVEIRA da função de membro suplente, representante da Casa Civil da Presidência da República, junto ao Conselho Curador do FGTS. (Processo nº 14022.115231/2022-97).</p><p class="assina">LUIZ MARINHO</p>]]></Texto>
  </body>
  <Midias />
</article></xml>