﻿<xml><article id="30079658" name="dia 13 11 - MILKA TARSIS BRAGA R" idOficio="9341270" pubName="DO2" artType="Portaria" pubDate="13/01/2023" artClass="00018:00137:00001:00014:00000:00000:00000:00000:00000:00000:00017:00000" artCategory="Ministério da Educação/Fundação Universidade Federal do Maranhão/Gabinete da Reitoria/Pró-Reitoria de Recursos Humanos" artSize="12" artNotes="" numberPage="35" pdfPage="http://pesquisa.in.gov.br/imprensa/jsp/visualiza/index.jsp?data=13/01/2023&amp;jornal=529&amp;pagina=35" editionNumber="10" highlightType="" highlightPriority="" highlight="" highlightimage="" highlightimagename="" idMateria="20242171">
  <body>
    <Identifica><![CDATA[ PORTARIA Nº 11, de 6 de janeiro de 2023]]></Identifica>
    <Data><![CDATA[]]></Data>
    <Ementa />
    <Titulo />
    <SubTitulo />
    <Texto><![CDATA[<p class="identifica">PORTARIA Nº 11, de 6 de janeiro de 2023</p><p>O REITOR DA UNIVERSIDADE FEDERAL DO MARANHÃO, no uso de suas atribuições legais, estatutárias e regimentais, considerando o disposto no artigo 34, da Lei 8.112/90, com redação dada pela Lei 9.527/97, e em face ao contido no processo nº 23115.000250/2023-52, resolve:</p><p>Exonerar, a pedido, MILKA TARSIS BRAGA RIBEIRO, Matrícula SIAPE nº 1021261, ocupante do cargo de PROFESSOR DO MAGISTÉRIO SUPERIOR, pertencente ao Quadro de Pessoal desta Universidade, sob o código de vaga 317025, lotado(a) no(a) COORDENAÇÃO DO CURSO DE MEDICINA PINHEIRO/CCPI.</p><p>2. Declarar vago o cargo acima mencionado.</p><p>3. Os efeitos do presente ato deverão ser considerados a partir de 15/01/2023.</p><p class="assina">NATALINO SALGADO FILHO</p>]]></Texto>
  </body>
  <Midias />
</article></xml>