﻿<xml><article id="30086612" name="ATO PORTARIA DE PESSOAL NA 57" idOficio="9349664" pubName="DO2" artType="Portaria" pubDate="13/01/2023" artClass="00022:00001:00000:00000:00000:00000:00000:00000:00000:00000:00017:00000" artCategory="Ministério do Meio Ambiente/Gabinete do Ministro" artSize="12" artNotes="" numberPage="40" pdfPage="http://pesquisa.in.gov.br/imprensa/jsp/visualiza/index.jsp?data=13/01/2023&amp;jornal=529&amp;pagina=40" editionNumber="10" highlightType="" highlightPriority="" highlight="" highlightimage="" highlightimagename="" idMateria="20253846">
  <body>
    <Identifica><![CDATA[ PORTARIA DE PESSOAL Nº 57/MMA, DE 12 DE JANEIRO DE 2023]]></Identifica>
    <Data><![CDATA[]]></Data>
    <Ementa />
    <Titulo />
    <SubTitulo />
    <Texto><![CDATA[<p class="identifica">PORTARIA DE PESSOAL Nº 57/MMA, DE 12 DE JANEIRO DE 2023</p><p>A MINISTRA DE ESTADO DO MEIO AMBIENTE E MUDANÇA DO CLIMA, considerando o disposto no art. 93 da Lei nº 8.112, de 11 de dezembro de 1990, com a redação conferida pelo art. 22 da Lei nº 8.271, de 17 de dezembro de 1991, regulamentado pelo Decreto nº 10.835, de 14 de outubro de 2021, publicado no Diário Oficial da União de 15 seguinte, pela Portaria nº 6.066, de 11 de julho de 2022, e, ainda, pela Lei nº 10.410, de 11 de janeiro de 2002, e demais informações que constam do Processo nº 02000.000440/2023-97, resolve:</p><p>Art. 1º Ceder o servidor MAURO OLIVEIRA PIRES, matrícula SIAPE nº 1372615, pertencente ao Quadro de Pessoal do Instituto Chico Mendes de Conservação da Biodiversidade, para exercício junto ao Ministério do Meio Ambiente e Mudança do Clima.</p><p>Art. 2º O ônus pela remuneração ou salário é do órgão cedente.</p><p>Art. 3º O servidor deverá apresentar-se imediatamente ao órgão cedente ao término da cessão, observado o observado o Art. 8º do Decreto nº 10.835, de 14 de outubro de 2021.</p><p>Art. 4º Torna-se sem efeito o disposto nesta Portaria caso o servidor não se apresente ao órgão cessionário no prazo de trinta dias.</p><p>Art. 5º Esta Portaria entra em vigor na data de sua publicação.</p><p class="assina">MARINA SILVA</p>]]></Texto>
  </body>
  <Midias />
</article></xml>