﻿<xml><article id="30083655" name="PRT SE MF 311 DE 11.01.2023" idOficio="9349146" pubName="DO2" artType="Portaria" pubDate="13/01/2023" artClass="00015:00002:00000:00000:00000:00000:00000:00000:00000:00000:00013:00001" artCategory="Ministério da Economia/Secretaria Executiva" artSize="12" artNotes="" numberPage="13" pdfPage="http://pesquisa.in.gov.br/imprensa/jsp/visualiza/index.jsp?data=13/01/2023&amp;jornal=529&amp;pagina=13" editionNumber="10" highlightType="" highlightPriority="" highlight="" highlightimage="" highlightimagename="" idMateria="20253132">
  <body>
    <Identifica><![CDATA[ PORTARIA DE PESSOAL SE / MF Nº 311, DE 11 DE JANEIRO DE 2023]]></Identifica>
    <Data><![CDATA[]]></Data>
    <Ementa />
    <Titulo />
    <SubTitulo />
    <Texto><![CDATA[<p class="identifica">PORTARIA DE PESSOAL SE / MF Nº 311, DE 11 DE JANEIRO DE 2023</p><p>O SECRETÁRIO EXECUTIVO DO MINISTÉRIO DA FAZENDA, tendo em vista o disposto nos arts. 51 e 54 da Medida Provisória nº 1.154, de 1º de janeiro de 2023, e no uso da competência que lhe foi delegada pelo art. 19 da Portaria ME nº 7.081, de 9 de agosto de 2022, publicada no Diário Oficial da União de 10 de agosto de 2022; considerando o inciso I do art. 2º da Lei Complementar n° 123, de 14 de dezembro de 2006; o art. 2º do Decreto nº 6.038, de 7 de fevereiro de 2007, que institui o Comitê Gestor do Simples Nacional - CGSN, e demais informações que constam no processo SEI n° 18220.101723/2022-10, resolve:</p><p>Art. 1º Designar como membros do Comitê Gestor do Simples Nacional - CGSN, para o período de 1 (um) ano, a contar da publicação deste ato, os representantes:</p><p>I - da Secretaria Especial da Receita Federal do Brasil:</p><p>a) titulares:</p><p>1) Robinson Sakiyama Barreirinhas;</p><p>2) Adriana Gomes Rêgo; e</p><p>3) Mario José Dehon São Thiago Santiago;</p><p>b) suplentes:</p><p>1) Juliano Brito da Justa Neves;</p><p>2) Márcio Gonçalves; e</p><p>3) Fábio Cembranel;</p><p>II - da Secretaria da Micro e Pequena Empresa e Empreendedorismo do Ministério do Desenvolvimento, Indústria, Comércio e Serviços:</p><p>a) titular: Alfredo Gonçalves Nascimento; e</p><p>b) suplente: Fábio Santos Pereira Silva;</p><p>III - dos Estados, indicados pelo Conselho Nacional de Política Fazendária - Confaz:</p><p>a) titulares:</p><p>1) Samuel Yoshiaki Oliveira Kinoshita; e</p><p>2) Marialvo Laureano dos Santos Filho;</p><p>b) suplentes:</p><p>1) Fabrízio Gomes Santos; e</p><p>2) René de Oliveira e Sousa Júnior;</p><p>IV - dos Municípios, indicados pela Associação Brasileira das Secretarias de Finanças das Capitais - Abrasf:</p><p>a) titular: Eugênio Veloso; e</p><p>b) suplente: Jeferson Dantas Passos;</p><p>V - dos Municípios, indicados pela Confederação Nacional dos Municípios - CNM:</p><p>a) titular: Paulo Roberto Ziulkoski; e</p><p>b) suplente: Eudes Costa Sippel.</p><p>VI - do Serviço Brasileiro de Apoio às Micro e Pequenas Empresas - Sebrae:</p><p>a) titular: Carlos do Carmo Andrade Melles; e</p><p>b) suplente: Silas Santiago;</p><p>VII - da Confederação Nacional das Micro e Pequenas Empresas e dos Empreendedores Individuais - Conampe:</p><p>a) titular: Ercílio Santinoni; e</p><p>b) suplente: Pedro Gilson Rigo.</p><p>Parágrafo único. Para participar do CGSN, sem direito a voto, são designados os seguintes representantes da Procuradoria-Geral da Fazenda Nacional:</p><p>I - titular: Theo Lucas Borges de Lima Dias; e</p><p>II - suplente: Antônio Leonardo Silva Lindoso.</p><p>Art. 2º O CGSN será presidido pelo membro titular designado no item 1 da alínea "a" do inciso I do art. 1º, o qual será substituído em suas faltas ou impedimentos pelo membro titular designado no item 2 da alínea "a" do inciso I desse mesmo artigo.</p><p>Art. 3º Para fins do disposto no §8º-A do art. 2º da Lei Complementar nº 123, de 2006, considera-se a Secretaria da Micro e Pequena Empresa e Empreendedorismo do Ministério do Desenvolvimento, Indústria, Comércio e Serviços, prevista na alínea "d" do inciso II do art. 2º do Decreto nº 11.340, de 1º de janeiro de 2023, substituta da Subsecretaria de Desenvolvimento das Micro e Pequenas Empresas, Empreendedorismo e Artesanato da Secretaria Especial de Produtividade e Competitividade.</p><p>Art. 4º Fica revogada a Portaria de Pessoal SE/ME nº 513, de 14 de janeiro de 2022.</p><p>Art. 5º Esta Portaria entra em vigor na data de sua publicação.</p><p class="assina">GABRIEL MURICCA GALÍPOLO</p>]]></Texto>
  </body>
  <Midias />
</article></xml>