﻿<xml><article id="30093057" name="2023-01-12/9350781/SIGEPE_202554" idOficio="9350781" pubName="DO2" artType="Portaria" pubDate="13/01/2023" artClass="00018:00150:00020:00000:00000:00000:00000:00000:00000:00000:00017:00043" artCategory="Ministério da Educação/Fundação Universidade Federal do Tocantins/Pró-Reitoria de Graduação" artSize="12" artNotes="" numberPage="36" pdfPage="http://pesquisa.in.gov.br/imprensa/jsp/visualiza/index.jsp?data=13/01/2023&amp;jornal=529&amp;pagina=36" editionNumber="10" highlightType="" highlightPriority="" highlight="" highlightimage="" highlightimagename="" idMateria="20255458">
  <body>
    <Identifica><![CDATA[ Portaria PROGRAD/UFT nº 43, de 12 de Janeiro de 2023]]></Identifica>
    <Data><![CDATA[]]></Data>
    <Ementa />
    <Titulo />
    <SubTitulo />
    <Texto><![CDATA[<p class="identifica">Portaria PROGRAD/UFT nº 43, de 12 de Janeiro de 2023</p><p>O PRÓ-REITOR DE GRADUAÇÃO DA FUNDAÇÃO UNIVERSIDADE FEDERAL DO TOCANTINS, no exercício da Reitoria, designado pela Portaria nº 584, de 31 de agosto de 2020, publicada no DOU nº 168, de 01 de setembro de 2020, seção 2, pág. 42, no uso de suas atribuições legais, resolve:</p><p>Art. 1º - Nomear TEDSON DA SILVA SOUZA - que obteve a 1ª colocação na vaga 2021.1/PMS/0012, na reserva de vaga a candidatos negros, no Concurso Público objeto do Edital nº 026/2021, publicado no DOU de 18/06/2021, cujo resultado final foi homologado através do Edital nº 091/2021, publicado no DOU de 17/12/2021 - para o cargo efetivo de Professor do Magistério Superior, com regime de trabalho de Dedicação Exclusiva, no curso de Jornalismo, com lotação no câmpus de Palmas, da UFT, no código de vaga nº 714791. Código oriundo da redistribuição do servidor Frederico Salomé de Oliveira, DOU de 28/06/2022. A validade do Edital nº 091/2021 foi prorrogada por mais um ano, conforme edital nº 075/2022, publicado no DOU de 15/12/2022.</p><p>Art. 2º - A posse deverá ocorrer no prazo máximo de 30 (trinta) dias, contados da publicação desta Portaria no Diário Oficial da União, conforme art. 13, §1º da Lei 8.112/90.</p><p class="assina">EDUARDO JOSÉ CEZARI</p>]]></Texto>
  </body>
  <Midias />
</article></xml>