﻿<xml><article id="30086255" name="2023_005_007_DOU" idOficio="9349579" pubName="DO2" artType="Portaria" pubDate="13/01/2023" artClass="00043:00012:00016:00000:00000:00000:00000:00000:00000:00000:00017:00002" artCategory="Ministério Público da União/Ministério Público do Trabalho/Procuradoria Regional do Trabalho da 15ª Região" artSize="12" artNotes="" numberPage="46" pdfPage="http://pesquisa.in.gov.br/imprensa/jsp/visualiza/index.jsp?data=13/01/2023&amp;jornal=529&amp;pagina=46" editionNumber="10" highlightType="" highlightPriority="" highlight="" highlightimage="" highlightimagename="" idMateria="20253697">
  <body>
    <Identifica><![CDATA[ PORTARIA Nº 7, DE 11 DE JANEIRO DE 2023]]></Identifica>
    <Data><![CDATA[]]></Data>
    <Ementa />
    <Titulo />
    <SubTitulo />
    <Texto><![CDATA[<p></p><p class="identifica">PORTARIA Nº 7, DE 11 DE JANEIRO DE 2023</p><p>O VICE-PROCURADOR-CHEFE DA PROCURADORIA REGIONAL DO TRABALHO DA 15ª REGIÃO, no uso das atribuições que lhe foram delegadas pela Portaria PGT nº 1.728, de 2.10.2017, nos termos do art. 92, inciso II, da Lei Complementar nº 75, de 20.5.1993, e considerando o que consta no PGEA 20.02.1503.0000006/2020-15, resolve:</p><p>Art. 1º Designar, a contar de 30.1.2023, o Procurador do Trabalho CASSIO CALVILANI DALLA-DEA para exercer o encargo de Coordenador da Procuradoria do Trabalho no Município de Araraquara desta Procuradoria Regional do Trabalho da 15ª Região, em substituição à Procuradora do Trabalho Lia Magnoler Guedes de Azevedo Rodriguez, designada pela Portaria PRT15 nº 28, de 7.2.2022, publicada no Diário Oficial da União nº 29, Seção 2, de 10.2.2022.</p><p>Art. 2º Designar, a contar de 30.1.2023, o Procurador do Trabalho RAFAEL DE ARAUJO GOMES para exercer o encargo de substituto do Coordenador da Procuradoria do Trabalho no Município de Araraquara desta Procuradoria Regional do Trabalho da 15ª Região, em substituição ao Procurador do Trabalho Cassio Calvilani Dalla-Dea, designado pela Portaria PRT15 nº 28, de 7.2.2022, publicada no Diário Oficial da União nº 29, Seção 2, de 10.2.2022.</p><p class="assina">EDUARDO LUÍS AMGARTEN</p><p></p>]]></Texto>
  </body>
  <Midias />
</article></xml>