﻿<xml><article id="30085717" name="DESPACHO - 8094605" idOficio="9349504" pubName="DO2" artType="Despacho" pubDate="13/01/2023" artClass="00019:00034:00000:00000:00000:00000:00000:00000:00000:00000:00013:00006" artCategory="Ministério da Infraestrutura/Agência Nacional de Aviação Civil" artSize="12" artNotes="" numberPage="38" pdfPage="http://pesquisa.in.gov.br/imprensa/jsp/visualiza/index.jsp?data=13/01/2023&amp;jornal=529&amp;pagina=38" editionNumber="10" highlightType="" highlightPriority="" highlight="" highlightimage="" highlightimagename="" idMateria="20253588">
  <body>
    <Identifica><![CDATA[ DESPACHO DO DIRETOR-PRESIDENTE]]></Identifica>
    <Data><![CDATA[]]></Data>
    <Ementa />
    <Titulo />
    <SubTitulo />
    <Texto><![CDATA[<p class="identifica">DESPACHO DO DIRETOR-PRESIDENTE</p><p>O DIRETOR-PRESIDENTE SUBSTITUTO DA AGÊNCIA NACIONAL DE AVIAÇÃO CIVIL - ANAC, no uso das atribuições que lhe conferem o art. 16 da Lei nº 11.182, de 27 de setembro de 2005, e o art. 35, inciso VI, do Anexo I do Decreto nº 5.731, de 20 de março de 2006, resolve autorizar o afastamento do país do servidor MARCOS ANTONIO GOMEZ RAMA, matrícula SIAPE nº 1349074, Tecnologista, a fim de participar de ensaio de proteção de ocupante de assento em condição de impacto durante pouso de emergência - aeronave ERJ-190-300/400, em Irving, Texas - EUA, no período de 4 de 12 de fevereiro de 2023, inclusive trânsito, com ônus. Processo nº 00066.016380/2022-53.</p><p class="assina">TIAGO SOUSA PEREIRA</p>]]></Texto>
  </body>
  <Midias />
</article></xml>