﻿<xml><article id="30079688" name="Portaria do Pregoeiro 002-2023__" idOficio="9348537" pubName="DO2" artType="Portaria" pubDate="13/01/2023" artClass="00048:00298:00000:00000:00000:00000:00000:00000:00000:00000:00017:00000" artCategory="Entidades de Fiscalização do Exercício das Profissões Liberais/CONSELHO REGIONAL DE FARMÁCIA DO ESTADO DA BAHIA" artSize="12" artNotes="" numberPage="56" pdfPage="http://pesquisa.in.gov.br/imprensa/jsp/visualiza/index.jsp?data=13/01/2023&amp;jornal=529&amp;pagina=56" editionNumber="10" highlightType="" highlightPriority="" highlight="" highlightimage="" highlightimagename="" idMateria="20252444">
  <body>
    <Identifica><![CDATA[ PORTARIA Nº 2, de 2 DE JANEIRO DE 2023]]></Identifica>
    <Data><![CDATA[]]></Data>
    <Ementa />
    <Titulo />
    <SubTitulo />
    <Texto><![CDATA[<p class="identifica">PORTARIA Nº 2, de 2 DE JANEIRO DE 2023</p><p>O Presidente do Conselho Regional de Farmácia do Estado da Bahia, no uso das atribuições que lhe são conferidas pela Lei 3.820/60, de 11 de novembro de 1960; Considerando o disposto na Lei 8.666/93 e 10.520/02., resolve:</p><p>Artigo 1º - Nomear o servidor André Martins Barbosa, como Pregoeiro, para as licitações públicas, a serem promovidas por este CRF/BA, sob a modalidade pregão.</p><p>Artigo 2º - Nomear os membros da equipe de apoio na modalidade pregão, no certame licitatório para o exercício de 2023, assim composta:</p><p>Maria de Fátima Pereira dos Santos</p><p>Tâmara Vieira Cavalcante</p><p>Rose Cíntia Soares Teixeira</p><p>Débora Mônica Cardoso Monteiro - Suplente</p><p>Artigo 3º - A presente Portaria entra em vigor na data de sua publicação, com vigência até 31/12/2023.</p><p>Artigo 4º - Revogue-se as disposições em contrário, principalmente a Portaria n° 004/2022.</p><p class="assina">Mário Martinelli Júnior</p>]]></Texto>
  </body>
  <Midias />
</article></xml>