﻿<xml><article id="30086684" name="LAUDA DOU 12-01-2023- CPV" idOficio="9349693" pubName="DO2" artType="Portaria" pubDate="13/01/2023" artClass="00047:00056:00003:00009:00005:00000:00000:00000:00000:00000:00017:00000" artCategory="Poder Judiciário/Tribunal Regional do Trabalho da 15ª Região/Diretoria-Geral/Secretaria de Gestão de Pessoas/Coordenadoria de Provimento e Vacância" artSize="12" artNotes="" numberPage="55" pdfPage="http://pesquisa.in.gov.br/imprensa/jsp/visualiza/index.jsp?data=13/01/2023&amp;jornal=529&amp;pagina=55" editionNumber="10" highlightType="" highlightPriority="" highlight="" highlightimage="" highlightimagename="" idMateria="20253856">
  <body>
    <Identifica><![CDATA[ PORTARIAS CPV DE 12 DE JANEIRO DE 2023]]></Identifica>
    <Data><![CDATA[]]></Data>
    <Ementa />
    <Titulo />
    <SubTitulo />
    <Texto><![CDATA[<p class="identifica">PORTARIAS CPV DE 12 DE JANEIRO DE 2023</p><p>A COORDENADORA DE PROVIMENTO E VACÂNCIA DO TRIBUNAL REGIONAL DO TRABALHO DA 15ª REGIÃO, no uso da competência subdelegada pela Portaria SEGP nº 01/2019, e tendo em vista o que consta do PROAD nº 398/2023, resolve:</p><p>Nº 21 - Dispensar, a partir de 9 de janeiro de 2023, ADAILTON ALVES DA SILVA, Técnico Judiciário, área Administrativa, do Quadro Permanente da Secretaria deste Tribunal, da função comissionada de Assistente FC-02, na 1ª Vara do Trabalho de Presidente Prudente.</p><p>A COORDENADORA DE PROVIMENTO E VACÂNCIA DO TRIBUNAL REGIONAL DO TRABALHO DA 15ª REGIÃO, no uso da competência subdelegada pela Portaria SEGP nº 01/2019, resolve:</p><p>Nº 23 - Designar, a partir da publicação desta portaria, MARCOS VINICIUS BOCAL DE OLIVEIRA, Servidor Público Federal, do Quadro Permanente da Secretaria do Tribunal Regional do Trabalho da 9ª Região, removido para este Tribunal, lotado na Divisão de Execução de Presidente Prudente, para exercer a função comissionada de Assistente FC-02.</p><p>Nº 24 - Designar, a partir da publicação desta portaria, CASSIA APARECIDA GARDENAL CABRERA VARGAS MARTINS, Técnica Judiciária, área Administrativa, do Quadro Permanente da Secretaria deste Tribunal, lotada na 1ª Vara do Trabalho de Presidente Prudente, para exercer a função comissionada de Assistente FC-02.</p><p class="assina">CAROLINA MAGALHÃES SERNE CARNEVALLI</p>]]></Texto>
  </body>
  <Midias />
</article></xml>