﻿<xml><article id="30084394" name="Pub Portaria_23 - 12-1-23" idOficio="9349282" pubName="DO2" artType="Portaria" pubDate="13/01/2023" artClass="00018:00116:00002:00000:00000:00000:00000:00000:00000:00000:00017:00000" artCategory="Ministério da Educação/Universidade Federal Rural do Semi-Árido/Gabinete da Reitoria" artSize="12" artNotes="" numberPage="32" pdfPage="http://pesquisa.in.gov.br/imprensa/jsp/visualiza/index.jsp?data=13/01/2023&amp;jornal=529&amp;pagina=32" editionNumber="10" highlightType="" highlightPriority="" highlight="" highlightimage="" highlightimagename="" idMateria="20253343">
  <body>
    <Identifica><![CDATA[ PORTARIA Nº 23, DE 11 DE JANEIRO DE 2023]]></Identifica>
    <Data><![CDATA[]]></Data>
    <Ementa />
    <Titulo />
    <SubTitulo />
    <Texto><![CDATA[<p class="identifica">PORTARIA Nº 23, DE 11 DE JANEIRO DE 2023</p><p>A REITORA DA UNIVERSIDADE FEDERAL RURAL DO SEMI-ÁRIDO, no uso de suas atribuições conferidas pelo Decreto de 21 de agosto de 2020, publicado na edição extra no Diário Oficial da União de 21 de agosto de 2020, e tendo em vista o que estabelecem os incisos XVI, XVII e XIX do art. 44 do Estatuto da universidade; o art. 93 da Lei nº 8.112, de 11 de dezembro de 1990, regulamentado pelo Decreto nº 10.835, de 14 de outubro de 2021, publicado no Diário Oficial da União de 15 de outubro de 2021, com espeque no item 7 do Ofício-Circular Nº 20/2021/DAJ/COLEP/CGGP/SAA-MEC, expedido pelo Ministério da Educação em 22 de outubro de 2021; a Portaria SEDGG/Me nº 6.066, de 11 de Julho de 2022, e demais informações contidas no Processo Administrativo nº 23091.019227/2022-05, resolve:</p><p>Disponibilizar a requisição, por prazo indeterminado, do servidor Carlos Eduardo de Andrade e Silva, matrícula Siape nº 1549871, ocupante do cargo de Assistente em Administração, pertencente ao Quadro de Pessoal da Universidade Federal Rural do Semi-Árido, para exercício na Procuradoria Seccional Federal em Mossoró/RN da Procuradoria Geral Federal da Advocacia Geral da União, para exercer o cargo Comissionado de Executivo de Chefe de Setor de Suporte aos Órgãos de Execução, código CCE 1.01. O ônus pela remuneração ou salário é do órgão requisitado. Torna-se sem efeito o disposto nesta portaria caso o servidor não se apresente ao órgão requisitante no prazo de 30 (trinta) dias. Tornar sem efeito a Portaria nº 778, de 8 de dezembro de 2022, expedida pelo Gabinete da Reitoria da Ufersa, que trata da cessão do referido servidor. Esta Portaria entra em vigor na data da sua publicação e seus efeitos retroagem a 8 de dezembro de 2022.</p><p class="assina">LUDIMILLA CARVALHO SERAFIM DE OLIVEIRA</p>]]></Texto>
  </body>
  <Midias />
</article></xml>