﻿<xml><article id="30084757" name="2023-01-12 FSMS G RequisiAAo Liv" idOficio="9349338" pubName="DO2" artType="Portaria" pubDate="13/01/2023" artClass="00025:00001:00000:00000:00000:00000:00000:00000:00000:00000:00017:00005" artCategory="Ministério das Relações Exteriores/Gabinete do Ministro" artSize="12" artNotes="" numberPage="41" pdfPage="http://pesquisa.in.gov.br/imprensa/jsp/visualiza/index.jsp?data=13/01/2023&amp;jornal=529&amp;pagina=41" editionNumber="10" highlightType="" highlightPriority="" highlight="" highlightimage="" highlightimagename="" idMateria="20253380">
  <body>
    <Identifica><![CDATA[ PORTARIA Nº 18, DE 12 DE JANEIRO DE 2023]]></Identifica>
    <Data><![CDATA[]]></Data>
    <Ementa />
    <Titulo />
    <SubTitulo />
    <Texto><![CDATA[<p class="identifica">PORTARIA Nº 18, DE 12 DE JANEIRO DE 2023</p><p>O MINISTRO DAS RELAÇÕES EXTERIORES, no uso de suas atribuições legais, e considerando o disposto no art. 93 da Lei nº 8.112, de 11 de dezembro de 1990, regulamentado pelo Decreto nº 10.835, de 14 de outubro de 2021, bem como o disposto no art. 2º da Lei nº 9.007, de 17 de março de 1995, e na Lei nº 12.775, de 28 de dezembro de 2012, resolve:</p><p>Art. 1º Efetivar a requisição da servidora LÍVIA GOMES FERNANDES, matrícula SIAPE nº 1726226, ocupante do cargo de oficial de chancelaria, pertencente ao quadro de pessoal do Serviço Exterior Brasileiro, para exercício junto à Presidência da República.</p><p>Art. 2º O ônus pela remuneração é do órgão requisitado.</p><p>Art. 3º Torna-se sem efeito o disposto nesta Portaria caso a servidora não se apresente ao órgão requisitante no prazo de trinta dias.</p><p>Art. 4º Esta Portaria entra em vigor na data da sua publicação.</p><p class="assina">MAURO VIEIRA</p>]]></Texto>
  </body>
  <Midias />
</article></xml>