﻿<xml><article id="30082895" name="Port 16-20232 rev. pensAo" idOficio="9348961" pubName="DO2" artType="Portaria" pubDate="13/01/2023" artClass="00047:00046:00001:00000:00000:00000:00000:00000:00000:00000:00017:00000" artCategory="Poder Judiciário/Tribunal Regional do Trabalho da 5ª Região/Presidência" artSize="12" artNotes="" numberPage="54" pdfPage="http://pesquisa.in.gov.br/imprensa/jsp/visualiza/index.jsp?data=13/01/2023&amp;jornal=529&amp;pagina=54" editionNumber="10" highlightType="" highlightPriority="" highlight="" highlightimage="" highlightimagename="" idMateria="20252939">
  <body>
    <Identifica><![CDATA[ PORTARIA nº 16, DE 10 DE JANEIRO DE 2023]]></Identifica>
    <Data><![CDATA[]]></Data>
    <Ementa />
    <Titulo />
    <SubTitulo />
    <Texto><![CDATA[<p class="identifica">PORTARIA nº 16, DE 10 DE JANEIRO DE 2023</p><p>A PRESIDENTE DO TRIBUNAL REGIONAL DO TRABALHO DA QUINTA REGIÃO, no uso de suas atribuições legais e regimentais, considerando o que consta dos processos de matéria administrativa autuados sob nº 8233/2016 - PROAD; resolve:</p><p>Tornar sem efeito a Portaria TRT5 N. 1349, de 11 de outubro de 2016, publicada em 21/10/2016, que concedeu revisão de proventos à servidora aposentada VITÓRIA JOSÉ DA SILVA, para incluir a vantagem pessoal decorrente da opção prevista no art. 2º da Lei 8.911/94, reunidos os requisitos previstos no art.193, da Lei 8.112/90, com fundamento no Ato TRT5 Nº194/2016.</p><p class="assina">DÉBORA MACHADO</p>]]></Texto>
  </body>
  <Midias />
</article></xml>