﻿<xml><article id="30092865" name="ATO Portaria SGP NA 12" idOficio="9350757" pubName="DO2" artType="Portaria" pubDate="13/01/2023" artClass="00047:00001:00008:00005:00000:00000:00000:00000:00000:00000:00017:00012" artCategory="Poder Judiciário/Supremo Tribunal Federal/Secretaria do Tribunal/Secretaria de Gestão de Pessoas" artSize="12" artNotes="" numberPage="49" pdfPage="http://pesquisa.in.gov.br/imprensa/jsp/visualiza/index.jsp?data=13/01/2023&amp;jornal=529&amp;pagina=49" editionNumber="10" highlightType="" highlightPriority="" highlight="" highlightimage="" highlightimagename="" idMateria="20255462">
  <body>
    <Identifica><![CDATA[ Portaria SGP Nº 12, DE 12 DE janeiro DE 2023]]></Identifica>
    <Data><![CDATA[]]></Data>
    <Ementa />
    <Titulo />
    <SubTitulo />
    <Texto><![CDATA[<p class="identifica">Portaria SGP Nº 12, DE 12 DE janeiro DE 2023</p><p>O SECRETÁRIO DE GESTÃO DE PESSOAS DO SUPREMO TRIBUNAL FEDERAL, no uso das atribuições conferidas pelo Regulamento da Secretaria do Supremo Tribunal Federal e tendo em vista o art. 9º, II, da Lei n° 8.112, de 11 de dezembro de 1990, resolve:</p><p>Designar ADRIANO ROCHA FARIA, Técnico Judiciário, área Administrativa, para exercer a função comissionada de Assistente II, nível FC-2, na Gerência da Folha de Pagamento de Ativos.</p><p class="assina">CÍCERO RODRIGUES DE OLIVEIRA GOMES</p>]]></Texto>
  </body>
  <Midias />
</article></xml>