﻿<xml><article id="30091056" name="RTF_PORTARIA 23 Prorroga designa" idOficio="9350499" pubName="DO2" artType="Portaria" pubDate="13/01/2023" artClass="00018:00103:00000:00000:00000:00000:00000:00000:00000:00000:00017:00002" artCategory="Ministério da Educação/Universidade Federal do Oeste do Pará" artSize="12" artNotes="" numberPage="30" pdfPage="http://pesquisa.in.gov.br/imprensa/jsp/visualiza/index.jsp?data=13/01/2023&amp;jornal=529&amp;pagina=30" editionNumber="10" highlightType="" highlightPriority="" highlight="" highlightimage="" highlightimagename="" idMateria="20255064">
  <body>
    <Identifica><![CDATA[ PORTARIA Nº 23, DE 12 DE JANEIRO DE 2023]]></Identifica>
    <Data><![CDATA[]]></Data>
    <Ementa />
    <Titulo />
    <SubTitulo />
    <Texto><![CDATA[<p class="identifica">PORTARIA Nº 23, DE 12 DE JANEIRO DE 2023</p><p>A REITORA DA UNIVERSIDADE FEDERAL DO OESTE DO PARÁ, no uso de suas atribuições conferidas pelo Decreto Presidencial de 20 de abril de 2022, publicado no Diário Oficial da União n° 75-A, Seção 2 - Edição Extra, pág. 1, em 20 de abril de 2022, resolve:</p><p>Prorrogar a designação de CHARLES HANRY FARIA JUNIOR, Professor do Magistério Superior, para exercer a função comissionada de Coordenador do Curso de Bacharelado em Engenharia de Pesca, Código FCC, do Instituto de Engenharia e Geociências desta Universidade, pelo período de 1 de janeiro a 31 de março de 2023. (Processo n. 23204.000558/2023-07)</p><p class="assina">ALDENIZE RUELA XAVIER</p>]]></Texto>
  </body>
  <Midias />
</article></xml>