﻿<xml><article id="30086098" name="RETIFICAAAO AFASTAMENTO - 12.01." idOficio="9349590" pubName="DO2" artType="Retificação" pubDate="13/01/2023" artClass="00018:00085:00000:00000:00000:00000:00000:00000:00000:00000:00024:00000" artCategory="Ministério da Educação/Universidade Federal da Bahia" artSize="12" artNotes="" numberPage="26" pdfPage="http://pesquisa.in.gov.br/imprensa/jsp/visualiza/index.jsp?data=13/01/2023&amp;jornal=529&amp;pagina=26" editionNumber="10" highlightType="" highlightPriority="" highlight="" highlightimage="" highlightimagename="" idMateria="20253706">
  <body>
    <Identifica><![CDATA[ RETIFICAÇÃO]]></Identifica>
    <Data><![CDATA[]]></Data>
    <Ementa />
    <Titulo />
    <SubTitulo />
    <Texto><![CDATA[<p></p><p class="identifica">RETIFICAÇÃO</p><p></p><p>Na publicação do afastamento do servidor RICARDO ARAUJO RIOS, mat. SIAPE n. 2130353, ocorrida no Diário Oficial da União de 02/01/2023, Seção 2, pag. n. 32.</p><p>Onde se lê: " Período do Afastamento: 28/01/2022 a 08/02/2022 ".</p><p>Leia-se: "Período do Afastamento: 28/01/2023 a 08/02/2023".</p><p>Processo nº 23066.071245/2022-76</p><p></p>]]></Texto>
  </body>
  <Midias />
</article></xml>