﻿<xml><article id="30090374" name="PORT 5 EXERC PROV Secao 2" idOficio="9350430" pubName="DO2" artType="Portaria" pubDate="13/01/2023" artClass="00018:00002:00021:00000:00000:00000:00000:00000:00000:00000:00017:00000" artCategory="Ministério da Educação/Secretaria Executiva/Subsecretaria de Assuntos Administrativos" artSize="12" artNotes="" numberPage="19" pdfPage="http://pesquisa.in.gov.br/imprensa/jsp/visualiza/index.jsp?data=13/01/2023&amp;jornal=529&amp;pagina=19" editionNumber="10" highlightType="" highlightPriority="" highlight="" highlightimage="" highlightimagename="" idMateria="20254872">
  <body>
    <Identifica><![CDATA[ PORTARIA Nº 5, DE 10 DE JANEIRO DE 2023]]></Identifica>
    <Data><![CDATA[]]></Data>
    <Ementa />
    <Titulo />
    <SubTitulo />
    <Texto><![CDATA[<p></p><p class="identifica">PORTARIA Nº 5, DE 10 DE JANEIRO DE 2023</p><p>A SUBSECRETÁRIA DE ASSUNTOS ADMINISTRATIVOS DO MINISTÉRIO DA EDUCAÇÃO, de conformidade com a delegação de competência outorgada pelo art. 1º da Portaria SEGEP/MP nº 1.166, publicada no DOU de 12 de julho de 2012; e considerando o disposto no §2º do art. 84 da Lei nº 8.112, de 11 de dezembro de 1990, resolve efetivar o seguinte exercício provisório:</p><p>Servidor: DAVID DA COSTA DE PINHO</p><p>Mat. Siape: 3086587</p><p>Cargo: Professor do Ensino Básico, Técnico e Tecnológico</p><p>Origem: Instituto Federal Fluminense</p><p>Para: Instituto Federal de São Paulo</p><p>Processo: 23320.003525/2022-01</p><p>Art. 1º Caberá ao órgão de destino apresentar o servidor ao seu órgão de origem, ao término do exercício provisório.</p><p>Art. 2º O exercício provisório, objeto desta Portaria, cessará caso sobrevenha a desconstituição da entidade familiar cuja unidade se pretende assegurar ou na hipótese de novo deslocamento do cônjuge.</p><p>Art. 3º Esta Portaria entra em vigor na data de sua publicação.</p><p class="assina">CARLA BAKSYS PINTO</p><p></p>]]></Texto>
  </body>
  <Midias />
</article></xml>