﻿<xml><article id="30079844" name="Portaria UFSM 03.11.22__4VFBMS" idOficio="9343175" pubName="DO2" artType="Portaria" pubDate="13/01/2023" artClass="00018:00118:00000:00000:00000:00000:00000:00000:00000:00000:00017:00000" artCategory="Ministério da Educação/Universidade Federal de Santa Maria" artSize="12" artNotes="" numberPage="33" pdfPage="http://pesquisa.in.gov.br/imprensa/jsp/visualiza/index.jsp?data=13/01/2023&amp;jornal=529&amp;pagina=33" editionNumber="10" highlightType="" highlightPriority="" highlight="" highlightimage="" highlightimagename="" idMateria="20245045">
  <body>
    <Identifica><![CDATA[ PORTARIA DE PESSOAL UFSM Nº 43, DE 9 DE JANEIRO DE 2023]]></Identifica>
    <Data><![CDATA[]]></Data>
    <Ementa />
    <Titulo />
    <SubTitulo />
    <Texto><![CDATA[<p class="identifica">PORTARIA DE PESSOAL UFSM Nº 43, DE 9 DE JANEIRO DE 2023</p><p>A VICE-REITORA DA UNIVERSIDADE FEDERAL DE SANTA MARIA, no uso de suas atribuições legais e estatutárias, em virtude da delegação de competência atribuída pela Portaria de Pessoal UFSM N. 2.190, de 29 de dezembro de 2021, e tendo em vista o que consta do Processo n. 23081.119697/2022-58, resolve:</p><p>CONCEDER Aposentadoria Voluntária, com proventos integrais, a Maria Nita Falcão da Silva, Matrícula SIAPE 379481, ocupante do cargo de Auxiliar em Administração, Nível de Classificação C, Nível de Capacitação IV, Padrão de Vencimento 16, do Quadro de Pessoal da Universidade Federal de Santa Maria, com fundamento no Artigo 3º, incisos I, II e III, da Emenda Constitucional n. 47, de 05.07.2005, combinado com o Artigo 3º da Emenda Constitucional n. 103 de 12.11.2019.</p><p class="assina">MARTHA BOHRER ADAIME</p>]]></Texto>
  </body>
  <Midias />
</article></xml>