﻿<xml><article id="30092910" name="Portaria 004-2023-PGJM" idOficio="9350760" pubName="DO2" artType="Portaria" pubDate="13/01/2023" artClass="00043:00011:00001:00000:00000:00000:00000:00000:00000:00000:00017:00000" artCategory="Ministério Público da União/Ministério Público Militar/Procuradoria-Geral de Justiça Militar" artSize="12" artNotes="" numberPage="45" pdfPage="http://pesquisa.in.gov.br/imprensa/jsp/visualiza/index.jsp?data=13/01/2023&amp;jornal=529&amp;pagina=45" editionNumber="10" highlightType="" highlightPriority="" highlight="" highlightimage="" highlightimagename="" idMateria="20255467">
  <body>
    <Identifica><![CDATA[ Portaria nº 4/PGJM, de 9 de janeiro de 2023]]></Identifica>
    <Data><![CDATA[]]></Data>
    <Ementa />
    <Titulo />
    <SubTitulo />
    <Texto><![CDATA[<p class="identifica">Portaria nº 4/PGJM, de 9 de janeiro de 2023</p><p>O PROCURADOR-GERAL DE JUSTIÇA MILITAR, no uso de suas atribuições legais, e tendo em vista o disposto no artigo 140 da Lei Complementar 75, de 20 de maio de 1993, e na Resolução 56/CSMPM, de 6 de maio de 2008, resolve:</p><p>Art. 1º Designar a Doutora ARILMA CUNHA DA SILVA, Subprocuradora-Geral de Justiça Militar, para participar da Sessão de Julgamento do Egrégio Superior Tribunal Militar, a realizar-se no dia 2 de fevereiro de 2023, às 13h30, na modalidade presencial/videoconferência.</p><p>Art. 2º Designar a Doutora HERMÍNIA CÉLIA RAYMUNDO, Subprocuradora-Geral de Justiça Militar, para participar da Sessão de Julgamento do Egrégio Superior Tribunal Militar, a realizar-se no dia 28 de fevereiro de 2023, às 13h30, na modalidade presencial/videoconferência.</p><p>Art. 3º Designar a Doutora MARIA DE LOURDES SOUZA GOUVEIA, Subprocuradora-Geral de Justiça Militar, para participar da Sessão de Julgamento do Egrégio Superior Tribunal Militar, a realizar-se no dia 2 de março de 2023, às 13h30, na modalidade presencial/videoconferência.</p><p>Art. 4º Designar o Doutor ALEXANDRE CARLOS UMBERTO CONCESI, Subprocurador-Geral de Justiça Militar, para participar da Sessão de Julgamento do Egrégio Superior Tribunal Militar, a realizar-se no dia 7 de março de 2023, às 13h30, na modalidade presencial/videoconferência.</p><p>Art. 5º Designar a Doutora MARIA ESTER HENRIQUES TAVARES, Subprocuradora-Geral de Justiça Militar, para participar da Sessão de Julgamento do Egrégio Superior Tribunal Militar, a realizar-se no dia 9 de março de 2023, às 13h30, na modalidade presencial/videoconferência.</p><p>Art. 6º Designar o Doutor ROBERTO COUTINHO, Subprocurador-Geral de Justiça Militar, para participar da Sessão de Julgamento do Egrégio Superior Tribunal Militar, a realizar-se no dia 30 de março de 2023, às 13h30, na modalidade presencial/videoconferência.</p><p>Art. 7º Designar o Doutor CARLOS FREDERICO DE OLIVEIRA PEREIRA, Subprocurador-Geral de Justiça Militar, para participar da Sessão de Julgamento do Egrégio Superior Tribunal Militar, a realizar-se no dia 25 de abril de 2023, às 13h30, na modalidade presencial/videoconferência.</p><p>Art. 8º Designar o Doutor GIOVANNI RATTACASO, Subprocurador-Geral de Justiça Militar, para participar da Sessão de Julgamento do Egrégio Superior Tribunal Militar, a realizar-se no dia 27 de abril de 2023, às 13h30, na modalidade presencial/videoconferência.</p><p>Art. 9º Designar o Doutor LUCIANO MOREIRA GORRILHAS, Subprocurador-Geral de Justiça Militar, para participar da Sessão de Julgamento do Egrégio Superior Tribunal Militar, a realizar-se no dia 2 de maio de 2023, às 13h30, na modalidade presencial/videoconferência.</p><p>Art. 10 Designar o Doutor ALEXANDRE CARLOS UMBERTO CONCESI, Subprocurador-Geral de Justiça Militar, para participar da Sessão de Julgamento do Egrégio Superior Tribunal Militar, a realizar-se no dia 4 de maio de 2023, às 13h30, na modalidade presencial/videoconferência.</p><p>Art. 11 Designar a Doutora ARILMA CUNHA DA SILVA, Subprocuradora-Geral de Justiça Militar, para participar da Sessão de Julgamento do Egrégio Superior Tribunal Militar, a realizar-se no dia 23 de maio de 2023, às 13h30, na modalidade presencial/videoconferência.</p><p>Art. 12 Designar o Doutor CARLOS FREDERICO DE OLIVEIRA PEREIRA, Subprocurador-Geral de Justiça Militar, para participar da Sessão de Julgamento do Egrégio Superior Tribunal Militar, a realizar-se no dia 30 de maio de 2023, às 13h30, na modalidade presencial/videoconferência.</p><p>Art. 13 Designar o Doutor GIOVANNI RATTACASO, Subprocurador-Geral de Justiça Militar, para participar da Sessão de Julgamento do Egrégio Superior Tribunal Militar, a realizar-se no dia 1º de junho de 2023, às 13h30, na modalidade presencial/videoconferência.</p><p>Art. 14 Designar a Doutora HERMÍNIA CÉLIA RAYMUNDO, Subprocuradora-Geral de Justiça Militar, para participar da Sessão de Julgamento do Egrégio Superior Tribunal Militar, a realizar-se no dia 6 de junho de 2023, às 13h30, na modalidade presencial/videoconferência.</p><p>Art. 15 Designar o Doutor LUCIANO MOREIRA GORRILHAS, Subprocurador-Geral de Justiça Militar, para participar da Sessão de Julgamento do Egrégio Superior Tribunal Militar, a realizar-se no dia 27 de junho de 2023, às 13h30, na modalidade presencial/videoconferência.</p><p>Art. 16 Designar a Doutora MARIA ESTER HENRIQUES TAVARES, Subprocuradora-Geral de Justiça Militar, para participar da Sessão de Julgamento do Egrégio Superior Tribunal Militar, a realizar-se no dia 29 de junho de 2023, às 13h30, na modalidade presencial/videoconferência.</p><p>Art. 17 Designar a Doutora MARIA DE LOURDES SOUZA GOUVEIA, Subprocuradora-Geral de Justiça Militar, para participar da Sessão de Julgamento do Egrégio Superior Tribunal Militar, a realizar-se no dia 3 de agosto de 2023, às 13h30, na modalidade presencial/videoconferência.</p><p>Art. 18 Designar a Doutora MARIA ESTER HENRIQUES TAVARES, Subprocuradora-Geral de Justiça Militar, para participar da Sessão de Julgamento do Egrégio Superior Tribunal Militar, a realizar-se no dia 31 de agosto de 2023, às 13h30, na modalidade presencial/videoconferência.</p><p>Art. 19 Designar o Doutor ROBERTO COUTINHO, Subprocurador-Geral de Justiça Militar, para participar da Sessão de Julgamento do Egrégio Superior Tribunal Militar, a realizar-se no dia 5 de setembro de 2023, às 13h30, na modalidade presencial/videoconferência.</p><p>Art. 20 Designar o Doutor ALEXANDRE CARLOS UMBERTO CONCESI, Subprocurador-Geral de Justiça Militar, para participar da Sessão de Julgamento do Egrégio Superior Tribunal Militar, a realizar-se no dia 26 de setembro de 2023, às 13h30, na modalidade presencial/videoconferência.</p><p>Art. 21 Designar a Doutora ARILMA CUNHA DA SILVA, Subprocuradora-Geral de Justiça Militar, para participar da Sessão de Julgamento do Egrégio Superior Tribunal Militar, a realizar-se no dia 28 de setembro de 2023, às 13h30, na modalidade presencial/videoconferência.</p><p>Art. 22 Designar o Doutor CARLOS FREDERICO DE OLIVEIRA PEREIRA, Subprocurador-Geral de Justiça Militar, para participar da Sessão de Julgamento do Egrégio Superior Tribunal Militar, a realizar-se no dia 3 de outubro de 2023, às 13h30, na modalidade presencial/videoconferência.</p><p>Art. 23 Designar o Doutor GIOVANNI RATTACASO, Subprocurador-Geral de Justiça Militar, para participar da Sessão de Julgamento do Egrégio Superior Tribunal Militar, a realizar-se no dia 24 de outubro de 2023, às 13h30, na modalidade presencial/videoconferência.</p><p>Art. 24 Designar a Doutora HERMÍNIA CÉLIA RAYMUNDO, Subprocuradora-Geral de Justiça Militar, para participar da Sessão de Julgamento do Egrégio Superior Tribunal Militar, a realizar-se no dia 26 de outubro de 2023, às 13h30, na modalidade presencial/videoconferência.</p><p>Art. 25 Designar o Doutor LUCIANO MOREIRA GORRILHAS, Subprocurador-Geral de Justiça Militar, para participar da Sessão de Julgamento do Egrégio Superior Tribunal Militar, a realizar-se no dia 7 de novembro de 2023, às 13h30, na modalidade presencial/videoconferência.</p><p>Art. 26 Designar a Doutora MARIA ESTER HENRIQUES TAVARES, Subprocuradora-Geral de Justiça Militar, para participar da Sessão de Julgamento do Egrégio Superior Tribunal Militar, a realizar-se no dia 28 de novembro de 2023, às 13h30, na modalidade presencial/videoconferência.</p><p>Art. 27 Designar a Doutora MARIA DE LOURDES SOUZA GOUVEIA, Subprocuradora-Geral de Justiça Militar, para participar da Sessão de Julgamento do Egrégio Superior Tribunal Militar, a realizar-se no dia 30 de novembro de 2023, às 13h30, na modalidade presencial/videoconferência.</p><p>Art. 28 Designar o Doutor ROBERTO COUTINHO, Subprocurador-Geral de Justiça Militar, para participar da Sessão de Julgamento do Egrégio Superior Tribunal Militar, a realizar-se no dia 14 de dezembro de 2023, às 13h30, na modalidade presencial/videoconferência.</p><p>Art. 29 Esta Portaria entra em vigor nesta data.</p><p class="assina">ANTÔNIO PEREIRA DUARTE</p>]]></Texto>
  </body>
  <Midias />
</article></xml>