﻿<xml><article id="30084228" name="Port_2_MME" idOficio="9349290" pubName="DO2" artType="Portaria" pubDate="13/01/2023" artClass="00023:00001:00000:00000:00000:00000:00000:00000:00000:00000:00017:00000" artCategory="Ministério de Minas e Energia/Gabinete do Ministro" artSize="12" artNotes="" numberPage="40" pdfPage="http://pesquisa.in.gov.br/imprensa/jsp/visualiza/index.jsp?data=13/01/2023&amp;jornal=529&amp;pagina=40" editionNumber="10" highlightType="" highlightPriority="" highlight="" highlightimage="" highlightimagename="" idMateria="20253310">
  <body>
    <Identifica><![CDATA[ PORTARIA Nº 2-P/GM/MME, DE 12 DE JANEIRO DE 2023]]></Identifica>
    <Data><![CDATA[]]></Data>
    <Ementa />
    <Titulo />
    <SubTitulo />
    <Texto><![CDATA[<p class="identifica">PORTARIA Nº 2-P/GM/MME, DE 12 DE JANEIRO DE 2023</p><p>O MINISTRO DE ESTADO DE MINAS E ENERGIA, no uso das atribuições que lhe confere o art. 87, parágrafo único, inciso IV, da Constituição, e tendo em vista o disposto no art. 1º da Portaria nº 455, de 22 de setembro de 2020, do Ministro de Estado Chefe da Casa Civil da Presidência da República, resolve</p><p>Exonerar, a pedido, FLORISVALDO JUSTINO MACHADO GONÇALVES do cargo em comissão de Assessor do Ministro de Estado de Minas e Energia, código DAS 102.4.</p><p class="assina">ALEXANDRE SILVEIRA</p><p></p>]]></Texto>
  </body>
  <Midias />
</article></xml>