﻿<xml><article id="30084799" name="PORTARIA SGP N. 3 - designa Mano" idOficio="9349389" pubName="DO2" artType="Portaria" pubDate="13/01/2023" artClass="00047:00002:00005:00004:00000:00000:00000:00000:00000:00000:00017:00000" artCategory="Poder Judiciário/Conselho Nacional de Justiça/Diretoria-Geral/Secretaria de Gestão de Pessoas" artSize="12" artNotes="" numberPage="49" pdfPage="http://pesquisa.in.gov.br/imprensa/jsp/visualiza/index.jsp?data=13/01/2023&amp;jornal=529&amp;pagina=49" editionNumber="10" highlightType="" highlightPriority="" highlight="" highlightimage="" highlightimagename="" idMateria="20253415">
  <body>
    <Identifica><![CDATA[ PORTARIA Nº 3, DE 11 DE JANEIRO DE 2023]]></Identifica>
    <Data><![CDATA[]]></Data>
    <Ementa />
    <Titulo />
    <SubTitulo />
    <Texto><![CDATA[<p class="identifica">PORTARIA Nº 3, DE 11 DE JANEIRO DE 2023</p><p>O SECRETÁRIO DE GESTÃO DE PESSOAS EM SUBSTITUIÇÃO DO CONSELHO NACIONAL DE JUSTIÇA, nos termos do caput do art. 38 da Lei nº 8.112/90 e do inciso XXI do art. 1º da Portaria DG nº 361/2015, e considerando o contido no Processo SEI/CNJ nº 00298/2023, resolve:</p><p>DESIGNAR MANOELITO ANTONIO DOS SANTOS JUNIOR, Analista Judiciário, Área Administrativa, do quadro de pessoal deste Conselho, como substituto da Assessora-Chefe do Gabinete do Conselheiro Marcos Vinicius Jardim Rodrigues, nível CJ-3.</p><p class="assina">Rogério Alves Lima</p>]]></Texto>
  </body>
  <Midias />
</article></xml>