﻿<xml><article id="30079622" name="ATO RetificaAAo__Y9ZKLV" idOficio="9348735" pubName="DO2" artType="Retificação" pubDate="13/01/2023" artClass="00047:00040:00000:00000:00000:00000:00000:00000:00000:00000:00024:00000" artCategory="Poder Judiciário/Tribunal Regional Eleitoral do Tocantins" artSize="12" artNotes="" numberPage="52" pdfPage="http://pesquisa.in.gov.br/imprensa/jsp/visualiza/index.jsp?data=13/01/2023&amp;jornal=529&amp;pagina=52" editionNumber="10" highlightType="" highlightPriority="" highlight="" highlightimage="" highlightimagename="" idMateria="20252656">
  <body>
    <Identifica><![CDATA[ Retificação]]></Identifica>
    <Data><![CDATA[]]></Data>
    <Ementa />
    <Titulo />
    <SubTitulo />
    <Texto><![CDATA[<p class="identifica">Retificação</p><p>Na Portaria nº 1118/2022 PRES/DG/SGP/COPES, de 23 de dezembro de 2022, publicada no DJE/TRE-TO, de 10/01/2023, nº 2, pág. 47, ONDE SE LÊ: no período de 09 a 20/01/2023; LEIA-SE: dia 09/01/2023.</p>]]></Texto>
  </body>
  <Midias />
</article></xml>