﻿<xml><article id="30082226" name="DOU_SP_13012023" idOficio="9348743" pubName="DO2" artType="Portaria" pubDate="13/01/2023" artClass="00046:00001:00002:00008:00001:00001:00000:00000:00000:00000:00017:00000" artCategory="Poder Legislativo/Câmara dos Deputados/Diretoria-Geral/Diretoria de Recursos Humanos/Departamento de Pessoal/Coordenação de Secretariado Parlamentar" artSize="12" artNotes="" numberPage="46" pdfPage="http://pesquisa.in.gov.br/imprensa/jsp/visualiza/index.jsp?data=13/01/2023&amp;jornal=529&amp;pagina=46" editionNumber="10" highlightType="" highlightPriority="" highlight="" highlightimage="" highlightimagename="" idMateria="20252744">
  <body>
    <Identifica><![CDATA[ Portarias de  11 de janeiro de 2023]]></Identifica>
    <Data><![CDATA[]]></Data>
    <Ementa />
    <Titulo />
    <SubTitulo />
    <Texto><![CDATA[<p class="identifica">Portarias de 11 de janeiro de 2023</p><p>O Diretor da Coordenação de Secretariado Parlamentar, no uso das atribuições que lhe foram delegadas pelo artigo 1º da Portaria n.º 53, de 2002, do Senhor Diretor Administrativo, resolve:</p><p>Nº 387 - Exonerar, de acordo com o artigo 35 da Lei n.º 8.112, de 11 de dezembro de 1990, a partir de 11 de janeiro de 2023, GUSTAVO ALVES DE SOUZA, ponto n.º 206371, do cargo em comissão de Secretário Parlamentar, SP25, do Quadro de Pessoal da Câmara dos Deputados, que exerce no gabinete do(a) Deputado(a) PERPÉTUA ALMEIDA.</p><p>Nº 388 - Exonerar, de acordo com o artigo 35 da Lei n.º 8.112, de 11 de dezembro de 1990, a partir de 11 de janeiro de 2023, IRISNEIDE ELIAS COSTA, ponto n.º 230718, do cargo em comissão de Secretário Parlamentar, SP20, do Quadro de Pessoal da Câmara dos Deputados, que exerce no gabinete do(a) Deputado(a) CELIO SILVEIRA.</p><p>Nº 389 - Exonerar, de acordo com o artigo 35 da Lei n.º 8.112, de 11 de dezembro de 1990, a partir de 11 de janeiro de 2023, CAMILA SANTANA MOTA DE CASTRO, ponto n.º 260117, do cargo em comissão de Secretário Parlamentar, SP11, do Quadro de Pessoal da Câmara dos Deputados, que exerce no gabinete do(a) Deputado(a) SÂMIA BOMFIM.</p><p>Nº 390 - Exonerar, de acordo com o artigo 35 da Lei n.º 8.112, de 11 de dezembro de 1990, a partir de 11 de janeiro de 2023, FLAVIA DOS SANTOS, ponto n.º 261048, do cargo em comissão de Secretário Parlamentar, SP21, do Quadro de Pessoal da Câmara dos Deputados, que exerce no gabinete do(a) Deputado(a) ÁUREA CAROLINA.</p><p>Nº 391 - Exonerar, de acordo com o artigo 35 da Lei n.º 8.112, de 11 de dezembro de 1990, a partir de 11 de janeiro de 2023, DENISE LACERDA, ponto n.º 264271, do cargo em comissão de Secretário Parlamentar, SP21, do Quadro de Pessoal da Câmara dos Deputados, que exerce no gabinete do(a) Deputado(a) NORMA PEREIRA.</p><p>Nº 392 - Exonerar, de acordo com o artigo 35 da Lei n.º 8.112, de 11 de dezembro de 1990, a partir de 11 de janeiro de 2023, IRAILTON DE LIMA SOUSA, ponto n.º 267737, do cargo em comissão de Secretário Parlamentar, SP18, do Quadro de Pessoal da Câmara dos Deputados, que exerce no gabinete do(a) Deputado(a) LEO DE BRITO.</p><p>Nº 393 - Exonerar, de acordo com o artigo 35 da Lei n.º 8.112, de 11 de dezembro de 1990, a partir de 11 de janeiro de 2023, SIDNEI ECKERT, ponto n.º 267940, do cargo em comissão de Secretário Parlamentar, SP11, do Quadro de Pessoal da Câmara dos Deputados, que exerce no gabinete do(a) Deputado(a) ALCEU MOREIRA.</p><p>Nº 394 - Exonerar, de acordo com o artigo 35 da Lei n.º 8.112, de 11 de dezembro de 1990, a partir de 11 de janeiro de 2023, PAULO ROBERTO ALTAMIRANDA DE SOUZA, ponto n.º 271783, do cargo em comissão de Secretário Parlamentar, SP07, do Quadro de Pessoal da Câmara dos Deputados, que exerce no gabinete do(a) Deputado(a) FELÍCIO LATERÇA.</p><p>Nº 395 - Nomear, na forma do artigo 9º, inciso II, da Lei nº 8.112, de 11 de dezembro de 1990, ABRAÃO ALVES SOARES para exercer, no gabinete do(a) Deputado(a) MARCOS PACCO, o cargo em comissão de Secretário Parlamentar, SP09, do Quadro de Pessoal da Câmara dos Deputados.</p><p>Nº 396 - Nomear, na forma do artigo 9º, inciso II, da Lei nº 8.112, de 11 de dezembro de 1990, ANA CAROLINE PEREIRA DA SILVA para exercer, no gabinete do(a) Deputado(a) PAES LANDIM, o cargo em comissão de Secretário Parlamentar, SP18, do Quadro de Pessoal da Câmara dos Deputados.</p><p>Nº 397 - Nomear, na forma do artigo 9º, inciso II, da Lei nº 8.112, de 11 de dezembro de 1990, ANA JÉSSICA ARAUJO BONFIM para exercer, no gabinete do(a) Deputado(a) PAES LANDIM, o cargo em comissão de Secretário Parlamentar, SP22, do Quadro de Pessoal da Câmara dos Deputados.</p><p>Nº 398 - Nomear, na forma do artigo 9º, inciso II, da Lei nº 8.112, de 11 de dezembro de 1990, ANTÔNIO CÍCERO ALVES ACIOLE para exercer, no gabinete do(a) Deputado(a) MARCOS PACCO, o cargo em comissão de Secretário Parlamentar, SP09, do Quadro de Pessoal da Câmara dos Deputados.</p><p>Nº 399 - Nomear, na forma do artigo 9º, inciso II, da Lei nº 8.112, de 11 de dezembro de 1990, CHARLE AMORIM DE SA ANDRADE para exercer, no gabinete do(a) Deputado(a) PAES LANDIM, o cargo em comissão de Secretário Parlamentar, SP25, do Quadro de Pessoal da Câmara dos Deputados.</p><p>Nº 400 - Nomear, na forma do artigo 9º, inciso II, da Lei nº 8.112, de 11 de dezembro de 1990, CLEMILTON CORDEIRO SATURNINO para exercer, no gabinete do(a) Deputado(a) SIMPLÍCIO ARAÚJO, o cargo em comissão de Secretário Parlamentar, SP25, do Quadro de Pessoal da Câmara dos Deputados.</p><p>Nº 401 - Nomear, na forma do artigo 9º, inciso II, da Lei nº 8.112, de 11 de dezembro de 1990, DANIELLA DANTAS GABRIEL para exercer, no gabinete do(a) Deputado(a) JHONATAN DE JESUS, o cargo em comissão de Secretário Parlamentar, SP06, do Quadro de Pessoal da Câmara dos Deputados.</p><p>Nº 402 - Nomear, na forma do artigo 9º, inciso II, da Lei nº 8.112, de 11 de dezembro de 1990, EDISLÂNIA DOS SANTOS PEREIRA ARAGÃO para exercer, no gabinete do(a) Deputado(a) FABIO REIS, o cargo em comissão de Secretário Parlamentar, SP19, do Quadro de Pessoal da Câmara dos Deputados.</p><p>Nº 403 - Nomear, na forma do artigo 9º, inciso II, da Lei nº 8.112, de 11 de dezembro de 1990, FELIPE CAVALCANTE SANTOS SOUTO para exercer, no gabinete do(a) Deputado(a) MÁRCIO SANTANA DÓRIA, o cargo em comissão de Secretário Parlamentar, SP04, do Quadro de Pessoal da Câmara dos Deputados.</p><p>Nº 404 - Nomear, na forma do artigo 9º, inciso II, da Lei nº 8.112, de 11 de dezembro de 1990, JEAN VOLPATO para exercer, no gabinete do(a) Deputado(a) MÁRCIO SANTANA DÓRIA, o cargo em comissão de Secretário Parlamentar, SP15, do Quadro de Pessoal da Câmara dos Deputados.</p><p>Nº 405 - Nomear, na forma do artigo 9º, inciso II, da Lei nº 8.112, de 11 de dezembro de 1990, JESSICA CARVALHO MACENA DOS SANTOS para exercer, no gabinete do(a) Deputado(a) MÁRCIO SANTANA DÓRIA, o cargo em comissão de Secretário Parlamentar, SP03, do Quadro de Pessoal da Câmara dos Deputados.</p><p>Nº 406 - Nomear, na forma do artigo 9º, inciso II, da Lei nº 8.112, de 11 de dezembro de 1990, JOCIMARIO DIAS DOS SANTOS para exercer, no gabinete do(a) Deputado(a) MÁRCIO SANTANA DÓRIA, o cargo em comissão de Secretário Parlamentar, SP20, do Quadro de Pessoal da Câmara dos Deputados.</p><p>Nº 407 - Nomear, na forma do artigo 9º, inciso II, da Lei nº 8.112, de 11 de dezembro de 1990, JOSÉ MARIA DE ABREU DUTRA para exercer, no gabinete do(a) Deputado(a) AFONSO FLORENCE, o cargo em comissão de Secretário Parlamentar, SP25, do Quadro de Pessoal da Câmara dos Deputados.</p><p>Nº 408 - Nomear, na forma do artigo 9º, inciso II, da Lei nº 8.112, de 11 de dezembro de 1990, JOSÉ ODONEL SENA BEZERRA para exercer, no gabinete do(a) Deputado(a) MARCOS PACCO, o cargo em comissão de Secretário Parlamentar, SP19, do Quadro de Pessoal da Câmara dos Deputados.</p><p>Nº 409 - Nomear, na forma do artigo 9º, inciso II, da Lei nº 8.112, de 11 de dezembro de 1990, JOÃO CARLOS FEITOZA para exercer, no gabinete do(a) Deputado(a) TADEU FILIPPELLI, o cargo em comissão de Secretário Parlamentar, SP18, do Quadro de Pessoal da Câmara dos Deputados.</p><p>Nº 410 - Nomear, na forma do artigo 9º, inciso II, da Lei nº 8.112, de 11 de dezembro de 1990, JOÃO MARQUINO DE SOUZA MELO para exercer, no gabinete do(a) Deputado(a) MÁRCIO SANTANA DÓRIA, o cargo em comissão de Secretário Parlamentar, SP12, do Quadro de Pessoal da Câmara dos Deputados.</p><p>Nº 411 - Nomear, na forma do artigo 9º, inciso II, da Lei nº 8.112, de 11 de dezembro de 1990, JOÃO RUBENS DOS SANTOS JUNIOR para exercer, no gabinete do(a) Deputado(a) MÁRCIO SANTANA DÓRIA, o cargo em comissão de Secretário Parlamentar, SP25, do Quadro de Pessoal da Câmara dos Deputados.</p><p>Nº 412 - Nomear, na forma do artigo 9º, inciso II, da Lei nº 8.112, de 11 de dezembro de 1990, KARINA RAQUEL SANTOS LIMA para exercer, no gabinete do(a) Deputado(a) PAES LANDIM, o cargo em comissão de Secretário Parlamentar, SP25, do Quadro de Pessoal da Câmara dos Deputados.</p><p>Nº 413 - Nomear, na forma do artigo 9º, inciso II, da Lei nº 8.112, de 11 de dezembro de 1990, LAYANNE KAROLINE DE CARVALHO SANTOS para exercer, no gabinete do(a) Deputado(a) MÁRCIO SANTANA DÓRIA, o cargo em comissão de Secretário Parlamentar, SP23, do Quadro de Pessoal da Câmara dos Deputados.</p><p>Nº 414 - Nomear, na forma do artigo 9º, inciso II, da Lei nº 8.112, de 11 de dezembro de 1990, MAIRA SANTANA DE JESUS para exercer, no gabinete do(a) Deputado(a) MÁRCIO SANTANA DÓRIA, o cargo em comissão de Secretário Parlamentar, SP06, do Quadro de Pessoal da Câmara dos Deputados.</p><p>Nº 415 - Nomear, na forma do artigo 9º, inciso II, da Lei nº 8.112, de 11 de dezembro de 1990, MAYRA GONÇALVES CHAGAS para exercer, no gabinete do(a) Deputado(a) MÁRCIO SANTANA DÓRIA, o cargo em comissão de Secretário Parlamentar, SP20, do Quadro de Pessoal da Câmara dos Deputados.</p><p>Nº 416 - Nomear, na forma do artigo 9º, inciso II, da Lei nº 8.112, de 11 de dezembro de 1990, MICHELLE CRISTINE PEREIRA DE CARVALHO DA SILVA para exercer, no gabinete do(a) Deputado(a) SIMPLÍCIO ARAÚJO, o cargo em comissão de Secretário Parlamentar, SP11, do Quadro de Pessoal da Câmara dos Deputados.</p><p>Nº 417 - Nomear, na forma do artigo 9º, inciso II, da Lei nº 8.112, de 11 de dezembro de 1990, OSMAR GALDINO DA SILVA JUNIOR para exercer, no gabinete do(a) Deputado(a) AFONSO FLORENCE, o cargo em comissão de Secretário Parlamentar, SP21, do Quadro de Pessoal da Câmara dos Deputados.</p><p>Nº 418 - Nomear, na forma do artigo 9º, inciso II, da Lei nº 8.112, de 11 de dezembro de 1990, PAULO SANTOS MELLO para exercer, no gabinete do(a) Deputado(a) SIMPLÍCIO ARAÚJO, o cargo em comissão de Secretário Parlamentar, SP22, do Quadro de Pessoal da Câmara dos Deputados.</p><p>Nº 419 - Nomear, na forma do artigo 9º, inciso II, da Lei nº 8.112, de 11 de dezembro de 1990, PRISCILA SIMONE DOS SANTOS ARAGAO para exercer, no gabinete do(a) Deputado(a) MÁRCIO SANTANA DÓRIA, o cargo em comissão de Secretário Parlamentar, SP04, do Quadro de Pessoal da Câmara dos Deputados.</p><p>Nº 420 - Nomear, na forma do artigo 9º, inciso II, da Lei nº 8.112, de 11 de dezembro de 1990, RIVALDA MARINA DE SIQUEIRA SOUZA para exercer, no gabinete do(a) Deputado(a) MÁRCIO SANTANA DÓRIA, o cargo em comissão de Secretário Parlamentar, SP03, do Quadro de Pessoal da Câmara dos Deputados.</p><p>Nº 421 - Nomear, na forma do artigo 9º, inciso II, da Lei nº 8.112, de 11 de dezembro de 1990, SAMIR OLIVEIRA DA SILVA BOMFIM para exercer, no gabinete do(a) Deputado(a) AFONSO FLORENCE, o cargo em comissão de Secretário Parlamentar, SP25, do Quadro de Pessoal da Câmara dos Deputados.</p><p>Nº 422 - Nomear, na forma do artigo 9º, inciso II, da Lei nº 8.112, de 11 de dezembro de 1990, TATIANA DE SOUZA SANTOS para exercer, no gabinete do(a) Deputado(a) MÁRCIO SANTANA DÓRIA, o cargo em comissão de Secretário Parlamentar, SP10, do Quadro de Pessoal da Câmara dos Deputados.</p><p class="assina">Carlos Augusto Lima de Azevêdo</p>]]></Texto>
  </body>
  <Midias />
</article></xml>