﻿<xml><article id="30090894" name="Portaria desig. 187" idOficio="9350533" pubName="DO2" artType="Portaria" pubDate="13/01/2023" artClass="00019:00037:00106:00000:00000:00000:00000:00000:00000:00000:00017:00000" artCategory="Ministério da Infraestrutura/Departamento Nacional de Infraestrutura de Transportes/Superintendência Regional no Rio de Janeiro" artSize="12" artNotes="" numberPage="39" pdfPage="http://pesquisa.in.gov.br/imprensa/jsp/visualiza/index.jsp?data=13/01/2023&amp;jornal=529&amp;pagina=39" editionNumber="10" highlightType="" highlightPriority="" highlight="" highlightimage="" highlightimagename="" idMateria="20255027">
  <body>
    <Identifica><![CDATA[ PORTARIA Nº 187, DE 10 DE JANEIRO DE 2023]]></Identifica>
    <Data><![CDATA[]]></Data>
    <Ementa />
    <Titulo />
    <SubTitulo />
    <Texto><![CDATA[<p class="identifica">PORTARIA Nº 187, DE 10 DE JANEIRO DE 2023</p><p>O SUPERINTENDENTE REGIONAL NO ESTADO DO RIO DE JANEIRO - SUBSTITUTO, FERNANDO LUIZ CORREIA, CPF: xxx.890.xxx-xx, nomeado de acordo com a Portaria nº 7.458 de 28 de dezembro de 2021, do Diretor-Geral Substituto, publicada na pág. 33, Seção 2, do Diário Oficial da União de 29/12/2021, e no uso das atribuições que lhe foram conferidas pela Resolução nº 39, que aprova o Regimento Interno do DNIT, no art. 144, inciso XXI, publicada no D.O.U em 19 de novembro de 2020, para nomear servidores e supervisionar sua atuação como Agentes da Autoridade de Trânsito, no âmbito de sua competência, e:</p><p>CONSIDERANDO o constante dos autos do processo nº 50607.001384/2022-41, resolve:</p><p>Art. 1º DESCREDENCIAR 03 (três) servidores do quadro do DNIT, ora designados para desempenharem as atribuições de Agentes de Autoridade de Trânsito, nas rodovias federais sob circunscrição desta Autarquia, no cumprimento ao que determina os artigos nº 21 e 280 parag. 4º, da Lei 9.503 de 23 de setembro de 1997, suas resoluções e alterações posteriores, conforme tabela a seguir:</p><p /><p></p><table><tr /><tr><td rowspan="1" colspan="1"><p>ID</p></td><td rowspan="1" colspan="1"><p>NOME COMPLETO</p></td><td rowspan="1" colspan="1"><p>MATRICULA DNIT</p></td><td rowspan="1" colspan="1"><p>MATRICULA SIAPE</p></td><td rowspan="1" colspan="1"><p>LOTAÇÃO</p></td></tr><tr><td rowspan="1" colspan="1"><p>01</p></td><td rowspan="1" colspan="1"><p>GABRIELA DE ALBUQUERQUE MACIEL</p></td><td rowspan="1" colspan="1"><p>5329-5</p></td><td rowspan="1" colspan="1"><p>2077683</p></td><td rowspan="1" colspan="1"><p>RJ</p></td></tr><tr><td rowspan="1" colspan="1"><p>02</p></td><td rowspan="1" colspan="1"><p>GERSON RIVA TAVARES DE ARAUJO</p></td><td rowspan="1" colspan="1"><p>3033-3</p></td><td rowspan="1" colspan="1"><p>1115696</p></td><td rowspan="1" colspan="1"><p>RJ</p></td></tr><tr><td rowspan="1" colspan="1"><p>03</p></td><td rowspan="1" colspan="1"><p>MARTA LOPES MOTTA CARDOSO</p></td><td rowspan="1" colspan="1"><p>1337-4</p></td><td rowspan="1" colspan="1"><p>1093877</p></td><td rowspan="1" colspan="1"><p>RJ</p></td></tr></table><p>Art. 2º Esta portaria entra em vigor na data de sua publicação.</p><p class="assina">FERNANDO LUIZ CORREIA</p><p></p>]]></Texto>
  </body>
  <Midias />
</article></xml>