﻿<xml><article id="30082175" name="PORTARIA EMCFA-MD NA 84" idOficio="9348835" pubName="DO2" artType="Portaria" pubDate="13/01/2023" artClass="00013:00034:00000:00000:00000:00000:00000:00000:00000:00000:00017:00003" artCategory="Ministério da Defesa/Estado-Maior Conjunto das Forças Armadas" artSize="12" artNotes="" numberPage="9" pdfPage="http://pesquisa.in.gov.br/imprensa/jsp/visualiza/index.jsp?data=13/01/2023&amp;jornal=529&amp;pagina=9" editionNumber="10" highlightType="" highlightPriority="" highlight="" highlightimage="" highlightimagename="" idMateria="20252787">
  <body>
    <Identifica><![CDATA[ PORTARIA EMCFA-MD  Nº  84, DE 5 DE JANEIRO DE 2023]]></Identifica>
    <Data><![CDATA[]]></Data>
    <Ementa />
    <Titulo />
    <SubTitulo />
    <Texto><![CDATA[<p class="identifica">PORTARIA EMCFA-MD Nº 84, DE 5 DE JANEIRO DE 2023</p><p>O CHEFE DO GABINETE DO ESTADO-MAIOR CONJUNTO DAS FORÇAS ARMADAS, no uso da competência subdelegada pelo inciso III do art. 1º da Portaria EMCFA-MD nº 4.283, de 10 de agosto de 2022, considerando a Portaria Normativa nº 98/GM-MD, de 20 de dezembro de 2018, o Decreto nº 10.998, de 15 de março de 2022, e o Processo Administrativo nº 60430.000175/2022-01, resolve:</p><p>EXONERAR, o Tenente-Coronel (FAB) FÁBIO ARRUDA DE ALCANTARA do cargo de Coordenador, código Grupo 0002 (B), da Coordenação da Coordenação-Geral da Subchefia de Organismos Internacionais da Chefia de Assuntos Estratégicos do Estado-Maior Conjunto das Forças Armadas, a partir de 7 de fevereiro de 2023.</p><p class="assina">Maj Brig Ar FLÁVIO LUIZ DE OLIVEIRA PINTO</p>]]></Texto>
  </body>
  <Midias />
</article></xml>