﻿<xml><article id="30079532" name="2. Port 16 - Designa LAENE ASCEN" idOficio="9348636" pubName="DO2" artType="Portaria" pubDate="13/01/2023" artClass="00018:00001:00000:00000:00000:00000:00000:00000:00000:00000:00017:00004" artCategory="Ministério da Educação/Gabinete do Ministro" artSize="12" artNotes="" numberPage="19" pdfPage="http://pesquisa.in.gov.br/imprensa/jsp/visualiza/index.jsp?data=13/01/2023&amp;jornal=529&amp;pagina=19" editionNumber="10" highlightType="" highlightPriority="" highlight="" highlightimage="" highlightimagename="" idMateria="20252595">
  <body>
    <Identifica><![CDATA[ PORTARIA Nº 16, DE 11 DE JANEIRO DE 2023]]></Identifica>
    <Data><![CDATA[]]></Data>
    <Ementa />
    <Titulo />
    <SubTitulo />
    <Texto><![CDATA[<p class="identifica">PORTARIA Nº 16, DE 11 DE JANEIRO DE 2023</p><p>O MINISTRO DE ESTADO DA EDUCAÇÃO, no uso da atribuição que lhe confere o art. 87, parágrafo único, inciso IV, da Constituição, e em observância ao disposto no art. 38 da Lei nº 8.112, de 11 de dezembro de 1990, bem como no Decreto nº 11.204, de 21 de setembro de 2022, resolve:</p><p>DESIGNAR LAENE ASCENSO LUSTOSA, CPF nº ***.657.831-**, para exercer o encargo de substituta eventual da Função Comissionada Executiva de Coordenadora-Geral, código FCE 1.13, da Coordenação-Geral de Medidas da Educação Básica da Diretoria de Avaliação da Educação Básica do Instituto Nacional de Estudos e Pesquisas Educacionais Anísio Teixeira, durante os afastamentos e impedimentos regulamentares do titular.</p><p class="assina">CAMILO SOBREIRA DE SANTANA</p>]]></Texto>
  </body>
  <Midias />
</article></xml>