﻿<xml><article id="30085384" name="Portaria-33-2023" idOficio="9349471" pubName="DO2" artType="Portaria" pubDate="13/01/2023" artClass="00047:00045:00001:00000:00000:00000:00000:00000:00000:00000:00017:00002" artCategory="Poder Judiciário/Tribunal Regional do Trabalho da 4ª Região/Presidência" artSize="12" artNotes="" numberPage="54" pdfPage="http://pesquisa.in.gov.br/imprensa/jsp/visualiza/index.jsp?data=13/01/2023&amp;jornal=529&amp;pagina=54" editionNumber="10" highlightType="" highlightPriority="" highlight="" highlightimage="" highlightimagename="" idMateria="20253533">
  <body>
    <Identifica><![CDATA[ PORTARIA nº 33, de 10 de janeiro de 2023]]></Identifica>
    <Data><![CDATA[]]></Data>
    <Ementa />
    <Titulo />
    <SubTitulo />
    <Texto><![CDATA[<p class="identifica">PORTARIA nº 33, de 10 de janeiro de 2023</p><p>O VICE-PRESIDENTE DO TRIBUNAL REGIONAL DO TRABALHO DA 4ª REGIÃO, no exercício da Presidência, no uso de suas atribuições, e considerando o que consta no PA nº 9736/2022, resolve:</p><p>DESIGNAR, a contar da publicação, a servidora ALESSANDRA COELHO GUINDANI (89044), ocupante do cargo de Técnico Judiciário, Área Administrativa, para exercer, em substituição, o cargo em comissão de DIRETOR DE SECRETARIA-CJ3, da 4ª Vara do Trabalho de Canoas, nos impedimentos legais do titular.</p><p class="assina">RICARDO HOFMEISTER DE ALMEIDA MARTINS COSTA</p>]]></Texto>
  </body>
  <Midias />
</article></xml>