﻿<xml><article id="30088846" name="PORTARIA NA 306" idOficio="9350151" pubName="DO2" artType="Portaria" pubDate="13/01/2023" artClass="00018:00111:00000:00000:00000:00000:00000:00000:00000:00000:00017:00006" artCategory="Ministério da Educação/Universidade Federal do Rio de Janeiro" artSize="12" artNotes="" numberPage="31" pdfPage="http://pesquisa.in.gov.br/imprensa/jsp/visualiza/index.jsp?data=13/01/2023&amp;jornal=529&amp;pagina=31" editionNumber="10" highlightType="" highlightPriority="" highlight="" highlightimage="" highlightimagename="" idMateria="20254391">
  <body>
    <Identifica><![CDATA[ PORTARIA Nº 306, DE 12 DE JANEIRO DE 2023]]></Identifica>
    <Data><![CDATA[]]></Data>
    <Ementa />
    <Titulo />
    <SubTitulo />
    <Texto><![CDATA[<p class="identifica">PORTARIA Nº 306, DE 12 DE JANEIRO DE 2023</p><p>A REITORA DA UNIVERSIDADE FEDERAL DO RIO DE JANEIRO, nomeada pelo Decreto de 31 de maio de 2019, publicado no Diário Oficial da União de 3 de junho de 2019, no uso de suas atribuições legais, estatutária e regimental, resolve:</p><p>Art. 1º Dispensar IURI BASTOS PEREIRA, Siape nº 2866646, Professor do Magistério Superior, do exercício dos encargos de Diretor Pro Tempore do Instituto de Enfermagem, do Centro Multidisciplinar UFRJ-Macaé.</p><p>Art. 2º Esta Portaria entra em vigor na data de sua publicação.</p><p class="assina">DENISE PIRES DE CARVALHO</p>]]></Texto>
  </body>
  <Midias />
</article></xml>