﻿<xml><article id="30082259" name="ME remove Fernando Cavalcanti Jr" idOficio="9348840" pubName="DO2" artType="Portaria" pubDate="13/01/2023" artClass="00025:00001:00000:00000:00000:00000:00000:00000:00000:00000:00017:00001" artCategory="Ministério das Relações Exteriores/Gabinete do Ministro" artSize="12" artNotes="" numberPage="40" pdfPage="http://pesquisa.in.gov.br/imprensa/jsp/visualiza/index.jsp?data=13/01/2023&amp;jornal=529&amp;pagina=40" editionNumber="10" highlightType="" highlightPriority="" highlight="" highlightimage="" highlightimagename="" idMateria="20252796">
  <body>
    <Identifica><![CDATA[ PORTARIA Nº 13, DE 11 DE JANEIRO DE 2023]]></Identifica>
    <Data><![CDATA[]]></Data>
    <Ementa />
    <Titulo />
    <SubTitulo />
    <Texto><![CDATA[<p class="identifica">PORTARIA Nº 13, DE 11 DE JANEIRO DE 2023</p><p>O MINISTRO DAS RELAÇÕES EXTERIORES, de acordo com o disposto no art. 18, inciso II, do Decreto nº 93.325, de 1º de outubro de 1986, e nos termos da Lei nº 11.440, de 29 de dezembro de 2006, resolve:</p><p>Remover, ex officio, FERNANDO ANTONIO WANDERLEY CAVALCANTI JUNIOR, segundo-secretário da carreira de diplomata do Ministério das Relações Exteriores, da embaixada do Brasil em Jacarta para a Secretaria de Estado.</p><p class="assina">MAURO VIEIRA</p>]]></Texto>
  </body>
  <Midias />
</article></xml>