﻿<xml><article id="30091436" name="PORTARIA GPR 83" idOficio="9350590" pubName="DO2" artType="Portaria" pubDate="13/01/2023" artClass="00047:00041:00002:00000:00000:00000:00000:00000:00000:00000:00017:00083" artCategory="Poder Judiciário/Tribunal de Justiça do Distrito Federal e dos Territórios/Presidência" artSize="12" artNotes="" numberPage="53" pdfPage="http://pesquisa.in.gov.br/imprensa/jsp/visualiza/index.jsp?data=13/01/2023&amp;jornal=529&amp;pagina=53" editionNumber="10" highlightType="" highlightPriority="" highlight="" highlightimage="" highlightimagename="" idMateria="20255129">
  <body>
    <Identifica><![CDATA[ PORTARIA GPR Nº 83, DE 12 DE JANEIRO DE 2023]]></Identifica>
    <Data><![CDATA[]]></Data>
    <Ementa />
    <Titulo />
    <SubTitulo />
    <Texto><![CDATA[<p class="identifica">PORTARIA GPR Nº 83, DE 12 DE JANEIRO DE 2023</p><p>O PRESIDENTE DO TRIBUNAL DE JUSTIÇA DO DISTRITO FEDERAL E DOS TERRITÓRIOS, no uso de suas atribuições legais e considerando o disposto no Processo Administrativo 1000428/2023, resolve:</p><p>Art. 1º Dispensar JULIMAR ANTUNES PINTO, matrícula 320.153, Técnico Judiciário, Área Administrativa, do Quadro de Pessoal deste Tribunal, da Substituição do titular do Cargo em Comissão, CJ-01, de Assessor de Desembargador do Gabinete do Excelentíssimo Desembargador Carlos Pires Soares Neto, nos seus impedimentos legais e eventuais.</p><p>Art. 2º Designar a Bacharela em Direito ÉRICA DE MEDEIROS ALVES KUHLMANN, matrícula 320.103, Técnico Judiciário, Área Administrativa, do Quadro de Pessoal deste Tribunal, para substituir o titular do Cargo em Comissão, CJ-01, de Assessor de Desembargador do Gabinete do Excelentíssimo Desembargador Carlos Pires Soares Neto, nos seus impedimentos legais e eventuais ficando dispensada da substituição do titular do Cargo em Comissão, CJ-02, de Assessor da referida Unidade.</p><p>Art. 3º Esta Portaria entra em vigor na data de sua publicação.</p><p class="assina">Des. CRUZ MACEDO</p>]]></Texto>
  </body>
  <Midias />
</article></xml>