﻿<xml><article id="30089153" name="DOU2-RN-1-PT-4-UNI-PR-RN-0000108" idOficio="9350204" pubName="DO2" artType="Portaria" pubDate="13/01/2023" artClass="00043:00010:00041:00000:00000:00000:00000:00000:00000:00000:00017:00004" artCategory="Ministério Público da União/Ministério Público Federal/Procuradoria da República no Estado do Rio Grande do Norte" artSize="12" artNotes="" numberPage="44" pdfPage="http://pesquisa.in.gov.br/imprensa/jsp/visualiza/index.jsp?data=13/01/2023&amp;jornal=529&amp;pagina=44" editionNumber="10" highlightType="" highlightPriority="" highlight="" highlightimage="" highlightimagename="" idMateria="20254526">
  <body>
    <Identifica><![CDATA[ PORTARIA Nº 4, DE 11 DE JANEIRO DE 2023]]></Identifica>
    <Data><![CDATA[]]></Data>
    <Ementa />
    <Titulo />
    <SubTitulo />
    <Texto><![CDATA[<p class="identifica">PORTARIA Nº 4, DE 11 DE JANEIRO DE 2023</p><p>A PROCURADORA-CHEFE DA PROCURADORIA DA REPÚBLICA NO ESTADO DO RIO GRANDE DO NORTE, no exercício das atribuições legais que foram conferidas pela Portaria SG/MPF nº 382, de 05 de maio de 2015, resolve:</p><p>Art. 1º - Dispensar a servidora POLLYANA SANTOS QUEIROGA, ocupante do cargo de Técnica do MPU/Administração, Matrícula nº 12156, da Função de Confiança de Assistente Nível II, FC-2, da Procuradoria da República no Rio Grande do Norte/Ceará-Mirim, vinculada ao gabinete de Procurador da República - 6º Ofício;</p><p>Art.2º - Designar o servidor ALEXEI DE CASTRO SARAIVA, ocupante do cargo de Técnico do MPU/Administração, Matrícula nº 21249, para exercer a Função de Confiança de Assistente Nível II, FC-2, da Procuradoria da República no Rio Grande do Norte/Ceará-Mirim, vinculada ao gabinete de Procurador da República - 6º Ofício.</p><p>Art. 3º - Esta Portaria entra em vigor na data de sua publicação.</p><p>Dê-se ciência, publique-se e cumpra-se.</p><p class="assina">CLARISIER AZEVEDO CAVALCANTE DE MORAIS</p><p></p>]]></Texto>
  </body>
  <Midias />
</article></xml>