﻿<xml><article id="30088783" name="PORTARIA N.68" idOficio="9350168" pubName="DO2" artType="Portaria" pubDate="13/01/2023" artClass="00018:00092:00000:00000:00000:00000:00000:00000:00000:00000:00017:00003" artCategory="Ministério da Educação/Universidade Federal Fluminense" artSize="12" artNotes="" numberPage="28" pdfPage="http://pesquisa.in.gov.br/imprensa/jsp/visualiza/index.jsp?data=13/01/2023&amp;jornal=529&amp;pagina=28" editionNumber="10" highlightType="" highlightPriority="" highlight="" highlightimage="" highlightimagename="" idMateria="20254445">
  <body>
    <Identifica><![CDATA[ PORTARIA Nº 68,  de 12 de janeiro de 2023]]></Identifica>
    <Data><![CDATA[]]></Data>
    <Ementa />
    <Titulo />
    <SubTitulo />
    <Texto><![CDATA[<p></p><p class="identifica">PORTARIA Nº 68, de 12 de janeiro de 2023</p><p>O REITOR da UNIVERSIDADE FEDERAL FLUMINENSE, no uso de suas atribuições, tendo em vista a Lei nº 9.640 de 25 de maio de 1998 e o que consta do Processo nº 23069.150148/2023-08, resolve:</p><p>Exonerar, a pedido LUCIA MARIA DE ASSUMPÇÃO DRUMMOND, Matrícula SIAPE nº 310498, do cargo de direção de Coordenadora da Coordenação de Pós-Graduação "Stricto Sensu", da Pró-Reitoria de Pesquisa, Pós-Graduação e Inovação - Código CD-4 para o qual foi nomeada através da Portaria nº 1.033, de 08/07/2022.</p><p class="assina">ANTONIO CLAUDIO LUCAS DA NOBREGA</p><p></p>]]></Texto>
  </body>
  <Midias />
</article></xml>