﻿<xml><article id="30084661" name="PORTARIA.MF.12.12100.100078.2023" idOficio="9349360" pubName="DO2" artType="Portaria" pubDate="13/01/2023" artClass="00015:00001:00650:00000:00000:00000:00000:00000:00000:00000:00017:00000" artCategory="Ministério da Economia/Gabinete do Ministro/Gabinete do Ministro" artSize="12" artNotes="" numberPage="13" pdfPage="http://pesquisa.in.gov.br/imprensa/jsp/visualiza/index.jsp?data=13/01/2023&amp;jornal=529&amp;pagina=13" editionNumber="10" highlightType="" highlightPriority="" highlight="" highlightimage="" highlightimagename="" idMateria="20253405">
  <body>
    <Identifica><![CDATA[ PORTARIA MF Nº 12, DE 11 DE JANEIRO DE 2023]]></Identifica>
    <Data><![CDATA[]]></Data>
    <Ementa />
    <Titulo />
    <SubTitulo />
    <Texto><![CDATA[<p class="identifica">PORTARIA MF Nº 12, DE 11 DE JANEIRO DE 2023</p><p>O MINISTRO DE ESTADO DA FAZENDA, no uso das atribuições que lhe confere o inciso IV do parágrafo único do art. 87 da Constituição, na competência contida no art. 29 do Decreto 10.835, de 14 de outubro de 2021, considerando o disposto no inciso I do art. 93 da Lei nº 8.112, de 11 de dezembro de 1990, com a redação conferida pelo art. 22 da Lei nº 8.270, de 17 de dezembro de 1991, bem como o disposto na Lei nº 11.890, de 24 de dezembro de 2008, e demais informações constantes no Processo SEI nº 12100.100078/2023-89, resolve:</p><p>Art. 1º Ceder a servidora pública LOUISE CAROLINE CAMPOS LOW, matrícula SIAPE nº 1438642, pertencente ao quadro de pessoal deste Ministério, para exercer o cargo em comissão de Diretora-Geral na Secretaria de Estado da Educação do Governo do Estado do Paraná.</p><p>Art. 2º O ônus pela remuneração é do órgão cessionário.</p><p>Art. 3º A servidora deverá apresentar-se imediatamente ao órgão de origem ao término da cessão, observado o disposto no art. 8º do Decreto nº 10.835, de 14 de outubro de 2021.</p><p>Art. 4º Torna-se sem efeito o disposto nesta Portaria caso a servidora não se apresente ao órgão cessionário no prazo de trinta dias.</p><p>Art. 5º Esta Portaria entra em vigor na data da sua publicação.</p><p class="assina">FERNANDO HADDAD</p>]]></Texto>
  </body>
  <Midias />
</article></xml>