﻿<xml><article id="30079922" name="Portaria 364.2022 - Nomear Osmar" idOficio="9323322" pubName="DO2" artType="Ato" pubDate="13/01/2023" artClass="00018:00053:00007:00000:00000:00000:00000:00000:00000:00000:00017:00005" artCategory="Ministério da Educação/Instituto Federal de Educação, Ciência e Tecnologia Farroupilha/Campus Santo Augusto" artSize="12" artNotes="" numberPage="21" pdfPage="http://pesquisa.in.gov.br/imprensa/jsp/visualiza/index.jsp?data=13/01/2023&amp;jornal=529&amp;pagina=21" editionNumber="10" highlightType="" highlightPriority="" highlight="" highlightimage="" highlightimagename="" idMateria="20217457">
  <body>
    <Identifica><![CDATA[ PORTARIA ELETRÔNICA Nº 364, DE 16 DE DEZEMBRO DE 2022]]></Identifica>
    <Data><![CDATA[]]></Data>
    <Ementa />
    <Titulo />
    <SubTitulo />
    <Texto><![CDATA[<p></p><p class="identifica">PORTARIA ELETRÔNICA Nº 364, DE 16 DE DEZEMBRO DE 2022</p><p>A Diretora Geral do Instituto Federal Farroupilha - Campus Santo Augusto, no uso de suas atribuições legais, conferidas pela Portaria nº 318, de 18/02/2021, publicada no DOU de 19/02/2021, resolve:</p><p>NOMEAR o Servidor Osmar Luis Freitag Bencke, matrícula SIAPE nº 2179834, ocupante do cargo de Técnico-Administrativo em Educação - Assistente em Administração, para exercer o cargo de Diretor de Pesquisa, Extensão e Produção em Exercício, do Instituto Federal Farroupilha - Campus Santo Augusto, Código da Função CD004, no período de 16 de janeiro a 03 de fevereiro de 2023.</p><p class="assina">Marcia Fink</p><p></p>]]></Texto>
  </body>
  <Midias />
</article></xml>