﻿<xml><article id="30084901" name="DOU 12012023" idOficio="9349345" pubName="DO2" artType="Portaria" pubDate="13/01/2023" artClass="00018:00072:00000:00000:00000:00000:00000:00000:00000:00000:00017:00000" artCategory="Ministério da Educação/Instituto Federal de Educação, Ciência e Tecnologia de Santa Catarina" artSize="12" artNotes="" numberPage="23" pdfPage="http://pesquisa.in.gov.br/imprensa/jsp/visualiza/index.jsp?data=13/01/2023&amp;jornal=529&amp;pagina=23" editionNumber="10" highlightType="" highlightPriority="" highlight="" highlightimage="" highlightimagename="" idMateria="20253428">
  <body>
    <Identifica><![CDATA[ PORTARIAS DE 12 DE JANEIRO DE 2023]]></Identifica>
    <Data><![CDATA[]]></Data>
    <Ementa />
    <Titulo />
    <SubTitulo />
    <Texto><![CDATA[<p class="identifica">PORTARIAS DE 12 DE JANEIRO DE 2023</p><p>A REITORA EM EXERCÍCIO DO INSTITUTO FEDERAL DE EDUCAÇÃO, CIÊNCIA E TECNOLOGIA DE SANTA CATARINA, no uso de suas atribuições legais, resolve:</p><p>Nº 112 - Retificar a Portaria do(a) Reitor(a) N° 3708 de 15 de dezembro de 2022, publicada no DOU de 16 de dezembro de 2022, referente à dispensa da servidora CHRISTIANE GUIMARAES DOS SANTOS DOS PASSOS.</p><p>Onde se lê:"Dispensar a servidora CHRISTIANE GUIMARAES DOS SANTOS DOS PASSOS, matrícula SIAPE nº 1823836, da função de Coordenadora de Gestão de Pessoas do Câmpus Caçador - FG1"</p><p>Leia-se:"Dispensar, a partir de 25/11/2022, a servidora CHRISTIANE GUIMARAES DOS SANTOS DOS PASSOS, matrícula SIAPE nº 1823836, da função de Coordenadora de Gestão de Pessoas do Câmpus Caçador - FG1".</p><p>Nº 113 - Designar servidor da Reitoria para substituir o respectivo titular no período de férias abaixo especificado:</p><p>I - FUNÇÃO/CARGO - REITOR - CD1;</p><p>a) Titular: MAURICIO GARIBA JUNIOR, SIAPE nº 277933;</p><p>b) Período de Férias: 16/01/2023;</p><p>c) Substituto/Cargo efetivo: ALOISIO SILVA JUNIOR, SIAPE nº 278195;</p><p>d) Período da Substituição: 16/01/2023.</p><p>Nº 114 Designar o servidor DIOGO AMARILDO DA CONCEIÇÃO, matrícula SIAPE nº 1825402, para a função de Coordenador de Compras e Materiais do Câmpus Lages - FG1.</p><p class="assina">ANDREA MARTINS ANDUJAR</p>]]></Texto>
  </body>
  <Midias />
</article></xml>