﻿<xml><article id="30091871" name="Port-de-pessoal nA 8_2023" idOficio="9350617" pubName="DO2" artType="Portaria" pubDate="13/01/2023" artClass="00023:00031:00087:00000:00000:00000:00000:00000:00000:00000:00017:00000" artCategory="Ministério de Minas e Energia/Agência Nacional do Petróleo, Gás Natural e Biocombustíveis/Superintendência de Gestão de Pessoas e do Conhecimento" artSize="12" artNotes="" numberPage="40" pdfPage="http://pesquisa.in.gov.br/imprensa/jsp/visualiza/index.jsp?data=13/01/2023&amp;jornal=529&amp;pagina=40" editionNumber="10" highlightType="" highlightPriority="" highlight="" highlightimage="" highlightimagename="" idMateria="20255195">
  <body>
    <Identifica><![CDATA[ PORTARIA DE PESSOAL ANP Nº 8, DE 12 DE JANEIRO DE 2023]]></Identifica>
    <Data><![CDATA[]]></Data>
    <Ementa />
    <Titulo />
    <SubTitulo />
    <Texto><![CDATA[<p class="identifica">PORTARIA DE PESSOAL ANP Nº 8, DE 12 DE JANEIRO DE 2023</p><p>O SUPERINTENDENTE DE GESTÃO DE PESSOAS E DO CONHECIMENTO DA AGÊNCIA NACIONAL DO PETRÓLEO, GÁS NATURAL E BIOCOMBUSTÍVEIS - ANP, no uso das atribuições que lhe foram conferidas pelo artigo 104, da Portaria ANP nº 265, de 10 de setembro de 2020, e tendo em vista o disposto no Decreto nº 10.139, de 28 de novembro de 2019, alterado pelo Decreto nº 10.437, de 22 de julho de 2020, resolve:</p><p>Art. 1º Dispensar, a partir de 19 de setembro de 2022, o servidor HENRIQUE NELSON PIMENTEL DA SILVA, CPF nº ***.264.927-**, do encargo de substituto da Coordenadora Geral de Autorizações e Processos Sancionatórios, código CCT - V, na Superintendência de Produção de Combustíveis, designado pela Portaria de Pessoal ANP nº 18, de 11 de janeiro 2021, publicada no Diário Oficial da União de 12 de janeiro 2021.</p><p>Art. 2º Designar, o servidor LUIZ OMENA DE OLIVEIRA FILHO, CPF nº ***.476.217-**, para substituir a Coordenadora Geral de Autorizações e Processos Sancionatórios, código CCT - V, na Superintendência de Produção de Combustíveis, no Escritório Central da Agência Nacional do Petróleo, Gás Natural e Biocombustíveis - ANP, na cidade do Rio de Janeiro, em seus afastamentos e impedimentos legais e regulamentares. (Processo SEI nº 48610.222109/2019-62)</p><p class="assina">GUALTER FERNANDO LEMOS DO AMARAL</p>]]></Texto>
  </body>
  <Midias />
</article></xml>