﻿<xml><article id="30079820" name="Portaria Gabin.1__L1EN1Z" idOficio="9348566" pubName="DO2" artType="Portaria" pubDate="13/01/2023" artClass="00022:00041:04993:00000:00000:00000:00000:00000:00000:00000:00017:00000" artCategory="Ministério do Meio Ambiente/Instituto Chico Mendes de Conservação da Biodiversidade/Diretoria de Planejamento, Administração e Logística" artSize="12" artNotes="" numberPage="40" pdfPage="http://pesquisa.in.gov.br/imprensa/jsp/visualiza/index.jsp?data=13/01/2023&amp;jornal=529&amp;pagina=40" editionNumber="10" highlightType="" highlightPriority="" highlight="" highlightimage="" highlightimagename="" idMateria="20252471">
  <body>
    <Identifica><![CDATA[ PORTARIA DIPLAN/ICMBIO Nº 62, DE 10 DE JANEIRO 2023]]></Identifica>
    <Data><![CDATA[]]></Data>
    <Ementa />
    <Titulo />
    <SubTitulo />
    <Texto><![CDATA[<p class="identifica">PORTARIA DIPLAN/ICMBIO Nº 62, DE 10 DE JANEIRO 2023</p><p>O DIRETOR SUBSTITUTO DE PLANEJAMENTO, ADMINISTRAÇÃO E LOGÍSTICA DO INSTITUTO CHICO MENDES DE CONSERVAÇÃO DA BIODIVERSIDADE, usando da competência atribuída pela Portaria nº 308, de 03 de maio de 2022, publicada no Diário Oficial da União de 05 de maio de 2022 e pela Portaria Casa Civil nº 278, de 11 de agosto de 2022, publicada no Diário Oficial da União de 16 de agosto de 2022, resolve:</p><p>Designar MAURICIO BARBOSA MUNIZ, matrícula SIAPE nº 2466157, para exercer os encargos de substituto do Chefe de Unidade de Conservação, Código FCE 1.05, do Núcleo de Gestão Integrada - ICMBio Guanabara/RJ, do Instituto Chico Mendes de Conservação da Biodiversidade, nos afastamentos, impedimentos legais ou regulamentares do titular e na vacância do cargo.</p><p class="assina">PEDRO AUGUSTO MARTINS RIBEIRO</p>]]></Texto>
  </body>
  <Midias />
</article></xml>