﻿<xml><article id="30082256" name="PORTARIA SEORI-SG-MD NA 60" idOficio="9348835" pubName="DO2" artType="Portaria" pubDate="13/01/2023" artClass="00013:00041:00000:00000:00000:00000:00000:00000:00000:00000:00017:00003" artCategory="Ministério da Defesa/Secretaria de Orçamento e Organização Institucional" artSize="12" artNotes="" numberPage="11" pdfPage="http://pesquisa.in.gov.br/imprensa/jsp/visualiza/index.jsp?data=13/01/2023&amp;jornal=529&amp;pagina=11" editionNumber="10" highlightType="" highlightPriority="" highlight="" highlightimage="" highlightimagename="" idMateria="20252791">
  <body>
    <Identifica><![CDATA[ PORTARIA SEORI/SG-MD  Nº ° 60, DE 4 DE JANEIRO DE 2023]]></Identifica>
    <Data><![CDATA[]]></Data>
    <Ementa />
    <Titulo />
    <SubTitulo />
    <Texto><![CDATA[<p class="identifica">PORTARIA SEORI/SG-MD Nº ° 60, DE 4 DE JANEIRO DE 2023</p><p>O SECRETÁRIO DE ORÇAMENTO E ORGANIZAÇÃO INSTITUCIONAL DO MINISTÉRIO DA DEFESA, no uso da competência que lhe foi subdelegada pelo inciso IV do art. 66, capítulo IV, anexo VIII da Portaria Normativa nº 12/MD, de 14 de fevereiro de 2019, e considerando o disposto no art. 8º da Portaria Normativa nº 98/GM-MD, de 20 de dezembro de 2018, e o que consta do Processo Administrativo nº 60430.000175/2022-01, resolve:</p><p>DISPENSAR, o Ten Cel Av FÁBIO ARRUDA DE ALCANTARA de ficar à disposição da Administração Central do Ministério da Defesa, a partir de 07 de fevereiro de 2023.</p><p class="assina">JOSÉ ROBERTO FERNANDES JÚNIOR</p>]]></Texto>
  </body>
  <Midias />
</article></xml>