﻿<xml><article id="30085702" name="PP2023-0018" idOficio="9349504" pubName="DO2" artType="Portaria" pubDate="13/01/2023" artClass="00019:00034:00000:00000:00000:00000:00000:00000:00000:00000:00013:00005" artCategory="Ministério da Infraestrutura/Agência Nacional de Aviação Civil" artSize="12" artNotes="" numberPage="38" pdfPage="http://pesquisa.in.gov.br/imprensa/jsp/visualiza/index.jsp?data=13/01/2023&amp;jornal=529&amp;pagina=38" editionNumber="10" highlightType="" highlightPriority="" highlight="" highlightimage="" highlightimagename="" idMateria="20253595">
  <body>
    <Identifica><![CDATA[ PORTARIA DE PESSOAL Nº 18, DE 6 DE JANEIRO DE 2023]]></Identifica>
    <Data><![CDATA[]]></Data>
    <Ementa />
    <Titulo />
    <SubTitulo />
    <Texto><![CDATA[<p class="identifica">PORTARIA DE PESSOAL Nº 18, DE 6 DE JANEIRO DE 2023</p><p>O DIRETOR-PRESIDENTE SUBSTITUTO DA AGÊNCIA NACIONAL DE AVIAÇÃO CIVIL - ANAC, no uso das atribuições que lhe conferem os arts. 16 da Lei nº 11.182, de 27 de setembro de 2005, e 35, inciso II, do Anexo I do Decreto nº 5.731, de 20 de março de 2006, tendo em vista o Regimento Interno aprovado pela Resolução nº 381, de 14 de junho de 2016, considerando o que consta do processo nº 00058.075456/2022-81, resolve:</p><p>NOMEAR RAFAEL XIMENES BORGES, matrícula SIAPE nº 1586983, para exercer o Cargo Comissionado Técnico de Coordenador de Normas de Aeronavegabilidade, código CCT IV, da Gerência Técnica de Normas e Inovação, da Superintendência de Aeronavegabilidade desta Agência, em São José dos Campos - Representação Regional de São Paulo e São José dos Campos (SP).</p><p class="assina">TIAGO SOUSA PEREIRA</p>]]></Texto>
  </body>
  <Midias />
</article></xml>