﻿<xml><article id="30089966" name="DOU 12-01-DISPENSA MARILIS BAHR" idOficio="9350286" pubName="DO2" artType="Portaria" pubDate="13/01/2023" artClass="00018:00041:00000:00000:00000:00000:00000:00000:00000:00000:00017:00002" artCategory="Ministério da Educação/Colégio Pedro II" artSize="12" artNotes="" numberPage="20" pdfPage="http://pesquisa.in.gov.br/imprensa/jsp/visualiza/index.jsp?data=13/01/2023&amp;jornal=529&amp;pagina=20" editionNumber="10" highlightType="" highlightPriority="" highlight="" highlightimage="" highlightimagename="" idMateria="20254823">
  <body>
    <Identifica><![CDATA[ PORTARIA DE 12 DE JANEIRO DE 2023]]></Identifica>
    <Data><![CDATA[]]></Data>
    <Ementa />
    <Titulo />
    <SubTitulo />
    <Texto><![CDATA[<p class="identifica">PORTARIA DE 12 DE JANEIRO DE 2023</p><p>A REITORA DO COLÉGIO PEDRO II, nomeada por Decreto Presidencial de 18 de outubro de 2022, publicado no Diário Oficial da União, Seção 2, página 1 de 19 de outubro de 2022, no uso de suas atribuições legais, resolve:</p><p>Nº 53 - Retificar a portaria Nº 778 de 12 abril de 2022 que dispensou MARILIS BAHR KARAM VENCESLAU, matrícula Siape nº º 1226969, da função de Coordenadora do Mestrado Profissional em Rede Nacional em Matemática, código FCC, a partir de 12 de abril de 2022.</p><p>Onde se lê: Coordenadora do PROFMAT-CPII;</p><p>Leia-se: Coordenadora do Mestrado Profissional em Rede Nacional em Matemática-PROFMAT.</p><p>Nº 54 - Tornar sem efeito a Portaria nº 44, de 10 de janeiro de 2023, que dispensou MARILIS BAHR KARAM VENCESLAU, matricula Siape nº 1226969.</p><p class="assina">ANDREA BANDEIRA RIBEIRO</p><p class="cargo">Substituta Eventual</p>]]></Texto>
  </body>
  <Midias />
</article></xml>