﻿<xml><article id="30093036" name="2023-01-12/9350782/SIGEPE_202554" idOficio="9350782" pubName="DO2" artType="Portaria" pubDate="13/01/2023" artClass="00018:00106:00057:00000:00000:00000:00000:00000:00000:00000:00017:00122" artCategory="Ministério da Educação/Universidade Federal do Paraná/Pró Reitoria de Gestão de Pessoas" artSize="12" artNotes="" numberPage="30" pdfPage="http://pesquisa.in.gov.br/imprensa/jsp/visualiza/index.jsp?data=13/01/2023&amp;jornal=529&amp;pagina=30" editionNumber="10" highlightType="" highlightPriority="" highlight="" highlightimage="" highlightimagename="" idMateria="20255460">
  <body>
    <Identifica><![CDATA[ Portaria PROGEPE/UFPR nº 122, de 12 de Janeiro de 2023]]></Identifica>
    <Data><![CDATA[]]></Data>
    <Ementa />
    <Titulo />
    <SubTitulo />
    <Texto><![CDATA[<p class="identifica">Portaria PROGEPE/UFPR nº 122, de 12 de Janeiro de 2023</p><p>O Pró-Reitor de Gestão de Pessoas da Universidade Federal do Paraná, no uso de suas atribuições, tendo em vista a competência que lhe é conferida pela Portaria nº 2.590, de 26 de setembro de 1997 e considerando o contido no processo nº 23075.001076/2023-89, resolve:</p><p>Conceder benefício de pensão, a partir de 17 de dezembro de 2022, data do falecimento de CARLOS ANTONIO DO NASCIMENTO - 0341505, nos termos dos Art. 215 e 217, inciso I da Lei nº 8.112/90, com redação da Lei nº 13.135/15, complementada pela E.C. nº 103/19, à cônjuge NOEMIA TRAPP DO NASCIMENTO, calculado com base na remuneração percebida pelo ex-servidor, na categoria funcional de Assistente de Laboratório, em regime de trabalho de 40 (quarenta) horas semanais, nível de classificação C, nível de capacitação III, padrão de vencimento 14, na forma preceituada no § 7º e § 18, do Art. 40 da E.C. 41/03, c/c Art. 2º da Lei nº 10.887/04.</p><p class="assina">DOUGLAS ORTIZ HAMERMULLER</p>]]></Texto>
  </body>
  <Midias />
</article></xml>