﻿<xml><article id="30083547" name="PORTARIA - DAP DGP C Ex NA 12 DE" idOficio="9349114" pubName="DO2" artType="Portaria" pubDate="13/01/2023" artClass="00013:00011:00029:00010:00000:00000:00000:00000:00000:00000:00017:00000" artCategory="Ministério da Defesa/Comando do Exército/Departamento-Geral do Pessoal/Diretoria de Assistência ao Pessoal" artSize="12" artNotes="" numberPage="7" pdfPage="http://pesquisa.in.gov.br/imprensa/jsp/visualiza/index.jsp?data=13/01/2023&amp;jornal=529&amp;pagina=7" editionNumber="10" highlightType="" highlightPriority="" highlight="" highlightimage="" highlightimagename="" idMateria="20253145">
  <body>
    <Identifica><![CDATA[ PORTARIA - DAP/DGP/C Ex Nº 12, DE 12 DE JANEIRO DE 2023]]></Identifica>
    <Data><![CDATA[]]></Data>
    <Ementa />
    <Titulo />
    <SubTitulo />
    <Texto><![CDATA[<p class="identifica">PORTARIA - DAP/DGP/C Ex Nº 12, DE 12 DE JANEIRO DE 2023</p><p>O DIRETOR DE ASSISTÊNCIA AO PESSOAL, no uso da competência que lhe foi subdelegada pela Portaria do Comandante do Exército nº 302, de 30 de novembro de 2021, combinado com o Decreto nº 11.097, de 15 de junho de 2022, resolve:</p><p>ANULAR a transferência para a reserva remunerada, a pedido, do S Ten Inf (Idt 030898524-1) GIOVANI MARCELO VISENTINI POZZOBON, da Companhia de Comando da 15ª Brigada de Infantaria Mecanizada (Cia Cmdo 15ª Bda Inf Mec), constante da PORTARIA - DAP/DGP/C Ex Nº 834, de 28 de novembro de 2022, publicada na página nº 21, Seção 2, do Diário Oficial da União nº 225, de 1º de dezembro de 2022.</p><p class="assina">DOUGLAS FERNANDES DE OLIVEIRA AMARAL - Cel</p><p class="cargo">Respondendo p/Diretoria</p>]]></Texto>
  </body>
  <Midias />
</article></xml>