﻿<xml><article id="30086215" name="PORTARIA CHELOG-EMCFA-MD NA 191" idOficio="9349613" pubName="DO2" artType="Portaria" pubDate="13/01/2023" artClass="00013:00034:00006:00000:00000:00000:00000:00000:00000:00000:00017:00000" artCategory="Ministério da Defesa/Estado-Maior Conjunto das Forças Armadas/Chefia de Logística e Mobilização" artSize="12" artNotes="" numberPage="10" pdfPage="http://pesquisa.in.gov.br/imprensa/jsp/visualiza/index.jsp?data=13/01/2023&amp;jornal=529&amp;pagina=10" editionNumber="10" highlightType="" highlightPriority="" highlight="" highlightimage="" highlightimagename="" idMateria="20253730">
  <body>
    <Identifica><![CDATA[ PORTARIA CHELOG/EMCFA-MD  Nº  191, DE 12 DE JANEIRO DE 2023]]></Identifica>
    <Data><![CDATA[]]></Data>
    <Ementa />
    <Titulo />
    <SubTitulo />
    <Texto><![CDATA[<p class="identifica">PORTARIA CHELOG/EMCFA-MD Nº 191, DE 12 DE JANEIRO DE 2023</p><p>O CHEFE DE LOGÍSTICA E MOBILIZAÇÃO DO ESTADO-MAIOR CONJUNTO DAS FORÇAS ARMADAS, no uso da competência subdelegada pelo Ministro da Defesa, de acordo o artigo 2º, da Portaria nº 1.561/GM-MD, de 25 de março de 2022, alterado pela Portaria nº 2.848/GM-MD, de 18 de maio de 2022, e o Processo Administrativo nº 60311.000003/2023-66, resolve:</p><p>DESIGNAR, o Capitão de Corveta (IM) WELLINGTON GALDINO ALVES DE OLIVEIRA e o Suboficial (PL) ALEXANDRE FREDERICO DE OLIVEIRA, do Centro de Apoio a Sistemas Logísticos de Defesa, para participação na 141ª Reunião OTAN Allied Committee 135 (AC 135) Panel A, no período de 25 de fevereiro a 03 de março de 2023, na cidade de Capellen - Luxemburgo, incluindo trânsito, com ônus total para o Ministério da Defesa.</p><p>A missão acima é considerada do tipo eventual e de natureza militar, estando enquadrada na alínea "c" do inciso I e na alínea "b" do inciso II do art. 3º, combinados com o parágrafo único do art. 11, todos da Lei nº 5.809, de 10 de outubro de 1972, regulamentada pelo Decreto nº 71.733, de 18 de janeiro de 1973, e suas alterações.</p><p class="assina">ANDRÉ LUIZ SILVA LIMA DE SANTANA MENDES-Almirante de Esquadra</p><p></p>]]></Texto>
  </body>
  <Midias />
</article></xml>