﻿<xml><article id="30086985" name="Portarias de 12 de janeiro de 20" idOficio="9349759" pubName="DO2" artType="Portaria" pubDate="13/01/2023" artClass="00018:00050:00005:00000:00000:00000:00000:00000:00000:00000:00017:00000" artCategory="Ministério da Educação/Instituto Federal de Educação, Ciência e Tecnologia Catarinense/Campus Camboriú" artSize="12" artNotes="" numberPage="20" pdfPage="http://pesquisa.in.gov.br/imprensa/jsp/visualiza/index.jsp?data=13/01/2023&amp;jornal=529&amp;pagina=20" editionNumber="10" highlightType="" highlightPriority="" highlight="" highlightimage="" highlightimagename="" idMateria="20253901">
  <body>
    <Identifica><![CDATA[ PORTARIAS DE 12 DE JANEIRO DE 2023]]></Identifica>
    <Data><![CDATA[]]></Data>
    <Ementa />
    <Titulo />
    <SubTitulo />
    <Texto><![CDATA[<p class="identifica">PORTARIAS DE 12 DE JANEIRO DE 2023</p><p>A Diretora-Geral do Instituto Federal Catarinense - Campus Camboriú, no uso da competência que lhe foi subdelegada pela Portaria nº 2188/2019-PORT/REIT, de 19 de julho de 2019, resolve:</p><p>Nº 8 - Art. 1º EXONERAR, a partir de 02/01/2023, o servidor JOSÉ DOMINGOS PEREIRA, ocupante do cargo de Pedreiro, Matrícula nº XX593XX, do Cargo Comissionado de Coordenador Substituto de Execução Orçamentária e Financeira, código CD-4, do Instituto Federal Catarinense - Campus Camboriú, para o qual fora nomeado pela Portaria nº257/2020-GAB/CAMB.</p><p>Art. 2º Esta Portaria entra em vigor nesta data.</p><p>A Diretora-Geral do Instituto Federal Catarinense - Campus Camboriú, no uso da competência que lhe foi subdelegada pela Portaria nº 2188/2019-PORT/REIT, de 19 de julho de 2019, resolve:</p><p>Nº 9 - Art. 1º NOMEAR o servidor EDSON FERNANDO PAGLIOCHI, ocupante do cargo de Assistente em Administração, Matrícula nºXX226XX, para exercer o Cargo Comissionado de Coordenador Substituto de Execução Orçamentária e Financeira, código CD-4, do Instituto Federal Catarinense - Campus Camboriú, nos afastamentos e impedimentos legais ou regulamentares do(a) titular do cargo.</p><p>Art. 2º Esta Portaria entra em vigor nesta data.</p><p class="assina">SIRLEI DE FÁTIMA ALBINO</p><p></p>]]></Texto>
  </body>
  <Midias />
</article></xml>