﻿<xml><article id="30092997" name="2023-01-12/9350779/SIGEPE_202554" idOficio="9350779" pubName="DO2" artType="Portaria" pubDate="13/01/2023" artClass="00015:00041:00034:00000:00000:00000:00000:00000:00000:00000:00017:00208" artCategory="Ministério da Economia/Secretaria Especial de Desburocratização, Gestão e Governo Digital/Secretaria de Gestão e Desempenho de Pessoal" artSize="12" artNotes="" numberPage="13" pdfPage="http://pesquisa.in.gov.br/imprensa/jsp/visualiza/index.jsp?data=13/01/2023&amp;jornal=529&amp;pagina=13" editionNumber="10" highlightType="" highlightPriority="" highlight="" highlightimage="" highlightimagename="" idMateria="20255455">
  <body>
    <Identifica><![CDATA[ Portaria SGP/ME nº 208, de 6 de Janeiro de 2023]]></Identifica>
    <Data><![CDATA[]]></Data>
    <Ementa />
    <Titulo />
    <SubTitulo />
    <Texto><![CDATA[<p class="identifica">Portaria SGP/ME nº 208, de 6 de Janeiro de 2023</p><p> O SECRETÁRIO DE GESTÃO E DESEMPENHO DE PESSOAL DA SECRETARIA ESPECIAL DE DESBUROCRATIZAÇÃO, GESTÃO E GOVERNO DIGITAL DO MINISTÉRIO DA ECONOMIA, no uso da competência delegada pela Portaria SEDGG/ME n.º 12.571, de 22 de outubro de 2021, tendo em vista o disposto no § 7º do art. 93 da Lei n.º 8.112, de 11 de dezembro de 1990, no art. 30 do Decreto n.º 10.835, de 14 de outubro de 2021, na Portaria n.º 8.471, de 26 de setembro 2022, e no processo n.º 19955.100024/2023-10, resolve:</p><p>Art. 1º Encerrar a alteração de exercício do empregado público Francisco Eriberto Vieira, matrícula nº 01078305, Auxiliar, do quadro de pessoal do Serviço Federal de Processamento de Dados - SERPRO, autorizado para composição da força de trabalho do Ministério da Economia - ME, atual Ministério do Trabalho e Previdência - MTP, movimentado pela Portaria de Pessoal SGP/SEDGG/ME Nº 2.433, de 16 de outubro de 2020, publicada no Diário Oficial da União - DOU, de 22 de outubro de 2020, seção 2, pág. 12.</p><p>Art. 2º Esta Portaria entra em vigor na data de sua publicação.</p><p class="assina">SERGIO EDUARDO ARBULU MENDONÇA</p>]]></Texto>
  </body>
  <Midias />
</article></xml>