﻿<xml><article id="30085972" name="DOU02_ATO_SEGEP_PR_003_2023" idOficio="9349526" pubName="DO2" artType="Ato" pubDate="13/01/2023" artClass="00047:00061:00001:00000:00000:00000:00000:00000:00000:00000:00001:00002" artCategory="Poder Judiciário/Tribunal Regional do Trabalho da 20ª Região/Presidência" artSize="12" artNotes="" numberPage="55" pdfPage="http://pesquisa.in.gov.br/imprensa/jsp/visualiza/index.jsp?data=13/01/2023&amp;jornal=529&amp;pagina=55" editionNumber="10" highlightType="" highlightPriority="" highlight="" highlightimage="" highlightimagename="" idMateria="20253682">
  <body>
    <Identifica><![CDATA[ ATO SEGEP.PR Nº 3, DE 12 DE JANEIRO 2023]]></Identifica>
    <Data><![CDATA[]]></Data>
    <Ementa />
    <Titulo />
    <SubTitulo />
    <Texto><![CDATA[<p class="identifica">ATO SEGEP.PR Nº 3, DE 12 DE JANEIRO 2023</p><p>O DESEMBARGADOR PRESIDENTE DO TRIBUNAL REGIONAL DO TRABALHO DA 20ª REGIÃO, no uso de suas atribuições legais e regimentais, considerando o contido no PROAD Nº 126/2023, resolve:</p><p>1. Nomear a Bacharela em Direito LUCIANA VASCONCELOS DE ABREU LIMA, Técnico Judiciário - Área Administrativa do Quadro Permanente de Pessoal da Secretaria deste Tribunal, para exercer o cargo em comissão de ASSESSORA (CJ-2) DO GABINETE DO EXMO. DESEMBARGADOR JOSÉ AUGUSTO DO NASCIMENTO.</p><p>2. Este Ato entra em vigor na data de sua publicação no Diário Oficial da União.</p><p class="assina">JOSÉ AUGUSTO DO NASCIMENTO</p>]]></Texto>
  </body>
  <Midias />
</article></xml>