﻿<xml><article id="30087706" name="Port-40-2023-DPM-TRRM.086.111.01" idOficio="9349897" pubName="DO2" artType="Portaria" pubDate="13/01/2023" artClass="00013:00012:00027:00008:00000:00000:00000:00000:00000:00000:00017:00002" artCategory="Ministério da Defesa/Comando da Marinha/Diretoria-Geral do Pessoal/Diretoria do Pessoal Militar" artSize="12" artNotes="" numberPage="9" pdfPage="http://pesquisa.in.gov.br/imprensa/jsp/visualiza/index.jsp?data=13/01/2023&amp;jornal=529&amp;pagina=9" editionNumber="10" highlightType="" highlightPriority="" highlight="" highlightimage="" highlightimagename="" idMateria="20254121">
  <body>
    <Identifica><![CDATA[ PORTARIA Nº  40/DPM, DE 12 DE JANEIRO DE 2023]]></Identifica>
    <Data><![CDATA[]]></Data>
    <Ementa />
    <Titulo />
    <SubTitulo />
    <Texto><![CDATA[<p class="identifica">PORTARIA Nº 40/DPM, DE 12 DE JANEIRO DE 2023</p><p>O DIRETOR DO PESSOAL DA MARINHA, no uso da subdelegação de competência que lhe confere o contido na alínea c, do inciso V, do art. 1°, do anexo B, da Portaria n° 35/2022, da DGPM e nos termos do disposto no inciso IV, do art. 81, da Lei n° 6.880/1980, resolve:</p><p>Art. 1° Agregar aos respectivos Corpos e Quadros, a partir das datas acima de seus nomes, os Oficiais abaixo relacionados, por terem solicitado Transferência para a Reserva Remunerada:</p><p>I - A partir de 19DEZ2022:</p><p>CMG 86.5944.43 MARCOS TAYLOR FONTES; e</p><p>CMG (T) 85.2615.99 JOSÉ ANTONIO GOMES DA SILVA.</p><p>II - A partir de 20DEZ2022:</p><p>CMG 86.1779.15 MAURICIO MORGADO PEDROSA.</p><p>III - A partir de 22DEZ2022:</p><p>CC (AA) 85.8606.38 ISRAEL DE OLIVEIRA ARAÚJO.</p><p>IV - A partir de 03JAN2023:</p><p>CMG (IM) 87.0335.26 MARIA LUIZA GARCIA MONTEIRO.</p><p>IV - A partir de 04JAN2023:</p><p>CF (T) 86.5788.63 FRANCISCO JOSÉ MARTINS CAVALCANTE;</p><p>CF (T) 86.7508.01 ANDRÉ TEIXEIRA DE SOUSA; e</p><p>CC (AA) 86.7970.69 GERSON GARCIA DE CARVALHO.</p><p>Art. 2° Alterar, a partir de 19DEZ2022, os termos da agregação ao respectivo Corpo e Quadro do CMG (IM) 86.6335.11 JOSÉ PAULO BRANDÃO FRANCA, anteriormente agregado nos termos do disposto no inciso II, do art. 81 da Lei nº 6.880/1980, para considerá-lo agregado por ter solicitado Transferência para a Reserva Remunerada.</p><p>Art. 3° Retroagir, para efeitos administrativos, conforme descrito nos artigos anteriores.</p><p>Art. 4° Esta Portaria entra em vigor na presente data.</p><p class="assina">V. Alte HENRIQUE RENATO BAPTISTA DE SOUZA</p><p></p>]]></Texto>
  </body>
  <Midias />
</article></xml>