﻿<xml><article id="30082238" name="Portaria 36" idOficio="9348804" pubName="DO2" artType="Portaria" pubDate="13/01/2023" artClass="00018:00071:00029:00047:00000:00000:00000:00000:00000:00000:00017:00000" artCategory="Ministério da Educação/Instituto Federal de Educação, Ciência e Tecnologia de Roraima/Diretoria de Gestão de Pessoas/Coordenação de Cadastro" artSize="12" artNotes="" numberPage="23" pdfPage="http://pesquisa.in.gov.br/imprensa/jsp/visualiza/index.jsp?data=13/01/2023&amp;jornal=529&amp;pagina=23" editionNumber="10" highlightType="" highlightPriority="" highlight="" highlightimage="" highlightimagename="" idMateria="20252735">
  <body>
    <Identifica><![CDATA[ PORTARIA Nº 36/GAB/IFRR, de 9 DE JANEIRO DE 2023]]></Identifica>
    <Data><![CDATA[]]></Data>
    <Ementa />
    <Titulo />
    <SubTitulo />
    <Texto><![CDATA[<p></p><p class="identifica">PORTARIA Nº 36/GAB/IFRR, de 9 DE JANEIRO DE 2023</p><p>A REITORA DO INSTITUTO FEDERAL DE EDUCAÇÃO, CIÊNCIA E TECNOLOGIA DE RORAIMA, no uso das atribuições legais que lhe são conferidas pelo Decreto Presidencial de 16 de dezembro de 2020, publicado no Diário Oficial da União de 17 de dezembro de 2020, Seção 2, resolve:</p><p>Art. 1.º Retificar a PORTARIA 1978/2022 - GAB/IFRR, de 23/12/2022-, referente a Dispensa e designação de substituto fixo:</p><p>Onde se lê:</p><p>[...]</p><p>Art. 1.º Dispensar a servidora THALLITA ATHENA DE SOUZA NOGUEIRA, ocupante do cargo efetivo de Assistente em Administração, Matrícula no SIAPE n.º 1792662, da função de Substituto Fixo do cargo de Diretora do Departamento de Governança e Gestão de Riscos - DEGOV, código CD-04, subordinado ao Gabinete da Reitoria, a contar de 23 de dezembro de 2022.</p><p>Leia-se:</p><p>[...]</p><p>Art. 1.º Exonerar a servidora THALLITA ATHENA DE SOUZA NOGUEIRA, ocupante do cargo efetivo de Assistente em Administração, Matrícula no SIAPE n.º 1792662, da função de Substituto Fixo do cargo de Diretora do Departamento de Governança e Gestão de Riscos - DEGOV, código CD-04, subordinado ao Gabinete da Reitoria, a contar de 23 de dezembro de 2022.</p><p>Onde se lê:</p><p>[...]</p><p>Art. 2.º Designar a servidora JORGEHANNY BARROSO TOCANTINS, ocupante do cargo de Administradora, SIAPE n.º 1792758, para exercer a função de Substituta Fixa do cargo de Diretora do Departamento de Governança e Gestão de Riscos - DEGOV, código CD-04, subordinado ao Gabinete da Reitoria, a contar de 23 de dezembro de 2022.</p><p>Leia-se:</p><p>[...]</p><p>Art. 2.º Nomear a servidora JORGEHANNY BARROSO TOCANTINS, ocupante do cargo de Administradora, SIAPE n.º 1792758, para exercer a função de Substituta Fixa do cargo de Diretora do Departamento de Governança e Gestão de Riscos - DEGOV, código CD-04, subordinado ao Gabinete da Reitoria, a contar de 23 de dezembro de 2022.</p><p>Art. 2.º Determinar que a Diretoria de Gestão de Pessoas adote as providências cabíveis à aplicação da presente portaria.</p><p>Art. 3.º Esta portaria entra em vigor na data de sua publicação.</p><p class="assina">NILRA JANE FILGUEIRA BEZERRA</p><p></p>]]></Texto>
  </body>
  <Midias />
</article></xml>