﻿<xml><article id="30086294" name="PORTARIA NA 040_2023 -Nomeia_ RO" idOficio="9349621" pubName="DO2" artType="Portaria" pubDate="13/01/2023" artClass="00018:00149:00000:00000:00000:00000:00000:00000:00000:00000:00017:00040" artCategory="Ministério da Educação/Fundação Universidade Federal de Sergipe" artSize="12" artNotes="" numberPage="36" pdfPage="http://pesquisa.in.gov.br/imprensa/jsp/visualiza/index.jsp?data=13/01/2023&amp;jornal=529&amp;pagina=36" editionNumber="10" highlightType="" highlightPriority="" highlight="" highlightimage="" highlightimagename="" idMateria="20253739">
  <body>
    <Identifica><![CDATA[ PORTARIA Nº 40, de 10 DE JANEIRO DE 2023]]></Identifica>
    <Data><![CDATA[]]></Data>
    <Ementa />
    <Titulo />
    <SubTitulo />
    <Texto><![CDATA[<p class="identifica">PORTARIA Nº 40, de 10 DE JANEIRO DE 2023</p><p>O REITOR DA UNIVERSIDADE FEDERAL DE SERGIPE, no uso de suas atribuições legais e considerando: o disposto nos artigos 9º, inciso I, e 10 da Lei 8.112 de 11/12/1990; o disposto no Decreto nº 7.485, de 18/05/2011, alterado pelo Decreto nº 8.259 da Presidência da República, de 29/05/2014 e na Portaria Interministerial MEC/ME nº. 9.359, de 10/08/2021, publicada no D.O.U. de 12/08/2021; o disposto na Lei nº 12.772, de 28/12/2012, alterada pela Lei nº 12.863, de 24/09/2013; o que consta no Processo nº. 23113.010005/2022-64; resolve:</p><p>Art. 1º - Nomear, em caráter efetivo, ROSE MOREIRA DE MIRANDA, para exercer o cargo de Professor Adjunto-A, nível 1, em regime de trabalho de Dedicação Exclusiva, em virtude de habilitação em Concurso Público de Provas e Títulos, objeto do Edital nº 006/2022, publicado no D.O.U. de 16/03/2022, homologado através da Portaria nº 861, de 05/08/2022, publicada no D.O.U. de 11/08/2022, seção 1, página 56, código de vaga nº 0933379.</p><p>Art. 2º - De acordo com o item 19.7 do edital de abertura, o candidato terá até 20 (vinte) dias, após a data da publicação desta Portaria de nomeação no Diário Oficial da União, para apresentar, à Pró-Reitoria de Gestão de Pessoas, os títulos exigidos em conformidade com o edital do concurso, para comprovação de atendimento às exigências editalícias.</p><p>Art. 3º - O servidor será lotado no Departamento Museologia/Campus de Laranjeiras e terá o prazo de 30 (trinta) dias para tomar posse, contados a partir da publicação desta Portaria no Diário Oficial da União.</p><p>Art. 4º - Esta PORTARIA entrará em vigor na data de sua publicação no Diário Oficial da União.</p><p class="assina">VALTER JOVINIANO DE SANTANA FILHO</p>]]></Texto>
  </body>
  <Midias />
</article></xml>