﻿<xml><article id="30079865" name="VACANCIA MARIA LUIZA LEAL FAILAC" idOficio="9348395" pubName="DO2" artType="Portaria" pubDate="13/01/2023" artClass="00047:00042:00001:00001:00000:00000:00000:00000:00000:00000:00017:00000" artCategory="Poder Judiciário/Tribunal Regional do Trabalho da 1ª Região/Presidência/Gabinete da Presidência" artSize="12" artNotes="" numberPage="54" pdfPage="http://pesquisa.in.gov.br/imprensa/jsp/visualiza/index.jsp?data=13/01/2023&amp;jornal=529&amp;pagina=54" editionNumber="10" highlightType="" highlightPriority="" highlight="" highlightimage="" highlightimagename="" idMateria="20252257">
  <body>
    <Identifica><![CDATA[ PORTARIA Nº 1.649 - SGP, DE 16 de dezembro de 2022 ]]></Identifica>
    <Data><![CDATA[]]></Data>
    <Ementa />
    <Titulo />
    <SubTitulo />
    <Texto><![CDATA[<p class="identifica">PORTARIA Nº 1.649 - SGP, DE 16 de dezembro de 2022</p><p>A PRESIDENTE DO TRIBUNAL REGIONAL DO TRABALHO DA PRIMEIRA REGIÃO, no uso de suas atribuições legais e regimentais, e tendo em vista o contido no Processo PROAD nº 29309/2022, resolve:</p><p>Declarar vago o cargo efetivo de Técnico Judiciário - Área Administrativa, Classe C, Padrão 13, do Quadro Permanente de Pessoal do Tribunal Regional do Trabalho da Primeira Região, ocupado pela servidora MARIA LUIZA LEAL FAILACE, na forma do artigo 33, inciso IX, da Lei nº 8.112/90, com efeitos a contar de 15 de dezembro de 2022.</p><p class="assina">EDITH TOURINHO</p>]]></Texto>
  </body>
  <Midias />
</article></xml>