﻿<xml><article id="30085369" name="DOU2-PGR-PGR-1-PT-27-UNI-PGR-000" idOficio="9349467" pubName="DO2" artType="Portaria" pubDate="13/01/2023" artClass="00043:00002:00000:00000:00000:00000:00000:00000:00000:00000:00017:00027" artCategory="Ministério Público da União/Atos do Procurador-Geral da República" artSize="12" artNotes="" numberPage="44" pdfPage="http://pesquisa.in.gov.br/imprensa/jsp/visualiza/index.jsp?data=13/01/2023&amp;jornal=529&amp;pagina=44" editionNumber="10" highlightType="" highlightPriority="" highlight="" highlightimage="" highlightimagename="" idMateria="20253526">
  <body>
    <Identifica><![CDATA[ PORTARIA PGR/MPF Nº 27, DE 12 DE JANEIRO DE 2023]]></Identifica>
    <Data><![CDATA[]]></Data>
    <Ementa />
    <Titulo />
    <SubTitulo />
    <Texto><![CDATA[<p class="identifica">PORTARIA PGR/MPF Nº 27, DE 12 DE JANEIRO DE 2023</p><p>O PROCURADOR-GERAL DA REPÚBLICA, no uso de suas atribuições, com fundamento no art. 49, incisos XX e XXII, da Lei Complementar nº 75, de 20 de maio de 1993, considerando o previsto no art. 24 do Ato Conjunto PGR/CASMPU nº 1/2014, e tendo em vista o contido no Ofício nº 78/2023 - GABPC, de 11 de janeiro de 2023, resolve:</p><p>Art. 1º A Portaria PGR/MPF nº 21, de 10 de janeiro de 2023, passa a vigorar com as seguintes alterações:</p><p>"Art. 1º ..................................................</p><p>..................................................</p><p>XCI - ANNA CAROLINA RESENDE MAIA GARCIA;</p><p>XCII - ANSELMO HENRIQUE CORDEIRO LOPES;</p><p>XCIII - CAIO VAEZ DIAS;</p><p>XCIV - CARLOS HENRIQUE MARTINS LIMA;</p><p>XCV - FREDERICK LUSTOSA DE MELO;</p><p>XCVI - HELIO FERREIRA HERINGER JUNIOR;</p><p>XCVII - IGOR NERY FIGUEIREDO;</p><p>XCVIII - JOAO GABRIEL MORAIS DE QUEIROZ;</p><p>XCIX - LUCIANA LOUREIRO OLIVEIRA;</p><p>C - MARCUS MARCELUS GONZAGA GOULART;</p><p>CI - MELINA CASTRO MONTOYA FLORES;</p><p>CII - MIRELLA DE CARVALHO AGUIAR;</p><p>CIII - PAULO JOSE ROCHA JUNIOR;</p><p>CIV - PAULO ROBERTO GALVAO DE CARVALHO;</p><p>CV - PETERSON DE PAULA PEREIRA." (NR)</p><p>Art. 2º Esta portaria entra em vigor a partir de 12 de janeiro de 2023.</p><p class="assina">ANTÔNIO AUGUSTO BRANDÃO DE ARAS</p>]]></Texto>
  </body>
  <Midias />
</article></xml>