﻿<xml><article id="30092670" name="2 GM - Despacho Ministerial - Af" idOficio="9350747" pubName="DO2" artType="Despacho" pubDate="13/01/2023" artClass="00011:00001:00000:00000:00000:00000:00000:00000:00000:00000:00013:00003" artCategory="Ministério da Ciência, Tecnologia e Inovações/Gabinete do Ministro" artSize="12" artNotes="ok" numberPage="6" pdfPage="http://pesquisa.in.gov.br/imprensa/jsp/visualiza/index.jsp?data=13/01/2023&amp;jornal=529&amp;pagina=6" editionNumber="10" highlightType="" highlightPriority="" highlight="" highlightimage="" highlightimagename="" idMateria="20255388">
  <body>
    <Identifica><![CDATA[ DESPACHO MINISTERIAL]]></Identifica>
    <Data><![CDATA[]]></Data>
    <Ementa />
    <Titulo />
    <SubTitulo />
    <Texto><![CDATA[<p class="identifica">DESPACHO MINISTERIAL</p><p>Afastamento do País autorizado na forma do Decreto nº 1.387, de 07 de fevereiro de 1995:</p><p>JEAN PIERRE HENRY BALBAUD OMETTO, Pesquisador Titular do Instituto Nacional de Pesquisas Espaciais - INPE, para participar do Workshop "Amazonia at the Crossroads: Setting the Agenda for International Transdisciplinary Research of Consequence" e de reuniões de discussão do projeto "Understanding the carbon footprint of expanding Amazonian aquaculture", em Washington e Ithaca/EUA, de 15/01/2023 a 23/01/2023, trânsito incluído, com ônus limitado, conforme Processo nº 01340.010442/2022-90.</p><p class="assina">LUCIANA SANTOS</p><p class="cargo">Ministra de Estado</p>]]></Texto>
  </body>
  <Midias />
</article></xml>