﻿<xml><article id="30087408" name="PDRJ6 3" idOficio="9349875" pubName="DO2" artType="Portaria" pubDate="13/01/2023" artClass="00015:00045:00020:00000:00000:00000:00000:00000:00000:00000:00017:00000" artCategory="Ministério da Economia/Secretaria Especial da Receita Federal do Brasil/Delegacia da Receita Federal  de Julgamento" artSize="12" artNotes="" numberPage="18" pdfPage="http://pesquisa.in.gov.br/imprensa/jsp/visualiza/index.jsp?data=13/01/2023&amp;jornal=529&amp;pagina=18" editionNumber="10" highlightType="" highlightPriority="" highlight="" highlightimage="" highlightimagename="" idMateria="20254067">
  <body>
    <Identifica><![CDATA[ PORTARIA DE PESSOAL DRJ06 Nº 3, DE 12 DE JANEIRO DE 2023]]></Identifica>
    <Data><![CDATA[]]></Data>
    <Ementa />
    <Titulo />
    <SubTitulo />
    <Texto><![CDATA[<p class="identifica">PORTARIA DE PESSOAL DRJ06 Nº 3, DE 12 DE JANEIRO DE 2023</p><p>A DELEGADA SUBSTITUTA DA DELEGACIA DE JULGAMENTO DA RECEITA FEDERAL DO BRASIL 06, no uso da atribuição que lhe confere o inciso II do art. 362 do Regimento Interno da Secretaria da Receita Federal do Brasil, aprovado pela Portaria ME nº 284, de 27 de julho de 2020, publicada no DOU de 27 de julho de 2020, resolve:</p><p>Designar GEOVANA DE MOURA MUNIZ, AFRFB, Siapecad 19.748, em exercício na Primeira Turma, julgadora 'ad hoc' na Sexta Turma, na sessão do dia 25 de janeiro de 2023.</p><p class="assina">HELOÍSA DE MORAES SILVEIRA</p>]]></Texto>
  </body>
  <Midias />
</article></xml>