﻿<xml><article id="30086399" name="ATO Portaria PresidAncia NA 6" idOficio="9349670" pubName="DO2" artType="Portaria" pubDate="13/01/2023" artClass="00047:00020:00001:00000:00000:00000:00000:00000:00000:00000:00017:00000" artCategory="Poder Judiciário/Tribunal Regional Eleitoral do Distrito Federal/Presidência" artSize="12" artNotes="" numberPage="51" pdfPage="http://pesquisa.in.gov.br/imprensa/jsp/visualiza/index.jsp?data=13/01/2023&amp;jornal=529&amp;pagina=51" editionNumber="10" highlightType="" highlightPriority="" highlight="" highlightimage="" highlightimagename="" idMateria="20253781">
  <body>
    <Identifica><![CDATA[ Portaria Nº 6, DE 11 DE JANEIRO DE 2023]]></Identifica>
    <Data><![CDATA[]]></Data>
    <Ementa />
    <Titulo />
    <SubTitulo />
    <Texto><![CDATA[<p class="identifica">Portaria Nº 6, DE 11 DE JANEIRO DE 2023</p><p>O PRESIDENTE DO TRIBUNAL REGIONAL ELEITORAL DO DISTRITO FEDERAL, no uso de suas atribuições legais e o que consta do Procedimento Administrativo nº 0012193-27.2022.6.07.8100, resolve:</p><p>Designar o servidor JOAO PEDRO KOERICH, Técnico Judiciário, Área Administrativa, do Quadro de Pessoal permanente deste Tribunal, para exercer a função comissionada de Assistente II da Seção de Apoio ao Usuário da Coordenadoria de Infraestrutura da Secretaria de Tecnologia da Informação e Comunicação, código FC-2.</p><p class="assina">Des. ROBERVAL CASEMIRO BELINATI</p>]]></Texto>
  </body>
  <Midias />
</article></xml>