﻿<xml><article id="30089047" name="Portaria-46-2023" idOficio="9350183" pubName="DO2" artType="Portaria" pubDate="13/01/2023" artClass="00047:00045:00001:00000:00000:00000:00000:00000:00000:00000:00017:00006" artCategory="Poder Judiciário/Tribunal Regional do Trabalho da 4ª Região/Presidência/Diretoria-Geral de Coordenação Administrativa" artSize="12" artNotes="" numberPage="54" pdfPage="http://pesquisa.in.gov.br/imprensa/jsp/visualiza/index.jsp?data=13/01/2023&amp;jornal=529&amp;pagina=54" editionNumber="10" highlightType="" highlightPriority="" highlight="" highlightimage="" highlightimagename="" idMateria="20254492">
  <body>
    <Identifica><![CDATA[ PORTARIA nº 46, de 11 de janeiro de 2023]]></Identifica>
    <Data><![CDATA[]]></Data>
    <Ementa />
    <Titulo />
    <SubTitulo />
    <Texto><![CDATA[<p class="identifica">PORTARIA nº 46, de 11 de janeiro de 2023</p><p>O VICE-PRESIDENTE DO TRIBUNAL REGIONAL DO TRABALHO DA 4ª REGIÃO, no exercício da Presidência, no uso de suas atribuições, e considerando o que consta no Processo Administrativo nº 7848/2022 (PROAD), resolve:</p><p>Nomear a seguinte candidata aprovada em concurso público, de acordo com os artigos 9º, inciso I, e 10 da Lei nº 8.112/1990, para exercer, em caráter efetivo, o cargo da Carreira Judiciária de ANALISTA JUDICIÁRIO, ÁREA JUDICIÁRIA, CLASSE A, PADRÃO 01, Nível Superior, do Quadro Permanente de Pessoal deste Tribunal:</p><p>MÁRCIA REGINA BORBA DOS SANTOS XAVIER, em vaga decorrente da posse em outro cargo inacumulável de Yane Silva dos Santos, para Cachoeirinha.</p><p class="assina">RICARDO HOFMEISTER DE ALMEIDA MARTINS COSTA</p>]]></Texto>
  </body>
  <Midias />
</article></xml>