﻿<xml><article id="30093567" name="Portaria_IFSP_2023_148" idOficio="9350929" pubName="DO2" artType="Portaria" pubDate="13/01/2023" artClass="00018:00073:00044:00002:00003:00000:00000:00000:00000:00000:00017:00002" artCategory="Ministério da Educação/Instituto Federal de Educação, Ciência e Tecnologia de São Paulo/Pró-Reitoria de Administração/Diretoria Administrativa/Gerência de Recursos Humanos" artSize="12" artNotes="" numberPage="24" pdfPage="http://pesquisa.in.gov.br/imprensa/jsp/visualiza/index.jsp?data=13/01/2023&amp;jornal=529&amp;pagina=24" editionNumber="10" highlightType="" highlightPriority="" highlight="" highlightimage="" highlightimagename="" idMateria="20255633">
  <body>
    <Identifica><![CDATA[ PORTARIA Nº 148/IFSP, DE 11 DE JANEIRO DE 2023]]></Identifica>
    <Data><![CDATA[]]></Data>
    <Ementa />
    <Titulo />
    <SubTitulo />
    <Texto><![CDATA[<p class="identifica">PORTARIA Nº 148/IFSP, DE 11 DE JANEIRO DE 2023</p><p>O REITOR DO INSTITUTO FEDERAL DE EDUCAÇÃO, CIÊNCIA E TECNOLOGIA DE SÃO PAULO, no uso de suas atribuições legais, conferidas pelo Decreto de 5 de abril de 2021, publicado no Diário Oficial da União de 6 de abril de 2021, seção 2, página 1 e o que consta no Processo nº 23305.000415.2023-59, resolve:</p><p>Dispensar, a pedido, o servidor RODOLFO LIPORONI DIAS, ocupante do cargo de Professor de Ensino Básico Técnico e Tecnológico, SIAPE nº 105****, SIAPECAD nº 0235****, lotado(a) no(a) Diretoria Geral do Câmpus Itaquaquecetuba, e em exercício no(a) Núcleo de Apoio às Pessoas com Necessidades Educacionais Específicas do Câmpus Itaquaquecetuba, da função de Função Gratificada, FG - 01, do(a) Núcleo de Apoio às Pessoas com Necessidades Educacionais Específicas do Câmpus Itaquaquecetuba. Efeitos a partir de 30 de dezembro de 2022.</p><p class="assina">Silmario Batista Dos Santos</p>]]></Texto>
  </body>
  <Midias />
</article></xml>