﻿<xml><article id="30091471" name="PORTARIA GPR 40" idOficio="9350590" pubName="DO2" artType="Portaria" pubDate="13/01/2023" artClass="00047:00041:00002:00000:00000:00000:00000:00000:00000:00000:00017:00040" artCategory="Poder Judiciário/Tribunal de Justiça do Distrito Federal e dos Territórios/Presidência" artSize="12" artNotes="" numberPage="52" pdfPage="http://pesquisa.in.gov.br/imprensa/jsp/visualiza/index.jsp?data=13/01/2023&amp;jornal=529&amp;pagina=52" editionNumber="10" highlightType="" highlightPriority="" highlight="" highlightimage="" highlightimagename="" idMateria="20255127">
  <body>
    <Identifica><![CDATA[ PORTARIA GPR Nº 40, DE 9 DE JANEIRO DE 2023]]></Identifica>
    <Data><![CDATA[]]></Data>
    <Ementa />
    <Titulo />
    <SubTitulo />
    <Texto><![CDATA[<p class="identifica">PORTARIA GPR Nº 40, DE 9 DE JANEIRO DE 2023</p><p>O PRESIDENTE DO TRIBUNAL DE JUSTIÇA DO DISTRITO FEDERAL E DOS TERRITÓRIOS, no uso de sua competência legal e tendo em vista o contido no Processo Administrativo 1000441/2023, resolve:</p><p>Art. 1º Designar RAFAEL FREITAS CERVO, matrícula 318.325, Analista Judiciário, Área Administrativa, do Quadro de Pessoal deste Tribunal, para substituir o titular da Função Comissionada, FC-05, de Supervisor do Núcleo de Registro Funcional de Pessoal Cedido, Afastado, Desligado e de Benefícios, nos seus impedimentos legais e eventuais.</p><p>Art. 2º Esta Portaria entra em vigor na data de sua publicação.</p><p class="assina">Des. CRUZ MACEDO</p>]]></Texto>
  </body>
  <Midias />
</article></xml>