﻿<xml><article id="30089156" name="DOU2-PGR-PGR-1-PT-9-UNI-PGR-0000" idOficio="9350204" pubName="DO2" artType="Portaria" pubDate="13/01/2023" artClass="00043:00002:00000:00000:00000:00000:00000:00000:00000:00000:00017:00009" artCategory="Ministério Público da União/Atos do Procurador-Geral da República" artSize="12" artNotes="" numberPage="44" pdfPage="http://pesquisa.in.gov.br/imprensa/jsp/visualiza/index.jsp?data=13/01/2023&amp;jornal=529&amp;pagina=44" editionNumber="10" highlightType="" highlightPriority="" highlight="" highlightimage="" highlightimagename="" idMateria="20254524">
  <body>
    <Identifica><![CDATA[ PORTARIA PGR/MPF Nº 9, DE 12 DE JANEIRO DE 2023]]></Identifica>
    <Data><![CDATA[]]></Data>
    <Ementa />
    <Titulo />
    <SubTitulo />
    <Texto><![CDATA[<p class="identifica">PORTARIA PGR/MPF Nº 9, DE 12 DE JANEIRO DE 2023</p><p>O PROCURADOR-GERAL DA REPÚBLICA, no uso de suas atribuições, com fundamento no art. 204, § 2º, da Lei Complementar nº 75, de 20 de maio de 1993, e tendo em vista a manifestação favorável da Conselheira Relatora no PGEA nº 1.00.001.000193/2022-57, ad referendum do Plenário, resolve:</p><p>Art. 1º Autorizar o afastamento do país do Procurador da República LEONARDO GONÇALVES JUZINSKAS, mantida sua atuação funcional integral no 4º Ofício da Procuradoria da República em São João de Meriti/RJ, de que é titular, por meio de trabalho remoto, no período de 16 de janeiro a 10 de fevereiro de 2022, para frequentar o curso de pós-graduação na Università di Pisa facoltà di giurisprudenza, em Pisa/Itália e participar de conferência sobre o combate à corrupção em perspectiva comparada: Brasil e UK na escola de direito da King's College London, em Londres/Inglaterra.</p><p>Art. 2º Esta portaria entra em vigor na data de sua publicação.</p><p class="assina">ANTÔNIO AUGUSTO BRANDÃO DE ARAS</p>]]></Texto>
  </body>
  <Midias />
</article></xml>