﻿<xml><article id="30083219" name="PENSAO VIRGINIA" idOficio="9349041" pubName="DO2" artType="Portaria" pubDate="13/01/2023" artClass="00014:00043:00014:00000:00000:00000:00000:00000:00000:00000:00017:00000" artCategory="Ministério do Desenvolvimento Regional/Departamento Nacional de Obras Contra as Secas/Coordenadoria Estadual no Ceará" artSize="12" artNotes="" numberPage="12" pdfPage="http://pesquisa.in.gov.br/imprensa/jsp/visualiza/index.jsp?data=13/01/2023&amp;jornal=529&amp;pagina=12" editionNumber="10" highlightType="" highlightPriority="" highlight="" highlightimage="" highlightimagename="" idMateria="20253043">
  <body>
    <Identifica><![CDATA[ PORTARIAS DE 11 DE JANEIRO DE 2023]]></Identifica>
    <Data><![CDATA[]]></Data>
    <Ementa />
    <Titulo />
    <SubTitulo />
    <Texto><![CDATA[<p class="identifica">PORTARIAS DE 11 DE JANEIRO DE 2023</p><p>O COORDENADOR ESTADUAL DO DEPARTAMENTO NACIONAL DE OBRAS CONTRA AS SECAS NO CEARÁ, no uso da competência que lhe foi atribuída pela Portaria nº 402/DG/DA/CRH, de 30 de agosto de 2013, publicada no Boletim Administrativo, Edição Extra, de mesma data, e tendo em vista o que consta do Processo nº 59402.000021/2023-40, resolve:</p><p>Nº 2 - Art. 1º Conceder pensão à VIRGINIA MARIA DOS SANTOS, na qualidade de cônjuge do ex-servidor JOSÉ UNIAS DOS SANTOS, ocupante do cargo Agente de Atividades Agropecuárias, código 481014, matrícula Siape 738978, do quadro de pessoal desta Coordenadoria Estadual, falecido 29 de novembro de 2022, aposentado, com fundamento no inciso I, art. 3º da Portaria SGP/SEDGG/ME Nº 4645, de 24 de maio de 2022, c/c o art. 217 da Lei nº 8.112, de 11 de dezembro de 1990, e art. 23 da Emenda Constitucional nº 103, de 12 de novembro de 2019.</p><p>Art. 2º Os efeitos desta Portaria entram em vigor em 29 de novembro de 2022, data do óbito do servidor.</p><p>O COORDENADOR ESTADUAL DO DEPARTAMENTO NACIONAL DE OBRAS CONTRA AS SECAS NO CEARÁ, no uso da competência que lhe foi atribuída pela Portaria nº 402/DG/DA/CRH, de 30 de agosto de 2013, publicada no Boletim Administrativo, Edição Extra, de mesma data, e tendo em vista o que consta do Processo nº 59402.000058/2023-78, resolve:</p><p>Nº 3 - Art. 1º Conceder pensão à MARIA DAS DORES PRUDENTE MOURA, na qualidade de cônjuge do ex-servidor FRANCISCO GONTRAN PINHEIRO MOURA, ocupante do cargo Agente Administrativo código 481004, matrícula Siape 731649, do quadro de pessoal desta Coordenadoria Estadual, falecido aposentado, em 11 de Dezembro de 2022, com fundamento no inciso I, art. 3º da Portaria SGP/SEDGG/ME Nº 4645, de 24 de maio de 2022, c/c o art. 217 da Lei nº 8.112, de 11 de dezembro de 1990, e art. 23 da Emenda Constitucional nº 103, de 12 de novembro de 2019.</p><p>Art. 2º Os efeitos desta Portaria entram em vigor em 11 de Dezembro de 2022, data do óbito do servidor.</p><p class="assina">ANTONIO JOSÉ PORTO MOTA</p>]]></Texto>
  </body>
  <Midias />
</article></xml>