﻿<xml><article id="30085831" name="02- DESPACHO DE CANCELAMENTO - E" idOficio="9349535" pubName="DO2" artType="Despacho" pubDate="13/01/2023" artClass="00028:00001:00000:00000:00000:00000:00000:00000:00000:00000:00013:00004" artCategory="Ministério do Turismo/Gabinete do Ministro" artSize="12" artNotes="" numberPage="43" pdfPage="http://pesquisa.in.gov.br/imprensa/jsp/visualiza/index.jsp?data=13/01/2023&amp;jornal=529&amp;pagina=43" editionNumber="10" highlightType="" highlightPriority="" highlight="" highlightimage="" highlightimagename="" idMateria="20253650">
  <body>
    <Identifica><![CDATA[ DESPACHO DA MINISTRA DE  12 de janeiro de 2023]]></Identifica>
    <Data><![CDATA[]]></Data>
    <Ementa />
    <Titulo />
    <SubTitulo />
    <Texto><![CDATA[<p class="identifica">DESPACHO DA MINISTRA DE 12 de janeiro de 2023</p><p>A MINISTRA DE ESTADO DO TURISMO, no uso de suas atribuições e tendo em vista o disposto no artigo 2º do Decreto nº 1.387, de 7 de fevereiro de 1995, resolve cancelar o afastamento do país da servidora ELAINE MACHADO DE CARVALHO AMARAL, Coordenadora-Geral, código CCE 1.13, de Cerimonial, publicado no Diário Oficial da União de 12 de janeiro de 2023, seção 2, página 44 (72031.000343/2023-12).</p><p class="assina">DANIELA CARNEIRO</p>]]></Texto>
  </body>
  <Midias />
</article></xml>