﻿<xml><article id="30085348" name="DOU2-SGMPF-PGR-3-PT-1000-UNI-PGR" idOficio="9349467" pubName="DO2" artType="Portaria" pubDate="13/01/2023" artClass="00043:00010:00006:00000:00000:00000:00000:00000:00000:00000:00017:01000" artCategory="Ministério Público da União/Ministério Público Federal/Secretaria-Geral" artSize="12" artNotes="" numberPage="44" pdfPage="http://pesquisa.in.gov.br/imprensa/jsp/visualiza/index.jsp?data=13/01/2023&amp;jornal=529&amp;pagina=44" editionNumber="10" highlightType="" highlightPriority="" highlight="" highlightimage="" highlightimagename="" idMateria="20253528">
  <body>
    <Identifica><![CDATA[ PORTARIA SG/MPF Nº 1.000, DE 28 DE DEZEMBRO DE 2022]]></Identifica>
    <Data><![CDATA[]]></Data>
    <Ementa />
    <Titulo />
    <SubTitulo />
    <Texto><![CDATA[<p class="identifica">PORTARIA SG/MPF Nº 1.000, DE 28 DE DEZEMBRO DE 2022</p><p>O SECRETÁRIO EXECUTIVO DA SECRETARIA-GERAL DO MINISTÉRIO PÚBLICO FEDERAL, no uso da competência que lhe foi atribuída pelo artigo 6º - inciso XXXII do Regimento Interno Administrativo do MPF, aprovado pela Portaria PGR/MPF nº 382, de 5 de maio de 2015, e pelo artigo 3º - inciso IV da Portaria SG/MPF nº 499, de 15 de julho de 2022, tendo em vista o disposto nos artigos 9º - inciso II e 35 - inciso I da Lei nº 8.112, de 11 de dezembro de 1990, e no expediente PGR-00526335/2022, resolve:</p><p>1. Exonerar DANIEL PEREIRA DE OLIVEIRA, ocupante do cargo de Técnico do MPU/Administração, matrícula nº 20043, do cargo em comissão de Assessor-Chefe Nível V, CC-5, do Gabinete do Subprocurador-Geral da República Francisco de Assis Vieira Sanseverino.</p><p>2. Exonerar ANNA PAULA SILVEIRA E SILVEIRA, ocupante do cargo de Analista do MPU/Direito, matrícula nº 20871, do cargo em comissão de Assessora Nível V, CC-5, do Gabinete do Subprocurador-Geral da República Francisco de Assis Vieira Sanseverino.</p><p>3. Nomear ANNA PAULA SILVEIRA E SILVEIRA, ocupante do cargo de Analista do MPU/Direito, matrícula nº 20871, para exercer o cargo em comissão de Assessora-Chefe Nível V, CC-5, do Gabinete do Subprocurador-Geral da República Francisco de Assis Vieira Sanseverino.</p><p>4. Nomear DANIEL PEREIRA DE OLIVEIRA, Bacharel em Direito, ocupante do cargo de Técnico do MPU/Administração, matrícula nº 20043, para exercer o cargo em comissão de Assessor Nível V, CC-5, do Gabinete do Subprocurador-Geral da República Francisco de Assis Vieira Sanseverino.</p><p class="assina">CLEUBER DELANO JOSE LISBOA FILHO</p>]]></Texto>
  </body>
  <Midias />
</article></xml>