﻿<xml><article id="30091460" name="ATO Portaria GDG NA 10" idOficio="9350592" pubName="DO2" artType="Portaria" pubDate="13/01/2023" artClass="00047:00001:00008:00001:00000:00000:00000:00000:00000:00000:00017:00004" artCategory="Poder Judiciário/Supremo Tribunal Federal/Secretaria do Tribunal/Gabinete" artSize="12" artNotes="" numberPage="49" pdfPage="http://pesquisa.in.gov.br/imprensa/jsp/visualiza/index.jsp?data=13/01/2023&amp;jornal=529&amp;pagina=49" editionNumber="10" highlightType="" highlightPriority="" highlight="" highlightimage="" highlightimagename="" idMateria="20255132">
  <body>
    <Identifica><![CDATA[ Portaria GDG Nº 10, DE 11 DE janeiro DE 2023]]></Identifica>
    <Data><![CDATA[]]></Data>
    <Ementa />
    <Titulo />
    <SubTitulo />
    <Texto><![CDATA[<p class="identifica">Portaria GDG Nº 10, DE 11 DE janeiro DE 2023</p><p>O DIRETOR-GERAL DA SECRETARIA DO SUPREMO TRIBUNAL FEDERAL, no uso de suas atribuições e tendo em vista o art. 38, caput, da Lei nº 8.112, de 11 de dezembro de 1990, e o art. 28, IX, d, do Regulamento da Secretaria do Supremo Tribunal Federal, resolve:</p><p>Designar MILENA NEGRÃO DE MIRANDA, Analista Judiciário, área Judiciária, para exercer o encargo de substituta eventual da função comissionada de Gerente VI, nível FC-6, da Gerência do Banco de Precedentes e de Jurisprudência, no período de 16 a 17 de janeiro de 2023.</p><p class="assina">MIGUEL RICARDO DE OLIVEIRA PIAZZI</p>]]></Texto>
  </body>
  <Midias />
</article></xml>