﻿<xml><article id="30091233" name="PORTARIA DE PESSOAL PROGEPE-UFJF" idOficio="9350569" pubName="DO2" artType="Portaria" pubDate="13/01/2023" artClass="00018:00098:00057:00000:00000:00000:00000:00000:00000:00000:00017:00003" artCategory="Ministério da Educação/Universidade Federal de Juiz de Fora/Pró-Reitoria de Gestão de Pessoas" artSize="12" artNotes="" numberPage="29" pdfPage="http://pesquisa.in.gov.br/imprensa/jsp/visualiza/index.jsp?data=13/01/2023&amp;jornal=529&amp;pagina=29" editionNumber="10" highlightType="" highlightPriority="" highlight="" highlightimage="" highlightimagename="" idMateria="20255099">
  <body>
    <Identifica><![CDATA[ PORTARIA DE PESSOAL PROGEPE/UFJF Nº 37, DE 12 DE JANEIRO DE 2023]]></Identifica>
    <Data><![CDATA[]]></Data>
    <Ementa />
    <Titulo />
    <SubTitulo />
    <Texto><![CDATA[<p class="identifica">PORTARIA DE PESSOAL PROGEPE/UFJF Nº 37, DE 12 DE JANEIRO DE 2023</p><p>A PRÓ-REITORA DE GESTÃO DE PESSOAS DA UNIVERSIDADE FEDERAL DE JUIZ DE FORA, no uso de suas atribuições e de suas competências delegadas através da Portaria SEI/UFJF nº 282, de 05/03/2021, e</p><p>CONSIDERANDO o constante dos autos do processo nº 23071.900147/2023-68, resolve:</p><p>Art. 1º Retificar a Portaria/SEI nº 14, de 05/01/2023, publicada no Boletim de Serviço Eletrônico da UFJF em 10/01/2023, referente ao Art. 3º de dispensa, a pedido, da servidora TATIANA APARECIDA GOUVEIA, SIAPE 1770841, da função de COORDENADORA DO CURSO DE MATEMÁTICA INTEGRAL, do Instituto de Ciências Exatas, código FG-01, a partir de 03/01/2023, conforme OFÍCIO/SEI Nº 1/2023/COORD-CURSO-MATEMATICA-INTEGRA, Processo 23071.900251/2023-52. Onde se lê: "código FG-01", leia-se: "código FUC-01".</p><p>Art. 2º Retificar a Portaria/SEI nº 14, de 05/01/2023, publicada no Boletim de Serviço Eletrônico da UFJF em 10/01/2023, referente ao Art. 4º de designação da servidora CRISTIANE DE ANDRADE MENDES, SIAPE 2307065, para a função COORDENADORA DO CURSO DE MATEMÁTICA INTEGRAL, do Instituto de Ciências Exatas, código FG-01, a partir de 04/01/2023, conforme OFÍCIO/SEI Nº 1/2023/COORD-CURSO-MATEMATICA-INTEGRA, Processo 23071.900251/2023-52, convalidando os atos praticados do início do período até a publicação desta. Onde se lê: "código FG-01", leia-se: "código FUC-01".</p><p>Art. 3º Esta Portaria Administrativa entra em vigor na data de sua publicação no DOU.</p><p class="assina">RENATA MERCÊS OLIVEIRA DE FARIA</p>]]></Texto>
  </body>
  <Midias />
</article></xml>