﻿<xml><article id="30089741" name="Portaria de 12.01" idOficio="9350275" pubName="DO2" artType="Portaria" pubDate="13/01/2023" artClass="00018:00136:00001:00000:00000:00000:00000:00000:00000:00000:00017:00000" artCategory="Ministério da Educação/Fundação Universidade Federal da Grande Dourados/Reitoria" artSize="12" artNotes="" numberPage="35" pdfPage="http://pesquisa.in.gov.br/imprensa/jsp/visualiza/index.jsp?data=13/01/2023&amp;jornal=529&amp;pagina=35" editionNumber="10" highlightType="" highlightPriority="" highlight="" highlightimage="" highlightimagename="" idMateria="20254731">
  <body>
    <Identifica><![CDATA[ PORTARIA Nº 41, DE 12 DE JANEIRO DE 2023]]></Identifica>
    <Data><![CDATA[]]></Data>
    <Ementa />
    <Titulo />
    <SubTitulo />
    <Texto><![CDATA[<p class="identifica">PORTARIA Nº 41, DE 12 DE JANEIRO DE 2023</p><p>A VICE-REITORA DA FUNDAÇÃO UNIVERSIDADE FEDERAL DA GRANDE DOURADOS, no exercício do cargo de Reitora, no uso das atribuições legais conferidas pela Portaria n.º 445, de 1º de julho de 2022, publicada no DOU nº 124, de 4 de julho de 2022, seção 2, página 38 e pelo § 3º do art. 25 do Estatuto da UFGD, considerando a Portaria/MEC nº 204, de 6 de fevereiro de 2020, resolve:</p><p>Autorizar o afastamento do país, com ônus limitado, da servidora NAUK MARIA DE JESUS, Matrícula/SIAPE nº 1336897, Professora do Magistério Superior, no período de 25 de janeiro de 2023 a 25 de fevereiro de 2023, para desenvolvimento de pesquisa de pós-doutorado em arquivos e bibliotecas de Portugal, com acolhimento do Centro de História Além Mar (CHAM)/Universidade Nova de Lisboa), na cidade de Lisboa - Portugal, aprovado pela Instrução de Serviço/FCH nº 1, de 10 de janeiro de 2023. Processo nº 23005.000525/2023-03.</p><p class="assina">Cláudia Gonçalves de Lima</p>]]></Texto>
  </body>
  <Midias />
</article></xml>