﻿<xml><article id="30088720" name="PRT SE ME 355SE" idOficio="9350119" pubName="DO2" artType="Portaria" pubDate="13/01/2023" artClass="00015:00002:00000:00000:00000:00000:00000:00000:00000:00000:00013:00003" artCategory="Ministério da Economia/Secretaria Executiva" artSize="12" artNotes="" numberPage="13" pdfPage="http://pesquisa.in.gov.br/imprensa/jsp/visualiza/index.jsp?data=13/01/2023&amp;jornal=529&amp;pagina=13" editionNumber="10" highlightType="" highlightPriority="" highlight="" highlightimage="" highlightimagename="" idMateria="20254433">
  <body>
    <Identifica><![CDATA[ Portaria de Pessoal SE / MF Nº 355, DE 12 DE JANEIRO DE 2023]]></Identifica>
    <Data><![CDATA[]]></Data>
    <Ementa />
    <Titulo />
    <SubTitulo />
    <Texto><![CDATA[<p class="identifica">Portaria de Pessoal SE / MF Nº 355, DE 12 DE JANEIRO DE 2023</p><p>O SECRETÁRIO EXECUTIVO DO MINISTÉRIO DA FAZENDA, tendo em vista o disposto nos arts. 51 e 54 da Medida Provisória nº 1.154, de 1º de janeiro de 2023, e no uso da competência que lhe foi delegada pela Portaria GM/ME nº 7.081, de 09 de agosto de 2022, publicada no Diário Oficial da União de 10 de agosto de 2022, bem como o disposto no Processo SEI nº19954.100025/2023-66, resolve:</p><p>Art. 1º Designar a servidora CAMILA PORTO FASOLO, Especialista em Políticas Públicas e Gestão Governamental, matrícula SIAPE nº 1759197 e o servidor MARTIM RAMOS CAVALCANTI, Auditor Federal de Finanças e Controle, matrícula SIAPE nº 1338495, para nesta ordem, sucessivamente exercerem o encargo de substituto eventual do cargo em comissão de Secretário de Coordenação e Governança do Patrimônio da União, código DAS 101.6, da Secretaria de Coordenação e Governança do Patrimônio da União, da Secretaria Especial de Desestatização, Desinvestimento e Mercados do Ministério da Economia, nos afastamentos, impedimentos legais ou regulamentares do titular e na vacância do cargo.</p><p>Art. 2º Fica revogada a Portaria de Pessoal SEDDM/ME nº 9093, de 11 de agosto de 2021, publicada no D.O.U de 12 de agosto de 2021, seção 2, página 15.</p><p>Art. 3º Esta portaria entra em vigor na data de sua publicação.</p><p class="assina">GABRIEL MURICCA GALÍPOLO</p>]]></Texto>
  </body>
  <Midias />
</article></xml>