﻿<xml><article id="30087736" name="Secao 2 - PORTARIA 09 e 11" idOficio="9349923" pubName="DO2" artType="Portaria" pubDate="13/01/2023" artClass="00042:00001:00000:00000:00000:00000:00000:00000:00000:00000:00017:00000" artCategory="Conselho Nacional do Ministério Público/Presidência" artSize="12" artNotes="" numberPage="43" pdfPage="http://pesquisa.in.gov.br/imprensa/jsp/visualiza/index.jsp?data=13/01/2023&amp;jornal=529&amp;pagina=43" editionNumber="10" highlightType="" highlightPriority="" highlight="" highlightimage="" highlightimagename="" idMateria="20254130">
  <body>
    <Identifica><![CDATA[ PORTARIA CNMP-PRESI Nº  9, DE 10 DE JANEIRO DE 2023]]></Identifica>
    <Data><![CDATA[]]></Data>
    <Ementa />
    <Titulo />
    <SubTitulo />
    <Texto><![CDATA[<p class="identifica">PORTARIA CNMP-PRESI Nº 9, DE 10 DE JANEIRO DE 2023</p><p>O PRESIDENTE DO CONSELHO NACIONAL DO MINISTÉRIO PÚBLICO, no uso de suas atribuições, com fundamento no art. 12, XX e §§ 1º e 2º, do Regimento Interno do Conselho Nacional do Ministério Público, e considerando o que consta do Procedimento Administrativo nº 19.00.1000.0000355/2022-67, resolve:</p><p>Art. 1º Requisitar, a contar de 24 de janeiro de 2023, o Promotor de Justiça do Ministério Público do Estado de Goiás CHRISTIANO MOTA E SILVA, pelo período de 1 (um) ano, para atuar como membro auxiliar da Presidência do Conselho Nacional do Ministério Público, com prejuízo de suas atribuições no órgão de origem.</p><p>Art. 2º Esta Portaria entra em vigor na data de sua publicação.</p><p></p><p class="assina">ANTÔNIO AUGUSTO BRANDÃO DE ARAS</p><p class="identifica">PORTARIA CNMP-PRESI Nº 11, DE 11 DE JANEIRO DE 2023</p><p>O PRESIDENTE DO CONSELHO NACIONAL DO MINISTÉRIO PÚBLICO, no uso das atribuições que lhe confere o art. 130-A, § 2°, I, da Constituição Federal, e tendo em vista o art. 12, XII do Regimento Interno do Conselho Nacional do Ministério Público RICNMP, resolve:</p><p>Art. 1º Revogar a Portaria CNMP-PRESI nº 93 de 12 de junho de 2012, publicada no Diário Oficial da União, Seção 2, edição de 27 de junho de 2012.</p><p>Art. 2º Esta Portaria entra em vigor na data de sua publicação.</p><p></p><p class="assina">ANTÔNIO AUGUSTO BRANDÃO DE ARAS</p>]]></Texto>
  </body>
  <Midias />
</article></xml>