﻿<xml><article id="30085834" name="Portaria Centro 2023__0DBODB" idOficio="9349519" pubName="DO2" artType="Portaria" pubDate="13/01/2023" artClass="00018:00118:00006:00000:00000:00000:00000:00000:00000:00000:00017:00000" artCategory="Ministério da Educação/Universidade Federal de Santa Maria/Centro de Ciências Sociais e Humanas" artSize="12" artNotes="" numberPage="33" pdfPage="http://pesquisa.in.gov.br/imprensa/jsp/visualiza/index.jsp?data=13/01/2023&amp;jornal=529&amp;pagina=33" editionNumber="10" highlightType="" highlightPriority="" highlight="" highlightimage="" highlightimagename="" idMateria="20253633">
  <body>
    <Identifica><![CDATA[ PORTARIAS DE PESSOAL CCSH/UFSM DE 10 DE JANEIRO DE 2023]]></Identifica>
    <Data><![CDATA[]]></Data>
    <Ementa />
    <Titulo />
    <SubTitulo />
    <Texto><![CDATA[<p class="identifica">PORTARIAS DE PESSOAL CCSH/UFSM DE 10 DE JANEIRO DE 2023</p><p>A DIRETORA DO CENTRO DE CIÊNCIAS SOCIAIS E HUMANAS da Universidade Federal de Santa Maria, nomeada pela Portaria N. 2.182, de 27/12/2021, no uso de suas atribuições legais e estatutárias, em virtude da delegação de competência atribuída pelo Regime Geral da UFSM, artigos 66, inciso XVI e 73, inciso IV, e conforme processo n. 23081.003544/2023-71, resolve:</p><p>Nº 8-DISPENSAR Maurício Severo, Matrícula SIAPE 1572672, ocupante do cargo de Assistente em Administração, do Quadro Único de Pessoal da UFSM, da Função Gratificada de Secretário(a) da Divisão de Apoio Administrativo às Ciências da Comunicação, do Centro de Ciências Sociais e Humanas, Código FG3.014, para a qual foi designado pela Portaria N. 137/CCSH, de 19/05/2022.</p><p>II - Esta Portaria entra em vigor na data de sua publicação.</p><p>Nº 10-DISPENSAR Danier Maciel Felisberto, Matrícula SIAPE 2028778, ocupante do cargo de Auxiliar em Administração, do Quadro Único de Pessoal da UFSM, da Função Gratificada de Chefe da Subdivisão de Estágios do CCSH IV, do Centro de Ciências Sociais e Humanas, Código FG4.024, para a qual foi designado pela Portaria N. 138/CCSH, de 19/05/2022.</p><p>II - Esta Portaria entra em vigor na data de sua publicação.</p><p>Nº 11-DESIGNAR Danier Maciel Felisberto, Matrícula SIAPE 2028778, ocupante do cargo de Auxiliar em Administração, do Quadro Único de Pessoal da UFSM, para exercer a Função Gratificada de Secretário(a) da Divisão de Apoio Administrativo às Ciências da Comunicação, do Centro de Ciências Sociais e Humanas, Código FG3.014.</p><p>II - Mantém-se a lotação oficial.</p><p>III - Esta Portaria entra em vigor na data de sua publicação.</p><p>Nº 12-DESIGNAR Mieli Antunes Nogueira, Matrícula SIAPE 1958997, ocupante do cargo de Assistente em Administração, do Quadro Único de Pessoal da UFSM, para exercer a Função Gratificada de Chefe da Subdivisão de Estágios do CCSH IV, do Centro de Ciências Sociais e Humanas, Código FG4.024.</p><p>II - Mantém-se a lotação oficial.</p><p>III - Esta Portaria entra em vigor na data de sua publicação.</p><p class="assina">SHEILA KOCOUREK</p>]]></Texto>
  </body>
  <Midias />
</article></xml>