﻿<xml><article id="30082169" name="ATO 20-2022. Arquivo para o DOU" idOficio="9348814" pubName="DO2" artType="Ato" pubDate="13/01/2023" artClass="00047:00019:00001:00000:00000:00000:00000:00000:00000:00000:00001:00000" artCategory="Poder Judiciário/Tribunal Regional Eleitoral do Ceará/Presidência" artSize="12" artNotes="" numberPage="51" pdfPage="http://pesquisa.in.gov.br/imprensa/jsp/visualiza/index.jsp?data=13/01/2023&amp;jornal=529&amp;pagina=51" editionNumber="10" highlightType="" highlightPriority="" highlight="" highlightimage="" highlightimagename="" idMateria="20252681">
  <body>
    <Identifica><![CDATA[ ATO Nº 20, DE 9 de novembro de 2022]]></Identifica>
    <Data><![CDATA[]]></Data>
    <Ementa />
    <Titulo />
    <SubTitulo />
    <Texto><![CDATA[<p class="identifica">ATO Nº 20, DE 9 de novembro de 2022</p><p>O Desembargador Inacio de Alencar Cortez Neto, Presidente do Tribunal Regional Eleitoral do Ceará, no uso de suas atribuições legais, considerando os termos do acórdão exarado pelo Supremo Tribunal Federal nos autos do Recurso Extraordinário n.º 638.115/CE, bem como a decisão proferida nos autos do Procedimento Administrativo Digital n.º 15.202/2020 (doc. PAD n.º 186.545/2021), resolve:</p><p>Excluir da fundamentação legal do Ato n.º 07/2020, publicado no DOU n.º 142, de 27/07/2020, seção 2, página 89, e no DJE n.º 137, de 27/07/2020, páginas 4 e 5, que concedeu aposentadoria ao servidor Bento Pereira de Queiroz, a vantagem correspondente a 5/5 (cinco quintos) de FC 5, transformados em Vantagem Pessoal Nominalmente Identificada (VPNI), nos termos do artigo 15 da Lei n.º 9.527/1997.</p><p>Conceder ao servidor: a) 1/5 (um quinto) de FC-4 e 4/5 (quatro quintos) de FC-5, transformados em Vantagem Pessoal Nominalmente Identificada (VPNI) nos moldes do art. 15, § 1º, da Lei n.º 9.527/1997, conforme detalhamento constante do doc. PAD n.º 142.399/2022; b) parcela compensatória correspondente à diferença entre 1/5 (um quinto) de FC-5 e 1/5 (um quinto) de FC-4, consoante tabela inserida no documento PAD n.º 142.405/2022, a ser absorvida por quaisquer reajustes futuros concedidos aos servidores do TRE/CE.</p><p class="assina">Des. INACIO DE ALENCAR CORTEZ NETO</p>]]></Texto>
  </body>
  <Midias />
</article></xml>