﻿<xml><article id="30079751" name="Port 76 a 85" idOficio="9348496" pubName="DO2" artType="Portaria" pubDate="13/01/2023" artClass="00018:00117:00001:00000:00000:00000:00000:00000:00000:00000:00013:00001" artCategory="Ministério da Educação/Universidade Federal de Santa Catarina/Gabinete do Reitor" artSize="12" artNotes="" numberPage="32" pdfPage="http://pesquisa.in.gov.br/imprensa/jsp/visualiza/index.jsp?data=13/01/2023&amp;jornal=529&amp;pagina=32" editionNumber="10" highlightType="" highlightPriority="" highlight="" highlightimage="" highlightimagename="" idMateria="20252360">
  <body>
    <Identifica><![CDATA[ PORTARIAS DE 11 DE JANEIRO DE 2023]]></Identifica>
    <Data><![CDATA[]]></Data>
    <Ementa />
    <Titulo />
    <SubTitulo />
    <Texto><![CDATA[<p class="identifica">PORTARIAS DE 11 DE JANEIRO DE 2023</p><p>A REITORA EM EXERCÍCIO DA UNIVERSIDADE FEDERAL DE SANTA CATARINA, no uso de suas atribuições, resolve:</p><p>Nº 76 - Art. 1º Dispensar, a partir de 16 de Janeiro de 2023, JOÃO LUCAS DE SIQUEIRA ROSA, ASSISTENTE EM ADMINISTRAÇÃO, SIAPE nº 3219383, do exercício da função de Chefe do Serviço de Expediente - SE/ACL/CCS, código FG4, para a qual foi designado pela Portaria nº 194/2021/GR, de 02 de Fevereiro de 2021.</p><p>Art. 2º Esta portaria entra em vigor na data de sua publicação no Diário Oficial da União.(Ref. Sol. 574/2023)</p><p>Nº 77 - Art. 1º Designar, a partir de 16 de Janeiro de 2023, JAMES DIVINO SANTOS DA COSTA, ASSISTENTE EM ADMINISTRAÇÃO, SIAPE nº 1862941, para exercer a função de Chefe do Serviço de Expediente - SE/ACL/CCS.</p><p>Art. 2º Atribuir ao servidor a função gratificada FG4, integrante do Quadro Distributivo de Cargos de Direção e Funções Gratificadas.(Ref. Sol. 574/2023)</p><p>Nº 82 - Dispensar, a pedido, a partir de 06 de Fevereiro de 2023, Diego Rosa Ossanes, ASSISTENTE EM ADMINISTRAÇÃO, SIAPE nº 1995932, do exercício da função de Pregoeiro do Departamento de Licitações - DPL/PROAD, código FG2, para a qual foi designado pela Portaria nº 638/2013/GR, de 23 de Abril de 2013.(Ref. Sol. 857/2023)</p><p>Nº 83 - Art. 1º Dispensar, a partir de 30 de Janeiro de 2023, ERIK PERSSON SOUZA, ADMINISTRADOR, SIAPE nº 2968652, do exercício da função de Pregoeiro do Departamento de Licitação - DPL/PROAD, código FG2, para a qual foi designado pela Portaria nº 2024/2022/GR de 28 de Setembro de 2022.</p><p>Art. 2º Esta portaria entra em vigor na data de sua publicação no Diário Oficial da União.(Ref. Sol. 882/2023)</p><p>Nº 84 - Art. 1º Designar, a partir de 30 de Janeiro de 2023, ANDERSON WILFRIED DORNBUSCH, ADMINISTRADOR, SIAPE nº 1345100, para exercer a função de Pregoeiro do Departamento de Licitação - DPL/PROAD.</p><p>Art. 2º Atribuir ao servidor a função gratificada FG2, integrante do Quadro Distributivo de Cargos de Direção e Funções Gratificadas.(Ref. Sol. 882/2023)</p><p>Nº 85 - Art. 1º Designar, a partir de 06 de Fevereiro de 2023, ERIK PERSSON SOUZA, ADMINISTRADOR, SIAPE nº 2968652, para exercer a função de Pregoeiro do Departamento de Licitação - DPL/PROAD.</p><p>Art. 2º Atribuir ao servidor a função gratificada FG2, integrante do Quadro Distributivo de Cargos de Direção e Funções Gratificadas.(Ref. Sol. 857/2023)</p><p class="assina">DILCEANE CARRARO</p>]]></Texto>
  </body>
  <Midias />
</article></xml>