﻿<xml><article id="30088567" name="ATO PORTARIA DGP-21.233-JORGE CA" idOficio="9350107" pubName="DO2" artType="Portaria" pubDate="13/01/2023" artClass="00020:00028:00015:00005:00001:00000:00000:00000:00000:00000:00017:00002" artCategory="Ministério da Justiça e Segurança Pública/Polícia Federal/Diretoria de Gestão de Pessoal/Coordenação-Geral de Recursos Humanos/Divisão de Administração de Recursos Humanos/Serviço de Cadastro" artSize="12" artNotes="" numberPage="39" pdfPage="http://pesquisa.in.gov.br/imprensa/jsp/visualiza/index.jsp?data=13/01/2023&amp;jornal=529&amp;pagina=39" editionNumber="10" highlightType="" highlightPriority="" highlight="" highlightimage="" highlightimagename="" idMateria="20254370">
  <body>
    <Identifica><![CDATA[ PORTARIA DGP/PF Nº 21.233, DE 12 DE JANEIRO DE 2023]]></Identifica>
    <Data><![CDATA[]]></Data>
    <Ementa />
    <Titulo />
    <SubTitulo />
    <Texto><![CDATA[<p class="identifica">PORTARIA DGP/PF Nº 21.233, DE 12 DE JANEIRO DE 2023</p><p>O DIRETOR DE GESTÃO DE PESSOAL DA POLÍCIA FEDERAL SUBSTITUTO, no uso das atribuições que lhe são conferidas pelos incisos XIV e XIX do art. 43 do Regimento Interno da Polícia Federal, aprovado pela Portaria MSP nº 155, de 27/09/2018, publicada no Diário Oficial da União nº 200, de 17/10/2018, e tendo em vista o que consta do Processo nº 08701.002851/2022-15, resolve:</p><p>Conceder aposentadoria especial voluntária, com integralidade e paridade, a JORGE CARDOSO DE CESARO FILHO, ocupante do cargo efetivo de Agente de Policia Federal, Classe Especial, matrículas PF nº 9.782 e SIAPE nº 1366941, do Quadro de Pessoal da Polícia Federal, com fundamento no art. 1º, II, alínea "a", da Lei Complementar nº 51/1985, com redação dada pela Lei Complementar nº 144/2014, aplicando-se ao critério de reajuste o disposto no art. 38 da Lei 4.878/1965, combinados com o art. 5º, caput, da Emenda Constitucional nº 103/2019 e com o Parecer AGU Nº JL-04, publicado no DOU nº 114-A, de 17/06/2020, declarando, em decorrência, a vacância do cargo.</p><p class="assina">ANTONIO GABRIEL LIMA PUCCI FILHO</p>]]></Texto>
  </body>
  <Midias />
</article></xml>