﻿<xml><article id="30079802" name="Pensao Raimunda Silva" idOficio="9348434" pubName="DO2" artType="Portaria" pubDate="13/01/2023" artClass="00020:00002:00013:00004:00000:00000:00000:00000:00000:00000:00017:00000" artCategory="Ministério da Justiça e Segurança Pública/Secretaria Executiva/Subsecretaria de Administração/Coordenação-Geral de Gestão de Pessoas" artSize="12" artNotes="" numberPage="39" pdfPage="http://pesquisa.in.gov.br/imprensa/jsp/visualiza/index.jsp?data=13/01/2023&amp;jornal=529&amp;pagina=39" editionNumber="10" highlightType="" highlightPriority="" highlight="" highlightimage="" highlightimagename="" idMateria="20252290">
  <body>
    <Identifica><![CDATA[ PORTARIA DE PESSOAL CGGP/SAA/MJSP Nº 8, DE 11 DE JANEIRO DE 2023]]></Identifica>
    <Data><![CDATA[]]></Data>
    <Ementa />
    <Titulo />
    <SubTitulo />
    <Texto><![CDATA[<p class="identifica">PORTARIA DE PESSOAL CGGP/SAA/MJSP Nº 8, DE 11 DE JANEIRO DE 2023</p><p>O COORDENADOR-GERAL DE GESTÃO DE PESSOAS DA SUBSECRETARIA DE ADMINISTRAÇÃO DA SECRETARIA EXECUTIVA DO MINISTÉRIO DA JUSTIÇA E SEGURANÇA PÚBLICA, no uso de suas atribuições subdelegadas pelo inciso XII do art. 4º da Portaria SAA/SE/MJ nº 76, de 25 de novembro de 2021, resolve:</p><p>Art. 1º Conceder, com fundamento nos art. 23 da Emenda Constitucional nº 103, de 12 de novembro de 2019, nos arts. 16, inciso I, 74, inciso I, 77, § 2º, inciso V, alínea "c", item 6, da Lei nº 8.213, de 24 de julho de 1991, e na Portaria ME nº 424, de 29 de dezembro de 2020, pensão civil vitalícia a RAIMUNDA SILVA RIBEIRO DE SOUZA, cônjuge do ex-servidor AMARO RIBEIRO DE SOUZA FILHO, matrícula Siape nº 0160138, no valor de 50% da aposentadoria recebida pelo ex-servidor, no cargo de Agente de Administrativo, Classe S, Padrão NI-III, do Quadro de Pessoal deste Ministério, acrescida de uma cota de 10% (dez por cento) por dependente, totalizando 60% (sessenta por cento) dos proventos.</p><p>Art. 2º Esse benefício tem efeito financeiro a partir de 03 de dezembro de 2022, data de falecimento do ex-servidor (Processo nº 08007.005054/2022-27).</p><p class="assina">JOSÉ DE ALBUQUERQUE NOGUEIRA FILHO</p>]]></Texto>
  </body>
  <Midias />
</article></xml>