﻿<xml><article id="30089381" name="PORTARIA DIGER-CENSIPAM-SG-MD NA" idOficio="9350213" pubName="DO2" artType="Portaria" pubDate="13/01/2023" artClass="00013:00009:00000:00000:00000:00000:00000:00000:00000:00000:00017:00000" artCategory="Ministério da Defesa/Centro Gestor e Operacional do Sistema de Proteção da Amazônia" artSize="12" artNotes="" numberPage="6" pdfPage="http://pesquisa.in.gov.br/imprensa/jsp/visualiza/index.jsp?data=13/01/2023&amp;jornal=529&amp;pagina=6" editionNumber="10" highlightType="" highlightPriority="" highlight="" highlightimage="" highlightimagename="" idMateria="20254518">
  <body>
    <Identifica><![CDATA[ PORTARIA DIGER/CENSIPAM/SG-MD  Nº  199, DE 12 DE JANEIRO DE 2023]]></Identifica>
    <Data><![CDATA[]]></Data>
    <Ementa />
    <Titulo />
    <SubTitulo />
    <Texto><![CDATA[<p class="identifica">PORTARIA DIGER/CENSIPAM/SG-MD Nº 199, DE 12 DE JANEIRO DE 2023</p><p>O DIRETOR-GERAL DO CENTRO GESTOR E OPERACIONAL DO SISTEMA DE PROTEÇÃO DA AMAZÔNIA, DO MINISTÉRIO DA DEFESA, SUBSTITUTO, no uso da competência que lhe foi subdelegada pela Portaria nº 671/DIGER/CENSIPAM/SG-MD, de 09 de fevereiro de 2021, considerando o disposto no Decreto nº 10.998, de 15 de março de 2022 e na Portaria/GM-MD nº 3.939, de 19 de julho de 2022, e tendo em vista o que consta do Processo Administrativo nº 60091.000296/2022-32, resolve:</p><p>NOMEAR, O Cel Inf ANDRÉ LUIZ GRENTESKI, para o Cargo de Assessor Militar, Grupo 0002 (B), da Coordenação Operacional do Centro Regional de Manaus, deste Centro Gestor, a contar de 16 de janeiro de 2023.</p><p class="assina">SÉRGIO NATHAN MARINHO GOLDSTEIN</p>]]></Texto>
  </body>
  <Midias />
</article></xml>