﻿<xml><article id="30086300" name="PUBLICAAAO DOU - ATO PRESI 278" idOficio="9349583" pubName="DO2" artType="Ato" pubDate="13/01/2023" artClass="00047:00012:00000:00000:00000:00000:00000:00000:00000:00000:00001:00000" artCategory="Poder Judiciário/Tribunal Regional Federal da 6ª Região" artSize="12" artNotes="ok" numberPage="51" pdfPage="http://pesquisa.in.gov.br/imprensa/jsp/visualiza/index.jsp?data=13/01/2023&amp;jornal=529&amp;pagina=51" editionNumber="10" highlightType="" highlightPriority="" highlight="" highlightimage="" highlightimagename="" idMateria="20253701">
  <body>
    <Identifica><![CDATA[ ATO PRESI Nº 278, DE 11 DE JANEIRO DE 2023]]></Identifica>
    <Data><![CDATA[]]></Data>
    <Ementa />
    <Titulo />
    <SubTitulo />
    <Texto><![CDATA[<p class="identifica">ATO PRESI Nº 278, DE 11 DE JANEIRO DE 2023</p><p>O PRESIDENTE DO TRIBUNAL REGIONAL FEDERAL DA 6ª REGIÃO, no uso de suas atribuições legais e regimentais e tendo em vista o constante nos autos do PAe 0007950-41.2022.4.06.8001, bem como fundamento na Resolução CNJ n. 742, de 14 de dezembro de 2021 e art. 2º do Provimento COGER nº 01/2022, resolve:</p><p>Designar o Juiz Federal ANDRÉ GONÇALVES DE OLIVEIRA SALCE, Ttitular da 4ª Vara Federal de Execução Fiscal e Extrajudicial da Subseção Judiciária de Belo Horizonte, para exercer a Coordenação dos Juízos de Execução Fiscal da SSJ/BH, no biênio 2022/2024.</p><p class="assina">Des. VALLISNEY DE SOUZA OLIVEIRA</p><p class="cargo">Em exercício</p>]]></Texto>
  </body>
  <Midias />
</article></xml>