﻿<xml><article id="30087300" name="2023.01.12 PORTARIA Reitor em ex" idOficio="9349848" pubName="DO2" artType="Portaria" pubDate="13/01/2023" artClass="00018:00109:00000:00000:00000:00000:00000:00000:00000:00000:00017:00002" artCategory="Ministério da Educação/Universidade Federal do Rio Grande do Norte" artSize="12" artNotes="" numberPage="30" pdfPage="http://pesquisa.in.gov.br/imprensa/jsp/visualiza/index.jsp?data=13/01/2023&amp;jornal=529&amp;pagina=30" editionNumber="10" highlightType="" highlightPriority="" highlight="" highlightimage="" highlightimagename="" idMateria="20254034">
  <body>
    <Identifica><![CDATA[ PORTARIA Nº 57, DE 12 DE JANEIRO DE 2023]]></Identifica>
    <Data><![CDATA[]]></Data>
    <Ementa />
    <Titulo />
    <SubTitulo />
    <Texto><![CDATA[<p class="identifica">PORTARIA Nº 57, DE 12 DE JANEIRO DE 2023</p><p>O REITOR EM EXERCÍCIO DA UNIVERSIDADE FEDERAL DO RIO GRANDE DO NORTE, no uso das atribuições inerentes ao cargo e da delegação de competência que lhe concede a Portaria MEC nº 404, de 23.04.2009, resolve:</p><p>Autorizar o afastamento do país de CIBELLE AMORIM MARTINS, matrícula n.º 2315340, Professora Adjunta do Departamento de Práticas Educacionais e Currículo - CE, para realizar Estágio Pós-Doutoral na Universidade da República do Uruguai, na cidade de Montevidéu, no Uruguai, no período de 01.03.2023 a 28.02.2024, inclusive trânsito, com ônus limitado, conforme processo n.º 23077.154758/2022-92.</p><p class="assina">HENIO FERREIRA DE MIRANDA</p>]]></Texto>
  </body>
  <Midias />
</article></xml>