﻿<xml><article id="30092132" name="ATO PORTARIA N 156" idOficio="9350654" pubName="DO2" artType="Portaria" pubDate="13/01/2023" artClass="00018:00057:00001:00000:00000:00000:00000:00000:00000:00000:00017:00000" artCategory="Ministério da Educação/Instituto Federal de Educação, Ciência e Tecnologia do Maranhão/Reitoria" artSize="12" artNotes="" numberPage="21" pdfPage="http://pesquisa.in.gov.br/imprensa/jsp/visualiza/index.jsp?data=13/01/2023&amp;jornal=529&amp;pagina=21" editionNumber="10" highlightType="" highlightPriority="" highlight="" highlightimage="" highlightimagename="" idMateria="20255219">
  <body>
    <Identifica><![CDATA[ PORTARIA Nº  156, DE 12 DE JANEIRO DE 2023]]></Identifica>
    <Data><![CDATA[]]></Data>
    <Ementa />
    <Titulo />
    <SubTitulo />
    <Texto><![CDATA[<p class="identifica">PORTARIA Nº 156, DE 12 DE JANEIRO DE 2023</p><p>O(A) DIRETOR(A) EXECUTIVO NO EXERCÍCIO DA REITORIA DO INSTITUTO FEDERAL DE EDUCAÇÃO, CIÊNCIA E TECNOLOGIA DO MARANHÃO, designado pela Portaria nº 1.903 de 26 de abril de 2022, no uso de suas obrigações legais; e, Considerando o que estabelece o art. 38, § 2º da Lei nº 8.112, de 11 de dezembro de 1990, com a nova redação dada pelo art. 1º da Lei nº 9.527, de 10 de dezembro de 1997; e, Considerando a solicitação constante no Ofício Circular nº 7/2021 - GAB-REIT/REITORIA/IFMA, Portaria nº. e o constante no processo nº. 23249.010297/2023-17, resolve:</p><p>1.DESIGNAR os (as) servidores (as), abaixo relacionados (as), como substitutos (as) da (o) Coordenadoria de Obras e Serviços de Engenharia, Código: FG-01, para que assumam a respectiva função durante os afastamentos e impedimentos legais e regulamentares do titular.</p><p /><p></p><table><tr /><tr><td rowspan="1" colspan="1"><p>NOME<strong></strong>DO<strong></strong>TITULAR</p></td><td rowspan="1" colspan="1"><p>CARGO/FUNÇÃO</p></td><td rowspan="1" colspan="1"><p>SUBSTITUTO</p></td><td rowspan="1" colspan="1"><p>SIAPE</p></td></tr><tr><td rowspan="1" colspan="1"><p>Kleyton Lisboa da Cruz</p></td><td rowspan="1" colspan="1"><p>Coordenador da Coordenadoria de Obras e Serviços de Engenharia (FG-01)</p></td><td rowspan="1" colspan="1"><p>Washington Luis Lima Pereira</p></td><td rowspan="1" colspan="1"><p>2327809</p></td></tr><tr><td rowspan="1" colspan="1" /><td rowspan="1" colspan="1" /><td rowspan="1" colspan="1"><p>Erik Renan Soares Fernandes</p></td><td rowspan="1" colspan="1"><p>1936509</p></td></tr><tr><td rowspan="1" colspan="1" /><td rowspan="1" colspan="1" /><td rowspan="1" colspan="1"><p>Emmanuelle Cristine Rocha Guimaraes</p></td><td rowspan="1" colspan="1"><p>2163425</p></td></tr></table><p>2.Revogar a Portaria nº. 4.709 de 19 de novembro de 2021.</p><p></p><p class="assina">Gedeon Silva Reis</p>]]></Texto>
  </body>
  <Midias />
</article></xml>