﻿<xml><article id="30079766" name="PORTARIA NA 12 DE 11 DE JANEIRO " idOficio="9348770" pubName="DO2" artType="Portaria" pubDate="13/01/2023" artClass="00018:00090:00000:00000:00000:00000:00000:00000:00000:00000:00017:00012" artCategory="Ministério da Educação/Universidade Federal do Delta do Parnaíba" artSize="12" artNotes="" numberPage="28" pdfPage="http://pesquisa.in.gov.br/imprensa/jsp/visualiza/index.jsp?data=13/01/2023&amp;jornal=529&amp;pagina=28" editionNumber="10" highlightType="" highlightPriority="" highlight="" highlightimage="" highlightimagename="" idMateria="20252699">
  <body>
    <Identifica><![CDATA[ PORTARIA Nº 12, DE 11 DE JANEIRO DE 2023]]></Identifica>
    <Data><![CDATA[]]></Data>
    <Ementa />
    <Titulo />
    <SubTitulo />
    <Texto><![CDATA[<p class="identifica">PORTARIA Nº 12, DE 11 DE JANEIRO DE 2023</p><p>O REITOR DA UNIVERSIDADE FEDERAL DO DELTA DO PARNAÍBA - UFDPar, nomeado pela Portaria nº 2.120, de 10 de dezembro de 2019, do Ministério da Educação - MEC, no uso de suas atribuições legais, considerando o Processo nº 23855.001149/2022-25, resolve:</p><p>Art. 1º Designar os servidores abaixo relacionados como Agente de contratação e Equipe de apoio, por prazo indeterminado, permitida a revogação da designação a qualquer tempo, da forma como segue:</p><p>I) AGENTES DE CONTRATAÇÃO:</p><p>Natanael Lima Ribeiro de Sousa, SIAPE: 2257736;</p><p>Raphaela da Mota Silva, SIAPE: 2182975;</p><p>Layzianna Maria Santos Lima Soares, SIAPE: 1655008; e</p><p>Ricardo José Ferry Sampaio, SIAPE: 3304972.</p><p>II) EQUIPE DE APOIO:</p><p>Roberta Rozimeire Barsanulfo De Freitas Viana, SIAPE: 1456904</p><p>Dalilian Carla Soares de Alencar Trindade, SIAPE: 2160387</p><p>Natanael Lima Ribeiro de Sousa, SIAPE: 2257736</p><p>Raphaela da Mota Silva, SIAPE: 2182975</p><p>Layzianna Maria Santos Lima Soares, SIAPE: 1655008</p><p>Ricardo José Ferry Sampaio, SIAPE: 3304972</p><p>Art. 2º Esta Portaria entra em vigor na data de sua publicação.</p><p class="assina">Alexandro Marinho Oliveira</p><p></p>]]></Texto>
  </body>
  <Midias />
</article></xml>