﻿<xml><article id="30079559" name="Afasta FABIANO BISINELLA SCHEUFE" idOficio="9348544" pubName="DO2" artType="Despacho" pubDate="13/01/2023" artClass="00018:00125:00000:00000:00000:00000:00000:00000:00000:00000:00013:00000" artCategory="Ministério da Educação/Universidade Tecnológica Federal do Paraná" artSize="12" artNotes="" numberPage="34" pdfPage="http://pesquisa.in.gov.br/imprensa/jsp/visualiza/index.jsp?data=13/01/2023&amp;jornal=529&amp;pagina=34" editionNumber="10" highlightType="" highlightPriority="" highlight="" highlightimage="" highlightimagename="" idMateria="20252455">
  <body>
    <Identifica><![CDATA[ Despacho]]></Identifica>
    <Data><![CDATA[]]></Data>
    <Ementa />
    <Titulo />
    <SubTitulo />
    <Texto><![CDATA[<p class="identifica">Despacho</p><p>O Reitor da UNIVERSIDADE TECNOLÓGICA FEDERAL DO PARANÁ (UTFPR), no uso da competência que lhe foi subdelegada pela Portaria/MEC n° 204, de 06 de fevereiro de 2020,</p><p>AUTORIZA o afastamento do país, de FABIANO BISINELLA SCHEUFELE, Professor do Magistério Superior, no período de 01/03/2023 a 29/02/2024, para realizar Estágio de Pós-Doutorado, em Engenharia Química na "Leibniz-Institut für Agrartechnik und Bioökonomie e.V.", na cidade de Potsdam, Alemanha, com ônus CAPES (Processo n° 23064.058285/2022-42).</p><p class="assina">MARCOS FLÁVIO DE OLIVEIRA SCHIEFLER FILHO</p>]]></Texto>
  </body>
  <Midias />
</article></xml>