﻿<xml><article id="30079742" name="Mat. JAN 1 - 6" idOficio="9347570" pubName="DO2" artType="Portaria" pubDate="13/01/2023" artClass="00013:00012:00008:00044:00006:00000:00000:00000:00000:00000:00017:00002" artCategory="Ministério da Defesa/Comando da Marinha/Comando de Operações Navais/5º Distrito Naval/Centro de Intendência da Marinha em Rio Grande" artSize="12" artNotes="" numberPage="7" pdfPage="http://pesquisa.in.gov.br/imprensa/jsp/visualiza/index.jsp?data=13/01/2023&amp;jornal=529&amp;pagina=7" editionNumber="10" highlightType="" highlightPriority="" highlight="" highlightimage="" highlightimagename="" idMateria="20251134">
  <body>
    <Identifica><![CDATA[ PORTARIA Nº 6/Com5°DN, DE 5 DE JANEIRO DE 2023]]></Identifica>
    <Data><![CDATA[]]></Data>
    <Ementa />
    <Titulo />
    <SubTitulo />
    <Texto><![CDATA[<p></p><p class="identifica">PORTARIA Nº 6/Com5°DN, DE 5 DE JANEIRO DE 2023</p><p>O COMANDANTE DO 5º DISTRITO NAVAL, no uso de suas atribuições e tendo em vista o previsto no art. 3º, § 1º, alínea b, inciso III da Lei nº 6.880/1980 e o contido nas Normas sobre Tarefa por Tempo Certo e Designação para o Serviço Ativo (DGPM-314 - 6ª Revisão), resolve:</p><p>Art. 1º Contratar o SO-RM1-AV-SV 86.5831.74 PAULO ROBERTO MARTINS JUNIOR para prestar a Tarefa por Tempo Certo de Encarregado da Subseção de Divulgação e Avaliação, NEO 02.3.0.16, na área de Administração, neste Comando, sob o regime de quarenta horas de trabalho semanais, no período de 9 de janeiro de 2023 a 8 de janeiro de 2025.</p><p>Art. 2° Esta Portaria entra em vigor na presente data.</p><p class="assina">Vice-Almirante SÍLVIO LUÍS DOS SANTOS</p><p></p>]]></Texto>
  </body>
  <Midias />
</article></xml>