﻿<xml><article id="30087414" name="Portaria . de 12.01.2023 PensAo " idOficio="9349874" pubName="DO2" artType="Portaria" pubDate="13/01/2023" artClass="00018:00115:00001:00000:00000:00000:00000:00000:00000:00000:00017:00000" artCategory="Ministério da Educação/Universidade Federal Rural do Rio de Janeiro/Reitoria" artSize="12" artNotes="" numberPage="32" pdfPage="http://pesquisa.in.gov.br/imprensa/jsp/visualiza/index.jsp?data=13/01/2023&amp;jornal=529&amp;pagina=32" editionNumber="10" highlightType="" highlightPriority="" highlight="" highlightimage="" highlightimagename="" idMateria="20254066">
  <body>
    <Identifica><![CDATA[ PORTARIAS DE 12 DE JANEIRO DE 2023]]></Identifica>
    <Data><![CDATA[]]></Data>
    <Ementa />
    <Titulo />
    <SubTitulo />
    <Texto><![CDATA[<p class="identifica">PORTARIAS DE 12 DE JANEIRO DE 2023</p><p>O VICE REITOR NO EXERCÍCIO DA REITORIA DA UNIVERSIDADE FEDERAL RURAL DO RIO DE JANEIRO, no uso das atribuições que lhe confere o Artigo 8º, parágrafo 1º, do Regimento Geral desta Universidade, resolve:</p><p>Nº 162- I - Conceder pensão à ANA CRISTINA DOS SANTOS MATOS, na qualidade de cônjuge do ex-servidor MAURICIO LEMOS MATOS, ocupante do cargo de Técnico em Química, matrícula SIAPE 0386173, do quadro de pessoal desta Universidade Federal Rural do Rio de Janeiro, falecido aposentado, em 19.12.2022, com fundamento no inciso I do art. 3º da Portaria SGP/SEDGG/ME Nº 4645, de 24 de maio de 2022, c/c o art. 217 da Lei nº 8.112, de 11 de dezembro de 1990, e art. 23 da Emenda Constitucional nº 103, de 12 de novembro de 2019.</p><p>II - Os efeitos desta Portaria entram em vigor em 19.12.2022.</p><p>Processo nº 23083.077602/2022-00,</p><p>Nº 163- I - Conceder pensão do ex-servidor IRINEU DE CASTRO, ocupante do cargo de Auxiliar em Administração, matrícula SiIAPE 0439140, do quadro de pessoal desta Universidade Federal Rural do Rio de Janeiro, falecido aposentado, em 12.10.2022, ao cônjuge SEBASTIANA APARECIDA DE CASTRO, com fundamento no inciso I do art. 3º da Portaria SGP/SEDGG/ME Nº 4645, de 24 de maio de 2022, c/c o art. 217 da Lei nº 8.112, de 11 de dezembro de 1990, e art. 23 da Emenda Constitucional nº 103, de 12 de novembro de 2019; e ao filho JOÃO MATHEUS ALVES NASCIMENTO DE CASTRO com fundamento no inciso VI, alínea "a", do art. 3º da Portaria SGP/SEDGG/ME Nº 4645, de 24 de maio de 2022, c/c o art. 217 da Lei nº 8.112, de 11 de dezembro de 1990, e art. 23 da Emenda Constitucional nº 103, de 12 de novembro de 2019.</p><p>II - Os efeitos desta Portaria entram em vigor em 12.10.2022</p><p>Processo nº 23083.070937/2022-99,</p><p>Nº 164- I - Designar o servidor GILVAN LUNZ DEBONA, Professor do Magistério Superior, matrícula SIAPE nº 2383257, para exercer a função de Chefe do Departamento de Arquitetura e Urbanismo do Instituto de Tecnologia, com mandato de 2 (dois) anos, FG-0001.</p><p>II - Esta Portaria terá vigência a partir da data de sua publicação em D.O.U.</p><p>Processo n° 23083.065067/2022-36,</p><p class="assina">CESAR AUGUSTO DA ROS</p>]]></Texto>
  </body>
  <Midias />
</article></xml>